SEQN,RIDAGEYR,RIAGENDR,LBXSAL,LBXSATSI,LBXSGTSI,ALT_UL,Liver_Risk_Score,AST_ALT_Ratio
109264.0,13.0,2.0,4.3,8.0,12.0,258.0,1,0.031007751937984496
109266.0,29.0,2.0,3.8,15.0,8.0,228.0,1,0.06578947368421052
109271.0,49.0,1.0,3.8,8.0,12.0,228.0,1,0.03508771929824561
109273.0,36.0,1.0,4.6,35.0,19.0,276.0,1,0.12681159420289856
109274.0,68.0,1.0,4.0,19.0,16.0,240.0,1,0.07916666666666666
109277.0,12.0,2.0,4.3,11.0,11.0,258.0,1,0.04263565891472868
109279.0,17.0,2.0,4.4,9.0,13.0,264.0,1,0.03409090909090909
109282.0,76.0,1.0,4.3,17.0,24.0,258.0,1,0.06589147286821706
109284.0,44.0,2.0,3.5,16.0,19.0,210.0,1,0.0761904761904762
109286.0,33.0,2.0,2.8,10.0,4.0,168.0,1,0.05952380952380952
109290.0,68.0,2.0,4.9,19.0,30.0,294.0,1,0.06462585034013606
109291.0,42.0,2.0,3.9,11.0,37.0,234.0,1,0.04700854700854701
109292.0,58.0,1.0,3.9,21.0,34.0,234.0,1,0.08974358974358974
109293.0,44.0,1.0,4.4,19.0,24.0,264.0,1,0.07196969696969698
109295.0,54.0,2.0,3.8,14.0,14.0,228.0,1,0.06140350877192982
109297.0,30.0,2.0,4.3,17.0,64.0,258.0,2,0.06589147286821706
109298.0,68.0,1.0,4.0,22.0,110.0,240.0,2,0.09166666666666666
109300.0,54.0,2.0,4.2,32.0,74.0,252.0,2,0.12698412698412698
109303.0,18.0,1.0,4.5,13.0,11.0,270.0,1,0.04814814814814815
109307.0,47.0,1.0,4.0,14.0,32.0,240.0,1,0.058333333333333334
109312.0,48.0,2.0,4.2,18.0,18.0,252.0,1,0.07142857142857142
109313.0,63.0,1.0,3.9,24.0,79.0,234.0,2,0.10256410256410256
109315.0,30.0,2.0,4.2,18.0,32.0,252.0,1,0.07142857142857142
109316.0,62.0,2.0,3.7,9.0,12.0,222.0,1,0.04054054054054054
109317.0,28.0,2.0,4.0,9.0,11.0,240.0,1,0.0375
109319.0,22.0,1.0,4.1,21.0,31.0,245.99999999999997,1,0.08536585365853659
109321.0,19.0,2.0,3.5,10.0,11.0,210.0,1,0.047619047619047616
109322.0,45.0,2.0,3.7,13.0,21.0,222.0,1,0.05855855855855856
109323.0,22.0,1.0,3.8,25.0,21.0,228.0,1,0.10964912280701754
109324.0,49.0,2.0,4.0,8.0,11.0,240.0,1,0.03333333333333333
109326.0,44.0,2.0,4.1,9.0,10.0,245.99999999999997,1,0.03658536585365854
109327.0,58.0,2.0,4.3,48.0,42.0,258.0,2,0.18604651162790697
109330.0,76.0,1.0,4.1,26.0,37.0,245.99999999999997,1,0.10569105691056911
109331.0,19.0,2.0,3.9,11.0,11.0,234.0,1,0.04700854700854701
109332.0,33.0,1.0,4.0,16.0,10.0,240.0,1,0.06666666666666667
109333.0,41.0,2.0,4.3,14.0,8.0,258.0,1,0.05426356589147287
109334.0,54.0,2.0,4.3,13.0,16.0,258.0,1,0.050387596899224806
109335.0,55.0,2.0,3.6,32.0,224.0,216.0,2,0.14814814814814814
109336.0,35.0,1.0,4.3,40.0,23.0,258.0,1,0.15503875968992248
109337.0,48.0,2.0,3.6,18.0,45.0,216.0,1,0.08333333333333333
109340.0,44.0,1.0,3.7,70.0,42.0,222.0,2,0.3153153153153153
109342.0,43.0,2.0,4.1,9.0,20.0,245.99999999999997,1,0.03658536585365854
109348.0,63.0,2.0,4.6,12.0,26.0,276.0,1,0.043478260869565216
109349.0,47.0,2.0,3.9,22.0,30.0,234.0,1,0.09401709401709402
109350.0,59.0,1.0,4.3,16.0,43.0,258.0,1,0.06201550387596899
109351.0,58.0,1.0,4.3,25.0,37.0,258.0,1,0.09689922480620156
109360.0,14.0,2.0,4.8,10.0,14.0,288.0,1,0.034722222222222224
109361.0,17.0,1.0,4.3,18.0,15.0,258.0,1,0.06976744186046512
109365.0,49.0,2.0,3.7,10.0,10.0,222.0,1,0.04504504504504504
109367.0,80.0,1.0,4.1,15.0,18.0,245.99999999999997,1,0.06097560975609757
109369.0,80.0,2.0,4.0,16.0,18.0,240.0,1,0.06666666666666667
109371.0,62.0,1.0,3.8,25.0,41.0,228.0,1,0.10964912280701754
109372.0,13.0,2.0,4.2,18.0,11.0,252.0,1,0.07142857142857142
109373.0,30.0,2.0,3.4,8.0,21.0,204.0,1,0.0392156862745098
109376.0,23.0,1.0,4.4,19.0,18.0,264.0,1,0.07196969696969698
109377.0,41.0,1.0,4.3,32.0,70.0,258.0,2,0.12403100775193798
109378.0,36.0,1.0,4.4,42.0,19.0,264.0,2,0.1590909090909091
109379.0,66.0,2.0,3.9,8.0,13.0,234.0,1,0.03418803418803419
109380.0,15.0,1.0,4.2,16.0,14.0,252.0,1,0.06349206349206349
109381.0,13.0,1.0,4.7,11.0,12.0,282.0,1,0.03900709219858156
109382.0,70.0,2.0,3.8,20.0,25.0,228.0,1,0.08771929824561403
109384.0,13.0,2.0,4.5,11.0,10.0,270.0,1,0.040740740740740744
109387.0,17.0,2.0,4.1,12.0,11.0,245.99999999999997,1,0.04878048780487806
109389.0,56.0,1.0,4.3,25.0,54.0,258.0,2,0.09689922480620156
109390.0,44.0,2.0,3.7,9.0,17.0,222.0,1,0.04054054054054054
109391.0,56.0,2.0,4.1,46.0,47.0,245.99999999999997,2,0.1869918699186992
109392.0,79.0,1.0,4.0,10.0,20.0,240.0,1,0.041666666666666664
109393.0,76.0,1.0,3.1,15.0,20.0,186.0,1,0.08064516129032258
109394.0,29.0,2.0,3.6,10.0,33.0,216.0,1,0.046296296296296294
109395.0,56.0,1.0,4.3,27.0,22.0,258.0,1,0.10465116279069768
109396.0,37.0,2.0,4.2,15.0,12.0,252.0,1,0.05952380952380952
109397.0,47.0,2.0,4.4,26.0,24.0,264.0,1,0.09848484848484848
109398.0,16.0,2.0,4.1,14.0,14.0,245.99999999999997,1,0.05691056910569106
109399.0,15.0,2.0,4.4,13.0,9.0,264.0,1,0.04924242424242424
109403.0,30.0,1.0,4.4,9.0,16.0,264.0,1,0.03409090909090909
109404.0,23.0,2.0,4.1,19.0,18.0,245.99999999999997,1,0.07723577235772358
109405.0,32.0,2.0,4.3,17.0,15.0,258.0,1,0.06589147286821706
109408.0,51.0,1.0,3.5,18.0,56.0,210.0,2,0.08571428571428572
109411.0,55.0,2.0,4.3,17.0,55.0,258.0,2,0.06589147286821706
109413.0,59.0,2.0,4.2,45.0,42.0,252.0,2,0.17857142857142858
109414.0,62.0,2.0,3.7,34.0,77.0,222.0,2,0.15315315315315314
109415.0,61.0,2.0,3.4,36.0,43.0,204.0,1,0.17647058823529413
109416.0,60.0,1.0,3.9,10.0,23.0,234.0,1,0.042735042735042736
109417.0,17.0,1.0,4.3,14.0,8.0,258.0,1,0.05426356589147287
109423.0,28.0,2.0,4.3,13.0,9.0,258.0,1,0.050387596899224806
109426.0,61.0,2.0,4.1,20.0,16.0,245.99999999999997,1,0.0813008130081301
109428.0,80.0,1.0,3.9,10.0,19.0,234.0,1,0.042735042735042736
109429.0,27.0,1.0,3.9,98.0,1192.0,234.0,3,0.4188034188034188
109431.0,45.0,2.0,4.1,25.0,66.0,245.99999999999997,2,0.10162601626016261
109432.0,44.0,2.0,4.4,37.0,22.0,264.0,1,0.14015151515151514
109434.0,15.0,1.0,4.6,10.0,12.0,276.0,1,0.036231884057971016
109435.0,62.0,1.0,3.0,19.0,42.0,180.0,1,0.10555555555555556
109436.0,80.0,1.0,4.7,34.0,36.0,282.0,1,0.12056737588652482
109439.0,59.0,2.0,4.1,19.0,95.0,245.99999999999997,2,0.07723577235772358
109441.0,20.0,2.0,4.3,20.0,15.0,258.0,1,0.07751937984496124
109444.0,21.0,1.0,4.0,10.0,26.0,240.0,1,0.041666666666666664
109446.0,12.0,1.0,4.0,19.0,13.0,240.0,1,0.07916666666666666
109447.0,25.0,2.0,3.9,5.0,10.0,234.0,1,0.021367521367521368
109449.0,13.0,1.0,4.5,10.0,17.0,270.0,1,0.037037037037037035
109450.0,29.0,1.0,4.5,13.0,14.0,270.0,1,0.04814814814814815
109454.0,25.0,2.0,3.8,29.0,19.0,228.0,1,0.12719298245614036
109455.0,40.0,1.0,4.3,26.0,25.0,258.0,1,0.10077519379844961
109456.0,13.0,1.0,4.9,17.0,18.0,294.0,1,0.05782312925170068
109457.0,76.0,1.0,4.1,17.0,21.0,245.99999999999997,1,0.06910569105691057
109458.0,18.0,1.0,4.9,26.0,25.0,294.0,1,0.08843537414965986
109459.0,32.0,1.0,4.2,34.0,26.0,252.0,1,0.1349206349206349
109464.0,30.0,1.0,4.7,20.0,40.0,282.0,1,0.07092198581560284
109465.0,17.0,1.0,4.4,9.0,10.0,264.0,1,0.03409090909090909
109466.0,40.0,1.0,4.3,81.0,90.0,258.0,3,0.313953488372093
109467.0,21.0,1.0,4.4,16.0,11.0,264.0,1,0.06060606060606061
109468.0,60.0,1.0,4.2,16.0,21.0,252.0,1,0.06349206349206349
109471.0,14.0,1.0,4.5,18.0,25.0,270.0,1,0.06666666666666667
109472.0,34.0,1.0,4.1,64.0,40.0,245.99999999999997,2,0.2601626016260163
109473.0,19.0,1.0,4.5,56.0,28.0,270.0,2,0.2074074074074074
109474.0,80.0,2.0,4.2,28.0,26.0,252.0,1,0.1111111111111111
109478.0,27.0,2.0,3.7,10.0,5.0,222.0,1,0.04504504504504504
109479.0,17.0,1.0,5.0,50.0,46.0,300.0,2,0.16666666666666666
109480.0,30.0,1.0,4.1,59.0,57.0,245.99999999999997,3,0.23983739837398377
109481.0,60.0,1.0,3.8,10.0,26.0,228.0,1,0.043859649122807015
109482.0,48.0,2.0,3.4,17.0,7.0,204.0,1,0.08333333333333333
109483.0,76.0,2.0,3.9,11.0,26.0,234.0,1,0.04700854700854701
109485.0,47.0,2.0,3.6,14.0,31.0,216.0,1,0.06481481481481481
109486.0,65.0,1.0,4.3,27.0,21.0,258.0,1,0.10465116279069768
109488.0,40.0,1.0,3.0,19.0,15.0,180.0,1,0.10555555555555556
109495.0,52.0,1.0,4.3,48.0,55.0,258.0,3,0.18604651162790697
109496.0,50.0,1.0,3.6,32.0,40.0,216.0,1,0.14814814814814814
109497.0,48.0,2.0,3.5,11.0,12.0,210.0,1,0.05238095238095238
109499.0,17.0,2.0,4.5,15.0,12.0,270.0,1,0.05555555555555555
109500.0,80.0,2.0,3.5,17.0,48.0,210.0,1,0.08095238095238096
109501.0,45.0,1.0,4.3,51.0,116.0,258.0,3,0.19767441860465115
109502.0,29.0,2.0,4.1,13.0,16.0,245.99999999999997,1,0.052845528455284556
109503.0,71.0,1.0,4.1,36.0,73.0,245.99999999999997,2,0.14634146341463417
109504.0,53.0,1.0,4.4,24.0,67.0,264.0,2,0.09090909090909091
109507.0,16.0,2.0,4.6,13.0,8.0,276.0,1,0.04710144927536232
109508.0,39.0,2.0,3.8,48.0,43.0,228.0,2,0.21052631578947367
109510.0,28.0,1.0,4.3,18.0,25.0,258.0,1,0.06976744186046512
109511.0,13.0,1.0,4.2,14.0,24.0,252.0,1,0.05555555555555555
109512.0,42.0,1.0,3.9,24.0,23.0,234.0,1,0.10256410256410256
109513.0,48.0,2.0,3.9,14.0,13.0,234.0,1,0.05982905982905983
109518.0,25.0,2.0,4.1,12.0,13.0,245.99999999999997,1,0.04878048780487806
109519.0,55.0,1.0,3.5,22.0,37.0,210.0,1,0.10476190476190476
109520.0,80.0,1.0,3.9,11.0,20.0,234.0,1,0.04700854700854701
109524.0,16.0,2.0,4.2,10.0,8.0,252.0,1,0.03968253968253968
109525.0,24.0,1.0,3.7,17.0,14.0,222.0,1,0.07657657657657657
109526.0,31.0,2.0,3.7,12.0,24.0,222.0,1,0.05405405405405406
109527.0,69.0,2.0,3.9,17.0,11.0,234.0,1,0.07264957264957266
109528.0,17.0,1.0,4.3,12.0,26.0,258.0,1,0.046511627906976744
109530.0,49.0,2.0,3.4,18.0,14.0,204.0,1,0.08823529411764706
109531.0,32.0,1.0,4.0,29.0,35.0,240.0,1,0.12083333333333333
109532.0,70.0,1.0,4.0,23.0,12.0,240.0,1,0.09583333333333334
109536.0,48.0,2.0,3.8,13.0,13.0,228.0,1,0.05701754385964912
109538.0,66.0,2.0,4.2,23.0,20.0,252.0,1,0.09126984126984126
109539.0,19.0,2.0,4.0,12.0,13.0,240.0,1,0.05
109541.0,35.0,2.0,3.7,13.0,17.0,222.0,1,0.05855855855855856
109542.0,18.0,2.0,4.1,14.0,12.0,245.99999999999997,1,0.05691056910569106
109544.0,76.0,2.0,3.6,13.0,16.0,216.0,1,0.06018518518518518
109545.0,36.0,2.0,3.6,31.0,28.0,216.0,1,0.14351851851851852
109548.0,25.0,2.0,3.9,18.0,25.0,234.0,1,0.07692307692307693
109549.0,22.0,1.0,4.5,31.0,24.0,270.0,1,0.11481481481481481
109550.0,64.0,2.0,3.8,21.0,10.0,228.0,1,0.09210526315789473
109551.0,65.0,1.0,4.2,6.0,26.0,252.0,1,0.023809523809523808
109552.0,74.0,1.0,3.9,39.0,37.0,234.0,1,0.16666666666666666
109554.0,21.0,1.0,4.3,17.0,15.0,258.0,1,0.06589147286821706
109555.0,22.0,2.0,4.4,12.0,11.0,264.0,1,0.045454545454545456
109556.0,15.0,2.0,4.1,11.0,12.0,245.99999999999997,1,0.04471544715447155
109557.0,17.0,1.0,4.4,12.0,15.0,264.0,1,0.045454545454545456
109558.0,57.0,1.0,3.9,22.0,24.0,234.0,1,0.09401709401709402
109560.0,34.0,1.0,3.6,22.0,12.0,216.0,1,0.10185185185185185
109562.0,80.0,2.0,3.9,20.0,10.0,234.0,1,0.08547008547008547
109564.0,19.0,1.0,4.4,11.0,10.0,264.0,1,0.041666666666666664
109565.0,80.0,1.0,3.6,10.0,14.0,216.0,1,0.046296296296296294
109567.0,49.0,1.0,4.0,13.0,14.0,240.0,1,0.05416666666666667
109568.0,32.0,2.0,3.9,16.0,25.0,234.0,1,0.06837606837606838
109570.0,78.0,2.0,4.1,15.0,16.0,245.99999999999997,1,0.06097560975609757
109571.0,28.0,2.0,3.8,29.0,96.0,228.0,2,0.12719298245614036
109572.0,12.0,2.0,4.7,20.0,16.0,282.0,1,0.07092198581560284
109574.0,55.0,2.0,4.7,77.0,39.0,282.0,2,0.2730496453900709
109577.0,74.0,2.0,3.5,14.0,17.0,210.0,1,0.06666666666666667
109579.0,42.0,2.0,3.8,6.0,10.0,228.0,1,0.02631578947368421
109580.0,39.0,2.0,3.7,9.0,57.0,222.0,2,0.04054054054054054
109581.0,43.0,1.0,4.1,23.0,17.0,245.99999999999997,1,0.0934959349593496
109582.0,14.0,1.0,4.4,14.0,14.0,264.0,1,0.05303030303030303
109585.0,20.0,1.0,4.7,18.0,22.0,282.0,1,0.06382978723404255
109587.0,74.0,2.0,4.0,15.0,45.0,240.0,1,0.0625
109588.0,71.0,1.0,4.2,25.0,17.0,252.0,1,0.0992063492063492
109589.0,13.0,2.0,4.0,9.0,9.0,240.0,1,0.0375
109591.0,68.0,1.0,4.3,20.0,19.0,258.0,1,0.07751937984496124
109592.0,62.0,2.0,3.7,18.0,8.0,222.0,1,0.08108108108108109
109593.0,52.0,1.0,4.0,28.0,30.0,240.0,1,0.11666666666666667
109597.0,70.0,2.0,4.1,15.0,19.0,245.99999999999997,1,0.06097560975609757
109598.0,25.0,1.0,4.5,20.0,17.0,270.0,1,0.07407407407407407
109601.0,30.0,1.0,4.5,23.0,15.0,270.0,1,0.08518518518518518
109602.0,43.0,2.0,4.0,10.0,12.0,240.0,1,0.041666666666666664
109606.0,32.0,2.0,4.1,20.0,69.0,245.99999999999997,2,0.0813008130081301
109607.0,63.0,1.0,4.2,18.0,17.0,252.0,1,0.07142857142857142
109608.0,54.0,2.0,4.5,22.0,43.0,270.0,1,0.08148148148148149
109610.0,78.0,1.0,3.9,13.0,18.0,234.0,1,0.05555555555555555
109611.0,55.0,1.0,3.8,33.0,29.0,228.0,1,0.14473684210526316
109612.0,75.0,1.0,3.8,10.0,26.0,228.0,1,0.043859649122807015
109614.0,80.0,1.0,3.8,24.0,58.0,228.0,2,0.10526315789473684
109615.0,65.0,2.0,4.2,19.0,10.0,252.0,1,0.07539682539682539
109617.0,64.0,1.0,3.8,19.0,34.0,228.0,1,0.08333333333333333
109620.0,59.0,2.0,3.9,36.0,321.0,234.0,2,0.15384615384615385
109623.0,31.0,2.0,4.3,11.0,9.0,258.0,1,0.04263565891472868
109626.0,61.0,1.0,4.0,24.0,21.0,240.0,1,0.1
109628.0,39.0,2.0,3.8,20.0,33.0,228.0,1,0.08771929824561403
109629.0,40.0,1.0,4.3,15.0,23.0,258.0,1,0.05813953488372093
109630.0,56.0,2.0,4.3,24.0,14.0,258.0,1,0.09302325581395349
109632.0,17.0,1.0,4.4,26.0,13.0,264.0,1,0.09848484848484848
109634.0,62.0,2.0,4.1,15.0,11.0,245.99999999999997,1,0.06097560975609757
109635.0,40.0,2.0,4.1,16.0,13.0,245.99999999999997,1,0.06504065040650407
109637.0,46.0,2.0,3.8,13.0,13.0,228.0,1,0.05701754385964912
109638.0,48.0,2.0,3.6,7.0,10.0,216.0,1,0.032407407407407406
109639.0,42.0,2.0,3.8,8.0,15.0,228.0,1,0.03508771929824561
109640.0,50.0,2.0,4.4,17.0,63.0,264.0,2,0.06439393939393939
109641.0,14.0,1.0,4.1,9.0,15.0,245.99999999999997,1,0.03658536585365854
109643.0,80.0,2.0,3.5,19.0,14.0,210.0,1,0.09047619047619047
109644.0,24.0,1.0,4.5,45.0,41.0,270.0,2,0.16666666666666666
109645.0,62.0,2.0,3.7,12.0,21.0,222.0,1,0.05405405405405406
109649.0,80.0,1.0,3.9,9.0,15.0,234.0,1,0.038461538461538464
109652.0,76.0,2.0,4.2,12.0,14.0,252.0,1,0.047619047619047616
109653.0,80.0,2.0,3.9,31.0,25.0,234.0,1,0.13247863247863248
109654.0,18.0,1.0,4.1,21.0,16.0,245.99999999999997,1,0.08536585365853659
109656.0,60.0,2.0,4.2,37.0,14.0,252.0,1,0.14682539682539683
109657.0,33.0,2.0,4.2,13.0,8.0,252.0,1,0.051587301587301584
109662.0,32.0,1.0,3.7,29.0,51.0,222.0,2,0.13063063063063063
109664.0,22.0,1.0,4.1,21.0,26.0,245.99999999999997,1,0.08536585365853659
109665.0,42.0,2.0,4.1,21.0,20.0,245.99999999999997,1,0.08536585365853659
109666.0,70.0,2.0,3.4,8.0,11.0,204.0,1,0.0392156862745098
109667.0,64.0,1.0,4.2,13.0,22.0,252.0,1,0.051587301587301584
109669.0,59.0,1.0,3.7,14.0,18.0,222.0,1,0.06306306306306306
109673.0,34.0,1.0,4.5,14.0,13.0,270.0,1,0.05185185185185185
109675.0,51.0,2.0,3.9,17.0,13.0,234.0,1,0.07264957264957266
109676.0,64.0,2.0,3.9,22.0,13.0,234.0,1,0.09401709401709402
109677.0,76.0,2.0,3.7,11.0,20.0,222.0,1,0.04954954954954955
109678.0,32.0,2.0,4.3,9.0,13.0,258.0,1,0.03488372093023256
109679.0,28.0,1.0,4.5,39.0,13.0,270.0,1,0.14444444444444443
109682.0,17.0,1.0,4.5,10.0,12.0,270.0,1,0.037037037037037035
109685.0,38.0,1.0,4.3,22.0,13.0,258.0,1,0.08527131782945736
109686.0,60.0,1.0,4.3,31.0,24.0,258.0,1,0.12015503875968993
109687.0,37.0,2.0,4.3,11.0,10.0,258.0,1,0.04263565891472868
109689.0,14.0,2.0,4.2,8.0,10.0,252.0,1,0.031746031746031744
109691.0,26.0,2.0,3.6,9.0,15.0,216.0,1,0.041666666666666664
109692.0,16.0,2.0,4.4,27.0,12.0,264.0,1,0.10227272727272728
109693.0,25.0,2.0,4.5,14.0,19.0,270.0,1,0.05185185185185185
109696.0,79.0,2.0,3.9,15.0,12.0,234.0,1,0.0641025641025641
109697.0,35.0,2.0,4.3,18.0,26.0,258.0,1,0.06976744186046512
109698.0,16.0,2.0,4.5,11.0,10.0,270.0,1,0.040740740740740744
109700.0,42.0,2.0,3.7,21.0,67.0,222.0,2,0.0945945945945946
109702.0,15.0,2.0,4.0,8.0,8.0,240.0,1,0.03333333333333333
109703.0,34.0,1.0,4.4,30.0,17.0,264.0,1,0.11363636363636363
109704.0,31.0,1.0,4.6,28.0,33.0,276.0,1,0.10144927536231885
109705.0,38.0,1.0,3.7,22.0,64.0,222.0,2,0.0990990990990991
109706.0,12.0,1.0,4.4,11.0,9.0,264.0,1,0.041666666666666664
109707.0,15.0,2.0,3.7,11.0,13.0,222.0,1,0.04954954954954955
109709.0,52.0,1.0,4.1,19.0,63.0,245.99999999999997,2,0.07723577235772358
109710.0,12.0,1.0,4.2,12.0,11.0,252.0,1,0.047619047619047616
109712.0,46.0,1.0,4.1,15.0,28.0,245.99999999999997,1,0.06097560975609757
109713.0,50.0,2.0,4.1,20.0,13.0,245.99999999999997,1,0.0813008130081301
109714.0,30.0,1.0,4.6,10.0,23.0,276.0,1,0.036231884057971016
109716.0,25.0,2.0,4.3,23.0,23.0,258.0,1,0.08914728682170543
109721.0,50.0,1.0,3.8,40.0,35.0,228.0,1,0.17543859649122806
109723.0,29.0,1.0,4.0,24.0,15.0,240.0,1,0.1
109725.0,62.0,2.0,4.0,15.0,14.0,240.0,1,0.0625
109727.0,42.0,2.0,3.8,12.0,15.0,228.0,1,0.05263157894736842
109728.0,34.0,2.0,3.8,17.0,30.0,228.0,1,0.07456140350877193
109729.0,15.0,2.0,4.0,19.0,15.0,240.0,1,0.07916666666666666
109730.0,29.0,2.0,3.8,8.0,12.0,228.0,1,0.03508771929824561
109731.0,21.0,2.0,4.0,10.0,11.0,240.0,1,0.041666666666666664
109735.0,33.0,1.0,4.3,28.0,141.0,258.0,2,0.10852713178294573
109739.0,80.0,1.0,3.8,11.0,15.0,228.0,1,0.04824561403508772
109740.0,46.0,1.0,4.4,57.0,192.0,264.0,3,0.2159090909090909
109742.0,80.0,1.0,4.4,6.0,23.0,264.0,1,0.022727272727272728
109746.0,47.0,1.0,3.6,19.0,49.0,216.0,2,0.08796296296296297
109747.0,74.0,2.0,3.9,18.0,20.0,234.0,1,0.07692307692307693
109750.0,16.0,1.0,4.7,11.0,14.0,282.0,1,0.03900709219858156
109752.0,14.0,1.0,4.1,13.0,83.0,245.99999999999997,2,0.052845528455284556
109754.0,47.0,2.0,4.1,18.0,13.0,245.99999999999997,1,0.07317073170731708
109758.0,26.0,1.0,3.8,19.0,29.0,228.0,1,0.08333333333333333
109760.0,53.0,1.0,4.6,21.0,20.0,276.0,1,0.07608695652173914
109761.0,19.0,2.0,4.2,11.0,16.0,252.0,1,0.04365079365079365
109763.0,78.0,1.0,3.4,10.0,18.0,204.0,1,0.049019607843137254
109764.0,69.0,1.0,4.3,24.0,32.0,258.0,1,0.09302325581395349
109765.0,51.0,2.0,3.8,14.0,14.0,228.0,1,0.06140350877192982
109768.0,32.0,1.0,4.5,22.0,52.0,270.0,2,0.08148148148148149
109769.0,44.0,1.0,4.4,134.0,141.0,264.0,3,0.5075757575757576
109770.0,47.0,2.0,3.9,22.0,15.0,234.0,1,0.09401709401709402
109771.0,79.0,2.0,4.3,16.0,23.0,258.0,1,0.06201550387596899
109774.0,80.0,2.0,4.3,7.0,32.0,258.0,1,0.027131782945736434
109776.0,80.0,2.0,3.9,11.0,30.0,234.0,1,0.04700854700854701
109777.0,13.0,2.0,4.2,9.0,8.0,252.0,1,0.03571428571428571
109778.0,12.0,2.0,4.0,11.0,8.0,240.0,1,0.04583333333333333
109780.0,66.0,2.0,3.9,11.0,24.0,234.0,1,0.04700854700854701
109781.0,16.0,2.0,4.3,10.0,8.0,258.0,1,0.03875968992248062
109782.0,63.0,2.0,3.7,11.0,9.0,222.0,1,0.04954954954954955
109783.0,61.0,1.0,3.7,18.0,45.0,222.0,1,0.08108108108108109
109785.0,48.0,1.0,3.4,83.0,291.0,204.0,3,0.4068627450980392
109789.0,32.0,2.0,4.4,17.0,18.0,264.0,1,0.06439393939393939
109791.0,28.0,1.0,3.9,13.0,25.0,234.0,1,0.05555555555555555
109793.0,80.0,2.0,4.4,15.0,115.0,264.0,2,0.056818181818181816
109794.0,63.0,1.0,4.2,68.0,60.0,252.0,3,0.2698412698412698
109795.0,13.0,1.0,4.7,21.0,8.0,282.0,1,0.07446808510638298
109800.0,31.0,1.0,3.9,18.0,20.0,234.0,1,0.07692307692307693
109802.0,25.0,1.0,4.3,14.0,11.0,258.0,1,0.05426356589147287
109803.0,56.0,2.0,2.9,16.0,110.0,174.0,2,0.09195402298850575
109804.0,16.0,2.0,4.1,27.0,17.0,245.99999999999997,1,0.10975609756097562
109805.0,43.0,2.0,3.2,7.0,15.0,192.0,1,0.036458333333333336
109806.0,25.0,2.0,3.9,14.0,11.0,234.0,1,0.05982905982905983
109807.0,31.0,1.0,4.3,14.0,12.0,258.0,1,0.05426356589147287
109809.0,20.0,2.0,4.0,10.0,14.0,240.0,1,0.041666666666666664
109810.0,16.0,2.0,4.1,17.0,9.0,245.99999999999997,1,0.06910569105691057
109811.0,52.0,1.0,4.3,23.0,24.0,258.0,1,0.08914728682170543
109812.0,72.0,2.0,3.6,27.0,26.0,216.0,1,0.125
109813.0,32.0,1.0,4.3,30.0,82.0,258.0,2,0.11627906976744186
109814.0,29.0,2.0,4.3,9.0,16.0,258.0,1,0.03488372093023256
109815.0,52.0,2.0,3.9,13.0,16.0,234.0,1,0.05555555555555555
109816.0,55.0,2.0,3.6,16.0,10.0,216.0,1,0.07407407407407407
109817.0,36.0,2.0,4.0,6.0,27.0,240.0,1,0.025
109820.0,29.0,2.0,4.1,10.0,14.0,245.99999999999997,1,0.04065040650406505
109821.0,19.0,1.0,4.3,23.0,18.0,258.0,1,0.08914728682170543
109822.0,16.0,2.0,4.2,10.0,12.0,252.0,1,0.03968253968253968
109825.0,22.0,1.0,4.0,13.0,23.0,240.0,1,0.05416666666666667
109828.0,34.0,1.0,4.5,14.0,12.0,270.0,1,0.05185185185185185
109829.0,13.0,2.0,4.0,12.0,20.0,240.0,1,0.05
109831.0,50.0,1.0,4.3,45.0,102.0,258.0,3,0.1744186046511628
109836.0,30.0,1.0,3.9,66.0,120.0,234.0,3,0.28205128205128205
109839.0,66.0,2.0,3.8,6.0,18.0,228.0,1,0.02631578947368421
109841.0,54.0,2.0,3.1,19.0,17.0,186.0,1,0.10215053763440861
109843.0,35.0,1.0,4.3,35.0,44.0,258.0,1,0.13565891472868216
109844.0,59.0,1.0,3.3,29.0,64.0,198.0,2,0.14646464646464646
109845.0,77.0,2.0,3.8,20.0,14.0,228.0,1,0.08771929824561403
109847.0,15.0,1.0,4.2,28.0,24.0,252.0,1,0.1111111111111111
109848.0,14.0,1.0,3.9,21.0,11.0,234.0,1,0.08974358974358974
109850.0,50.0,2.0,4.1,15.0,19.0,245.99999999999997,1,0.06097560975609757
109852.0,20.0,2.0,3.5,15.0,8.0,210.0,1,0.07142857142857142
109854.0,67.0,1.0,3.9,15.0,12.0,234.0,1,0.0641025641025641
109855.0,29.0,1.0,4.8,19.0,15.0,288.0,1,0.06597222222222222
109857.0,74.0,1.0,4.3,24.0,42.0,258.0,1,0.09302325581395349
109860.0,25.0,2.0,4.4,17.0,30.0,264.0,1,0.06439393939393939
109862.0,41.0,2.0,3.8,12.0,9.0,228.0,1,0.05263157894736842
109863.0,64.0,2.0,4.4,16.0,22.0,264.0,1,0.06060606060606061
109864.0,75.0,2.0,4.0,16.0,12.0,240.0,1,0.06666666666666667
109865.0,33.0,2.0,3.7,15.0,17.0,222.0,1,0.06756756756756757
109866.0,28.0,2.0,4.1,25.0,10.0,245.99999999999997,1,0.10162601626016261
109867.0,55.0,1.0,3.8,10.0,79.0,228.0,2,0.043859649122807015
109868.0,55.0,2.0,3.6,19.0,19.0,216.0,1,0.08796296296296297
109873.0,18.0,2.0,4.0,21.0,21.0,240.0,1,0.0875
109874.0,55.0,1.0,4.6,36.0,73.0,276.0,2,0.13043478260869565
109876.0,80.0,2.0,3.9,13.0,13.0,234.0,1,0.05555555555555555
109877.0,41.0,1.0,4.4,18.0,17.0,264.0,1,0.06818181818181818
109878.0,19.0,1.0,4.6,15.0,12.0,276.0,1,0.05434782608695652
109879.0,60.0,2.0,4.4,14.0,24.0,264.0,1,0.05303030303030303
109880.0,13.0,1.0,4.0,11.0,10.0,240.0,1,0.04583333333333333
109881.0,48.0,1.0,3.9,40.0,79.0,234.0,2,0.17094017094017094
109882.0,14.0,2.0,4.1,11.0,18.0,245.99999999999997,1,0.04471544715447155
109884.0,45.0,2.0,4.3,34.0,8.0,258.0,1,0.13178294573643412
109886.0,64.0,1.0,3.9,14.0,54.0,234.0,2,0.05982905982905983
109887.0,25.0,1.0,4.4,38.0,41.0,264.0,1,0.14393939393939395
109891.0,80.0,2.0,4.0,20.0,14.0,240.0,1,0.08333333333333333
109893.0,20.0,2.0,4.1,11.0,18.0,245.99999999999997,1,0.04471544715447155
109894.0,32.0,2.0,4.1,14.0,14.0,245.99999999999997,1,0.05691056910569106
109895.0,21.0,1.0,4.1,25.0,33.0,245.99999999999997,1,0.10162601626016261
109897.0,80.0,1.0,4.2,11.0,11.0,252.0,1,0.04365079365079365
109898.0,48.0,2.0,3.8,32.0,40.0,228.0,1,0.14035087719298245
109900.0,80.0,2.0,4.0,9.0,12.0,240.0,1,0.0375
109901.0,80.0,1.0,3.7,14.0,48.0,222.0,1,0.06306306306306306
109902.0,75.0,2.0,3.6,23.0,71.0,216.0,2,0.10648148148148148
109903.0,53.0,1.0,4.1,41.0,41.0,245.99999999999997,2,0.16666666666666669
109905.0,52.0,2.0,4.3,56.0,60.0,258.0,3,0.21705426356589147
109908.0,80.0,1.0,4.9,31.0,84.0,294.0,2,0.1054421768707483
109910.0,16.0,1.0,4.4,6.0,18.0,264.0,1,0.022727272727272728
109911.0,13.0,1.0,3.8,7.0,19.0,228.0,1,0.03070175438596491
109913.0,52.0,2.0,4.0,16.0,39.0,240.0,1,0.06666666666666667
109915.0,58.0,1.0,4.3,16.0,15.0,258.0,1,0.06201550387596899
109916.0,25.0,1.0,4.3,28.0,37.0,258.0,1,0.10852713178294573
109917.0,54.0,2.0,4.1,18.0,12.0,245.99999999999997,1,0.07317073170731708
109918.0,66.0,1.0,4.7,32.0,31.0,282.0,1,0.11347517730496454
109919.0,45.0,2.0,4.0,16.0,18.0,240.0,1,0.06666666666666667
109921.0,58.0,2.0,4.1,19.0,11.0,245.99999999999997,1,0.07723577235772358
109922.0,42.0,2.0,4.3,8.0,12.0,258.0,1,0.031007751937984496
109926.0,45.0,2.0,4.0,13.0,23.0,240.0,1,0.05416666666666667
109929.0,13.0,1.0,4.4,14.0,19.0,264.0,1,0.05303030303030303
109930.0,51.0,1.0,4.0,21.0,43.0,240.0,1,0.0875
109931.0,40.0,2.0,3.6,9.0,4.0,216.0,1,0.041666666666666664
109932.0,72.0,1.0,4.5,14.0,26.0,270.0,1,0.05185185185185185
109934.0,35.0,2.0,4.6,13.0,16.0,276.0,1,0.04710144927536232
109937.0,74.0,1.0,3.5,16.0,18.0,210.0,1,0.0761904761904762
109938.0,34.0,2.0,4.4,11.0,23.0,264.0,1,0.041666666666666664
109939.0,37.0,2.0,4.1,10.0,10.0,245.99999999999997,1,0.04065040650406505
109940.0,57.0,2.0,4.2,20.0,68.0,252.0,2,0.07936507936507936
109941.0,57.0,2.0,3.7,29.0,38.0,222.0,1,0.13063063063063063
109942.0,79.0,2.0,4.4,16.0,14.0,264.0,1,0.06060606060606061
109944.0,12.0,2.0,4.1,19.0,17.0,245.99999999999997,1,0.07723577235772358
109945.0,32.0,1.0,4.5,25.0,19.0,270.0,1,0.09259259259259259
109946.0,43.0,2.0,4.0,8.0,9.0,240.0,1,0.03333333333333333
109957.0,64.0,2.0,4.3,19.0,23.0,258.0,1,0.07364341085271318
109959.0,80.0,2.0,3.6,11.0,12.0,216.0,1,0.05092592592592592
109960.0,59.0,1.0,4.3,29.0,12.0,258.0,1,0.1124031007751938
109962.0,76.0,1.0,4.3,12.0,17.0,258.0,1,0.046511627906976744
109963.0,48.0,2.0,3.6,42.0,216.0,216.0,3,0.19444444444444445
109968.0,47.0,1.0,4.2,34.0,19.0,252.0,1,0.1349206349206349
109969.0,48.0,2.0,3.0,11.0,18.0,180.0,1,0.06111111111111111
109971.0,58.0,2.0,4.0,47.0,36.0,240.0,2,0.19583333333333333
109975.0,39.0,2.0,4.0,11.0,12.0,240.0,1,0.04583333333333333
109976.0,58.0,1.0,4.0,20.0,18.0,240.0,1,0.08333333333333333
109977.0,53.0,2.0,3.6,17.0,16.0,216.0,1,0.0787037037037037
109978.0,30.0,2.0,4.4,12.0,15.0,264.0,1,0.045454545454545456
109979.0,31.0,2.0,4.0,13.0,24.0,240.0,1,0.05416666666666667
109980.0,18.0,1.0,4.7,25.0,19.0,282.0,1,0.08865248226950355
109981.0,68.0,2.0,4.0,35.0,62.0,240.0,2,0.14583333333333334
109987.0,59.0,2.0,3.7,14.0,8.0,222.0,1,0.06306306306306306
109990.0,66.0,1.0,3.7,11.0,101.0,222.0,2,0.04954954954954955
109991.0,50.0,1.0,4.0,33.0,21.0,240.0,1,0.1375
109992.0,55.0,1.0,3.7,17.0,17.0,222.0,1,0.07657657657657657
109997.0,27.0,1.0,3.9,78.0,44.0,234.0,2,0.3333333333333333
109999.0,47.0,1.0,4.1,25.0,25.0,245.99999999999997,1,0.10162601626016261
110002.0,16.0,1.0,4.8,12.0,11.0,288.0,1,0.041666666666666664
110003.0,16.0,2.0,4.2,11.0,10.0,252.0,1,0.04365079365079365
110004.0,20.0,2.0,4.2,10.0,23.0,252.0,1,0.03968253968253968
110005.0,45.0,2.0,3.4,11.0,18.0,204.0,1,0.05392156862745098
110006.0,80.0,2.0,3.8,14.0,13.0,228.0,1,0.06140350877192982
110007.0,63.0,2.0,4.4,15.0,34.0,264.0,1,0.056818181818181816
110008.0,14.0,2.0,4.3,11.0,15.0,258.0,1,0.04263565891472868
110009.0,16.0,1.0,4.8,8.0,14.0,288.0,1,0.027777777777777776
110010.0,55.0,2.0,3.9,15.0,6.0,234.0,1,0.0641025641025641
110011.0,25.0,1.0,4.5,24.0,26.0,270.0,1,0.08888888888888889
110012.0,56.0,2.0,4.3,15.0,9.0,258.0,1,0.05813953488372093
110015.0,52.0,2.0,3.8,31.0,24.0,228.0,1,0.13596491228070176
110016.0,29.0,2.0,3.9,11.0,20.0,234.0,1,0.04700854700854701
110018.0,20.0,2.0,4.1,11.0,8.0,245.99999999999997,1,0.04471544715447155
110020.0,16.0,2.0,4.3,11.0,10.0,258.0,1,0.04263565891472868
110021.0,25.0,2.0,3.8,15.0,9.0,228.0,1,0.06578947368421052
110022.0,16.0,2.0,4.6,10.0,7.0,276.0,1,0.036231884057971016
110023.0,62.0,2.0,4.3,13.0,9.0,258.0,1,0.050387596899224806
110027.0,22.0,2.0,3.8,13.0,14.0,228.0,1,0.05701754385964912
110028.0,23.0,2.0,3.9,62.0,35.0,234.0,2,0.26495726495726496
110029.0,42.0,1.0,4.0,88.0,55.0,240.0,3,0.36666666666666664
110030.0,27.0,2.0,4.1,8.0,44.0,245.99999999999997,1,0.032520325203252036
110035.0,27.0,2.0,3.5,15.0,12.0,210.0,1,0.07142857142857142
110037.0,69.0,1.0,3.2,30.0,23.0,192.0,1,0.15625
110038.0,58.0,2.0,3.8,8.0,20.0,228.0,1,0.03508771929824561
110040.0,28.0,1.0,4.4,12.0,25.0,264.0,1,0.045454545454545456
110041.0,44.0,2.0,3.3,32.0,107.0,198.0,2,0.16161616161616163
110042.0,62.0,2.0,4.1,28.0,31.0,245.99999999999997,1,0.11382113821138212
110043.0,37.0,1.0,3.9,17.0,12.0,234.0,1,0.07264957264957266
110044.0,15.0,2.0,4.1,15.0,13.0,245.99999999999997,1,0.06097560975609757
110045.0,69.0,2.0,3.4,11.0,39.0,204.0,1,0.05392156862745098
110049.0,14.0,2.0,3.7,8.0,16.0,222.0,1,0.036036036036036036
110052.0,42.0,1.0,4.3,20.0,39.0,258.0,1,0.07751937984496124
110054.0,44.0,1.0,3.9,30.0,46.0,234.0,1,0.1282051282051282
110055.0,70.0,1.0,4.3,19.0,23.0,258.0,1,0.07364341085271318
110056.0,63.0,1.0,3.9,15.0,23.0,234.0,1,0.0641025641025641
110057.0,69.0,1.0,3.9,66.0,52.0,234.0,3,0.28205128205128205
110059.0,38.0,1.0,4.3,25.0,20.0,258.0,1,0.09689922480620156
110061.0,61.0,1.0,4.6,43.0,329.0,276.0,3,0.15579710144927536
110062.0,40.0,2.0,4.1,11.0,15.0,245.99999999999997,1,0.04471544715447155
110063.0,18.0,2.0,4.0,7.0,15.0,240.0,1,0.029166666666666667
110064.0,65.0,1.0,4.1,50.0,47.0,245.99999999999997,2,0.20325203252032523
110065.0,60.0,1.0,4.7,17.0,13.0,282.0,1,0.06028368794326241
110066.0,14.0,1.0,4.2,14.0,9.0,252.0,1,0.05555555555555555
110067.0,25.0,1.0,4.2,15.0,8.0,252.0,1,0.05952380952380952
110068.0,77.0,2.0,3.9,11.0,14.0,234.0,1,0.04700854700854701
110070.0,41.0,2.0,4.1,18.0,21.0,245.99999999999997,1,0.07317073170731708
110071.0,59.0,1.0,3.6,27.0,28.0,216.0,1,0.125
110072.0,15.0,2.0,3.7,17.0,13.0,222.0,1,0.07657657657657657
110074.0,41.0,1.0,4.6,25.0,48.0,276.0,1,0.09057971014492754
110079.0,54.0,2.0,4.2,12.0,22.0,252.0,1,0.047619047619047616
110082.0,78.0,2.0,3.3,9.0,21.0,198.0,1,0.045454545454545456
110085.0,60.0,1.0,4.2,20.0,11.0,252.0,1,0.07936507936507936
110087.0,62.0,1.0,4.0,17.0,21.0,240.0,1,0.07083333333333333
110088.0,30.0,1.0,3.9,49.0,28.0,234.0,2,0.2094017094017094
110090.0,56.0,1.0,3.5,17.0,30.0,210.0,1,0.08095238095238096
110091.0,39.0,2.0,4.4,12.0,12.0,264.0,1,0.045454545454545456
110093.0,30.0,2.0,4.4,12.0,11.0,264.0,1,0.045454545454545456
110095.0,14.0,1.0,4.3,11.0,16.0,258.0,1,0.04263565891472868
110098.0,21.0,1.0,4.8,20.0,26.0,288.0,1,0.06944444444444445
110101.0,14.0,1.0,4.6,7.0,13.0,276.0,1,0.025362318840579712
110102.0,45.0,2.0,3.6,55.0,20.0,216.0,2,0.25462962962962965
110103.0,80.0,1.0,4.0,14.0,11.0,240.0,1,0.058333333333333334
110105.0,25.0,2.0,3.7,13.0,19.0,222.0,1,0.05855855855855856
110107.0,72.0,2.0,3.6,13.0,19.0,216.0,1,0.06018518518518518
110109.0,17.0,2.0,4.0,14.0,4.0,240.0,1,0.058333333333333334
110112.0,36.0,2.0,4.0,21.0,19.0,240.0,1,0.0875
110114.0,44.0,2.0,4.0,10.0,8.0,240.0,1,0.041666666666666664
110116.0,35.0,2.0,4.4,14.0,24.0,264.0,1,0.05303030303030303
110117.0,24.0,1.0,4.4,11.0,15.0,264.0,1,0.041666666666666664
110118.0,37.0,1.0,4.0,11.0,18.0,240.0,1,0.04583333333333333
110120.0,34.0,2.0,3.7,58.0,26.0,222.0,2,0.26126126126126126
110123.0,28.0,2.0,3.9,41.0,64.0,234.0,3,0.1752136752136752
110125.0,60.0,2.0,4.0,20.0,15.0,240.0,1,0.08333333333333333
110127.0,48.0,2.0,4.3,20.0,24.0,258.0,1,0.07751937984496124
110128.0,48.0,1.0,4.1,80.0,36.0,245.99999999999997,2,0.3252032520325204
110129.0,52.0,1.0,3.4,26.0,19.0,204.0,1,0.12745098039215685
110130.0,54.0,2.0,4.5,15.0,13.0,270.0,1,0.05555555555555555
110131.0,69.0,1.0,4.1,11.0,12.0,245.99999999999997,1,0.04471544715447155
110133.0,13.0,1.0,4.5,41.0,25.0,270.0,2,0.15185185185185185
110134.0,49.0,1.0,3.9,50.0,650.0,234.0,3,0.21367521367521367
110135.0,40.0,1.0,4.3,18.0,25.0,258.0,1,0.06976744186046512
110136.0,38.0,1.0,4.3,22.0,34.0,258.0,1,0.08527131782945736
110137.0,52.0,1.0,4.4,17.0,23.0,264.0,1,0.06439393939393939
110139.0,41.0,1.0,4.1,22.0,53.0,245.99999999999997,2,0.0894308943089431
110142.0,61.0,1.0,4.2,38.0,59.0,252.0,2,0.15079365079365079
110143.0,12.0,1.0,4.1,9.0,8.0,245.99999999999997,1,0.03658536585365854
110144.0,50.0,2.0,3.8,20.0,16.0,228.0,1,0.08771929824561403
110147.0,60.0,2.0,3.3,37.0,64.0,198.0,2,0.18686868686868688
110148.0,14.0,1.0,4.1,15.0,12.0,245.99999999999997,1,0.06097560975609757
110151.0,63.0,2.0,4.0,24.0,20.0,240.0,1,0.1
110153.0,70.0,1.0,4.1,13.0,16.0,245.99999999999997,1,0.052845528455284556
110154.0,14.0,2.0,4.5,11.0,10.0,270.0,1,0.040740740740740744
110155.0,22.0,1.0,4.4,12.0,16.0,264.0,1,0.045454545454545456
110159.0,45.0,1.0,4.1,14.0,10.0,245.99999999999997,1,0.05691056910569106
110160.0,13.0,1.0,4.4,21.0,12.0,264.0,1,0.07954545454545454
110161.0,52.0,2.0,3.4,9.0,8.0,204.0,1,0.04411764705882353
110162.0,15.0,1.0,4.7,34.0,18.0,282.0,1,0.12056737588652482
110163.0,13.0,2.0,3.8,13.0,17.0,228.0,1,0.05701754385964912
110165.0,54.0,1.0,4.0,20.0,13.0,240.0,1,0.08333333333333333
110166.0,16.0,2.0,3.7,6.0,7.0,222.0,1,0.02702702702702703
110167.0,29.0,2.0,3.6,10.0,24.0,216.0,1,0.046296296296296294
110168.0,54.0,2.0,4.0,24.0,43.0,240.0,1,0.1
110169.0,30.0,1.0,4.2,36.0,46.0,252.0,1,0.14285714285714285
110171.0,22.0,2.0,4.4,32.0,12.0,264.0,1,0.12121212121212122
110172.0,53.0,2.0,3.9,17.0,51.0,234.0,2,0.07264957264957266
110173.0,27.0,1.0,4.5,22.0,21.0,270.0,1,0.08148148148148149
110174.0,25.0,1.0,4.6,19.0,17.0,276.0,1,0.06884057971014493
110175.0,30.0,1.0,4.2,20.0,16.0,252.0,1,0.07936507936507936
110176.0,38.0,2.0,3.7,45.0,161.0,222.0,3,0.20270270270270271
110178.0,57.0,2.0,3.7,29.0,24.0,222.0,1,0.13063063063063063
110180.0,80.0,1.0,4.0,22.0,24.0,240.0,1,0.09166666666666666
110182.0,61.0,2.0,4.2,36.0,20.0,252.0,1,0.14285714285714285
110184.0,59.0,2.0,3.7,24.0,22.0,222.0,1,0.10810810810810811
110185.0,80.0,2.0,3.9,18.0,10.0,234.0,1,0.07692307692307693
110186.0,27.0,2.0,3.4,11.0,12.0,204.0,1,0.05392156862745098
110187.0,58.0,2.0,3.7,12.0,28.0,222.0,1,0.05405405405405406
110188.0,63.0,2.0,4.0,19.0,75.0,240.0,2,0.07916666666666666
110190.0,19.0,2.0,4.1,12.0,12.0,245.99999999999997,1,0.04878048780487806
110191.0,80.0,1.0,4.3,21.0,18.0,258.0,1,0.08139534883720931
110194.0,74.0,2.0,4.2,17.0,15.0,252.0,1,0.06746031746031746
110195.0,14.0,1.0,4.4,23.0,14.0,264.0,1,0.08712121212121213
110196.0,67.0,1.0,4.0,8.0,15.0,240.0,1,0.03333333333333333
110199.0,17.0,1.0,4.4,21.0,18.0,264.0,1,0.07954545454545454
110200.0,60.0,2.0,4.0,16.0,17.0,240.0,1,0.06666666666666667
110203.0,12.0,1.0,4.6,12.0,10.0,276.0,1,0.043478260869565216
110204.0,70.0,1.0,4.1,30.0,90.0,245.99999999999997,2,0.12195121951219513
110205.0,13.0,1.0,4.5,11.0,12.0,270.0,1,0.040740740740740744
110206.0,37.0,1.0,3.9,43.0,136.0,234.0,3,0.18376068376068377
110207.0,52.0,2.0,4.0,14.0,14.0,240.0,1,0.058333333333333334
110208.0,57.0,2.0,4.1,23.0,18.0,245.99999999999997,1,0.0934959349593496
110211.0,43.0,2.0,4.2,19.0,16.0,252.0,1,0.07539682539682539
110213.0,25.0,2.0,4.5,22.0,37.0,270.0,1,0.08148148148148149
110214.0,32.0,2.0,4.0,11.0,17.0,240.0,1,0.04583333333333333
110217.0,60.0,2.0,4.2,26.0,26.0,252.0,1,0.10317460317460317
110218.0,28.0,2.0,3.8,14.0,12.0,228.0,1,0.06140350877192982
110221.0,80.0,1.0,3.4,10.0,18.0,204.0,1,0.049019607843137254
110223.0,71.0,1.0,3.9,29.0,23.0,234.0,1,0.12393162393162394
110224.0,34.0,2.0,3.7,13.0,20.0,222.0,1,0.05855855855855856
110225.0,17.0,1.0,4.3,36.0,20.0,258.0,1,0.13953488372093023
110226.0,26.0,2.0,4.1,14.0,16.0,245.99999999999997,1,0.05691056910569106
110228.0,44.0,1.0,4.0,23.0,36.0,240.0,1,0.09583333333333334
110234.0,40.0,2.0,3.9,13.0,18.0,234.0,1,0.05555555555555555
110235.0,41.0,1.0,4.2,23.0,63.0,252.0,2,0.09126984126984126
110236.0,39.0,1.0,4.5,13.0,9.0,270.0,1,0.04814814814814815
110237.0,14.0,2.0,4.1,9.0,5.0,245.99999999999997,1,0.03658536585365854
110240.0,37.0,1.0,4.2,60.0,64.0,252.0,3,0.23809523809523808
110242.0,80.0,1.0,3.5,6.0,16.0,210.0,1,0.02857142857142857
110243.0,29.0,2.0,4.2,12.0,21.0,252.0,1,0.047619047619047616
110245.0,12.0,2.0,3.9,10.0,9.0,234.0,1,0.042735042735042736
110246.0,80.0,2.0,3.1,9.0,14.0,186.0,1,0.04838709677419355
110247.0,31.0,2.0,4.0,15.0,14.0,240.0,1,0.0625
110248.0,29.0,2.0,3.6,9.0,20.0,216.0,1,0.041666666666666664
110249.0,13.0,2.0,4.1,14.0,10.0,245.99999999999997,1,0.05691056910569106
110250.0,34.0,1.0,4.2,10.0,15.0,252.0,1,0.03968253968253968
110251.0,60.0,2.0,4.6,14.0,19.0,276.0,1,0.050724637681159424
110252.0,70.0,1.0,3.9,25.0,26.0,234.0,1,0.10683760683760683
110258.0,70.0,1.0,3.5,12.0,13.0,210.0,1,0.05714285714285714
110264.0,63.0,1.0,4.0,8.0,21.0,240.0,1,0.03333333333333333
110265.0,42.0,1.0,4.7,37.0,122.0,282.0,2,0.13120567375886524
110266.0,29.0,2.0,4.2,18.0,12.0,252.0,1,0.07142857142857142
110267.0,15.0,1.0,4.5,49.0,23.0,270.0,2,0.1814814814814815
110270.0,60.0,1.0,3.6,15.0,24.0,216.0,1,0.06944444444444445
110272.0,45.0,1.0,4.3,25.0,30.0,258.0,1,0.09689922480620156
110273.0,75.0,2.0,3.8,22.0,19.0,228.0,1,0.09649122807017543
110275.0,12.0,1.0,4.3,20.0,20.0,258.0,1,0.07751937984496124
110276.0,46.0,1.0,4.5,30.0,22.0,270.0,1,0.1111111111111111
110279.0,70.0,2.0,3.8,36.0,19.0,228.0,1,0.15789473684210525
110281.0,14.0,1.0,4.5,111.0,72.0,270.0,3,0.4111111111111111
110284.0,14.0,1.0,4.2,152.0,48.0,252.0,2,0.6031746031746031
110286.0,43.0,1.0,4.1,35.0,48.0,245.99999999999997,1,0.14227642276422767
110287.0,68.0,1.0,4.4,35.0,38.0,264.0,1,0.13257575757575757
110289.0,36.0,1.0,4.6,21.0,30.0,276.0,1,0.07608695652173914
110290.0,63.0,1.0,4.1,13.0,23.0,245.99999999999997,1,0.052845528455284556
110291.0,64.0,1.0,3.9,26.0,46.0,234.0,1,0.1111111111111111
110292.0,79.0,1.0,4.3,60.0,113.0,258.0,3,0.23255813953488372
110293.0,21.0,1.0,4.2,18.0,23.0,252.0,1,0.07142857142857142
110295.0,77.0,2.0,3.9,32.0,21.0,234.0,1,0.13675213675213677
110296.0,48.0,1.0,4.3,18.0,21.0,258.0,1,0.06976744186046512
110297.0,16.0,1.0,4.5,11.0,20.0,270.0,1,0.040740740740740744
110298.0,14.0,1.0,4.6,17.0,11.0,276.0,1,0.06159420289855073
110300.0,80.0,2.0,4.0,14.0,25.0,240.0,1,0.058333333333333334
110304.0,36.0,1.0,3.7,58.0,69.0,222.0,3,0.26126126126126126
110305.0,19.0,2.0,4.5,17.0,9.0,270.0,1,0.06296296296296296
110306.0,53.0,2.0,3.5,62.0,282.0,210.0,3,0.29523809523809524
110307.0,27.0,1.0,3.8,22.0,19.0,228.0,1,0.09649122807017543
110308.0,80.0,2.0,3.5,10.0,9.0,210.0,1,0.047619047619047616
110309.0,19.0,1.0,4.6,23.0,11.0,276.0,1,0.08333333333333333
110310.0,74.0,2.0,4.0,9.0,9.0,240.0,1,0.0375
110311.0,79.0,2.0,4.2,17.0,10.0,252.0,1,0.06746031746031746
110312.0,17.0,2.0,3.8,7.0,6.0,228.0,1,0.03070175438596491
110314.0,37.0,2.0,4.3,13.0,13.0,258.0,1,0.050387596899224806
110315.0,18.0,2.0,3.0,7.0,5.0,180.0,1,0.03888888888888889
110317.0,64.0,2.0,4.2,14.0,22.0,252.0,1,0.05555555555555555
110318.0,61.0,1.0,4.2,28.0,29.0,252.0,1,0.1111111111111111
110319.0,34.0,2.0,3.8,23.0,27.0,228.0,1,0.10087719298245613
110321.0,46.0,1.0,4.2,13.0,27.0,252.0,1,0.051587301587301584
110322.0,46.0,1.0,4.5,19.0,21.0,270.0,1,0.07037037037037037
110323.0,48.0,2.0,4.6,15.0,21.0,276.0,1,0.05434782608695652
110326.0,39.0,1.0,4.4,24.0,20.0,264.0,1,0.09090909090909091
110328.0,63.0,1.0,4.0,10.0,22.0,240.0,1,0.041666666666666664
110329.0,80.0,1.0,3.7,14.0,101.0,222.0,2,0.06306306306306306
110330.0,16.0,1.0,4.1,12.0,11.0,245.99999999999997,1,0.04878048780487806
110332.0,49.0,2.0,3.7,17.0,40.0,222.0,1,0.07657657657657657
110336.0,61.0,2.0,4.2,12.0,16.0,252.0,1,0.047619047619047616
110341.0,49.0,1.0,3.8,18.0,11.0,228.0,1,0.07894736842105263
110342.0,34.0,2.0,4.0,7.0,8.0,240.0,1,0.029166666666666667
110345.0,14.0,2.0,4.2,16.0,7.0,252.0,1,0.06349206349206349
110347.0,32.0,1.0,4.3,54.0,91.0,258.0,3,0.20930232558139536
110350.0,67.0,2.0,3.7,18.0,13.0,222.0,1,0.08108108108108109
110351.0,49.0,1.0,4.6,22.0,65.0,276.0,2,0.07971014492753623
110352.0,18.0,1.0,3.9,19.0,30.0,234.0,1,0.0811965811965812
110353.0,71.0,1.0,4.1,12.0,28.0,245.99999999999997,1,0.04878048780487806
110356.0,43.0,1.0,4.1,24.0,29.0,245.99999999999997,1,0.09756097560975611
110359.0,65.0,2.0,3.9,26.0,41.0,234.0,1,0.1111111111111111
110360.0,13.0,2.0,4.4,9.0,9.0,264.0,1,0.03409090909090909
110366.0,61.0,1.0,3.8,20.0,32.0,228.0,1,0.08771929824561403
110367.0,18.0,1.0,4.6,52.0,10.0,276.0,2,0.18840579710144928
110368.0,80.0,2.0,3.8,8.0,14.0,228.0,1,0.03508771929824561
110372.0,78.0,1.0,3.8,21.0,25.0,228.0,1,0.09210526315789473
110374.0,45.0,2.0,3.7,16.0,14.0,222.0,1,0.07207207207207207
110376.0,37.0,2.0,3.1,12.0,32.0,186.0,1,0.06451612903225806
110377.0,80.0,2.0,3.8,12.0,11.0,228.0,1,0.05263157894736842
110378.0,44.0,2.0,3.6,12.0,11.0,216.0,1,0.05555555555555555
110379.0,20.0,2.0,4.1,13.0,10.0,245.99999999999997,1,0.052845528455284556
110380.0,21.0,1.0,4.4,8.0,30.0,264.0,1,0.030303030303030304
110381.0,40.0,2.0,3.6,11.0,16.0,216.0,1,0.05092592592592592
110384.0,80.0,1.0,4.1,11.0,13.0,245.99999999999997,1,0.04471544715447155
110385.0,36.0,1.0,4.0,21.0,28.0,240.0,1,0.0875
110386.0,75.0,2.0,3.9,9.0,14.0,234.0,1,0.038461538461538464
110387.0,54.0,1.0,4.1,27.0,33.0,245.99999999999997,1,0.10975609756097562
110389.0,70.0,1.0,4.3,17.0,13.0,258.0,1,0.06589147286821706
110390.0,61.0,1.0,4.3,26.0,52.0,258.0,2,0.10077519379844961
110391.0,33.0,2.0,4.1,10.0,12.0,245.99999999999997,1,0.04065040650406505
110394.0,40.0,1.0,4.6,15.0,15.0,276.0,1,0.05434782608695652
110396.0,47.0,1.0,4.1,21.0,26.0,245.99999999999997,1,0.08536585365853659
110399.0,36.0,1.0,4.5,49.0,42.0,270.0,2,0.1814814814814815
110400.0,44.0,1.0,4.2,44.0,33.0,252.0,2,0.1746031746031746
110402.0,50.0,1.0,3.6,14.0,20.0,216.0,1,0.06481481481481481
110404.0,14.0,1.0,4.5,16.0,14.0,270.0,1,0.05925925925925926
110405.0,52.0,1.0,3.8,21.0,20.0,228.0,1,0.09210526315789473
110406.0,31.0,2.0,3.3,10.0,19.0,198.0,1,0.050505050505050504
110408.0,35.0,2.0,3.9,9.0,21.0,234.0,1,0.038461538461538464
110409.0,52.0,2.0,4.5,13.0,25.0,270.0,1,0.04814814814814815
110410.0,65.0,2.0,3.7,13.0,25.0,222.0,1,0.05855855855855856
110411.0,39.0,2.0,3.4,11.0,18.0,204.0,1,0.05392156862745098
110412.0,74.0,1.0,3.4,13.0,14.0,204.0,1,0.06372549019607843
110414.0,28.0,1.0,4.2,35.0,18.0,252.0,1,0.1388888888888889
110415.0,50.0,1.0,4.6,14.0,16.0,276.0,1,0.050724637681159424
110417.0,64.0,2.0,4.2,73.0,127.0,252.0,3,0.2896825396825397
110418.0,62.0,2.0,2.6,28.0,128.0,156.0,2,0.1794871794871795
110419.0,35.0,2.0,3.9,11.0,17.0,234.0,1,0.04700854700854701
110420.0,16.0,1.0,4.7,51.0,72.0,282.0,3,0.18085106382978725
110421.0,74.0,2.0,4.2,10.0,25.0,252.0,1,0.03968253968253968
110422.0,47.0,1.0,4.4,35.0,55.0,264.0,2,0.13257575757575757
110425.0,31.0,2.0,3.8,14.0,18.0,228.0,1,0.06140350877192982
110426.0,62.0,1.0,4.3,36.0,132.0,258.0,2,0.13953488372093023
110427.0,28.0,2.0,3.9,12.0,15.0,234.0,1,0.05128205128205128
110429.0,80.0,2.0,3.5,10.0,6.0,210.0,1,0.047619047619047616
110430.0,46.0,2.0,4.2,7.0,13.0,252.0,1,0.027777777777777776
110431.0,65.0,2.0,4.6,14.0,12.0,276.0,1,0.050724637681159424
110432.0,16.0,1.0,4.3,9.0,12.0,258.0,1,0.03488372093023256
110433.0,15.0,2.0,4.3,8.0,8.0,258.0,1,0.031007751937984496
110434.0,53.0,1.0,4.0,32.0,28.0,240.0,1,0.13333333333333333
110438.0,61.0,2.0,4.1,16.0,18.0,245.99999999999997,1,0.06504065040650407
110440.0,80.0,1.0,3.9,20.0,59.0,234.0,2,0.08547008547008547
110441.0,64.0,1.0,3.5,11.0,90.0,210.0,2,0.05238095238095238
110442.0,38.0,2.0,4.2,12.0,85.0,252.0,2,0.047619047619047616
110443.0,71.0,2.0,4.1,12.0,12.0,245.99999999999997,1,0.04878048780487806
110444.0,17.0,2.0,3.8,11.0,11.0,228.0,1,0.04824561403508772
110446.0,56.0,1.0,4.2,32.0,22.0,252.0,1,0.12698412698412698
110449.0,53.0,2.0,3.9,18.0,18.0,234.0,1,0.07692307692307693
110450.0,39.0,1.0,4.3,32.0,24.0,258.0,1,0.12403100775193798
110453.0,69.0,2.0,3.7,18.0,26.0,222.0,1,0.08108108108108109
110454.0,60.0,2.0,4.2,13.0,13.0,252.0,1,0.051587301587301584
110457.0,29.0,1.0,4.5,44.0,34.0,270.0,2,0.16296296296296298
110460.0,31.0,2.0,4.2,12.0,13.0,252.0,1,0.047619047619047616
110461.0,50.0,1.0,3.9,20.0,40.0,234.0,1,0.08547008547008547
110463.0,70.0,1.0,4.1,19.0,15.0,245.99999999999997,1,0.07723577235772358
110464.0,47.0,2.0,3.5,24.0,42.0,210.0,1,0.11428571428571428
110465.0,58.0,2.0,4.0,11.0,17.0,240.0,1,0.04583333333333333
110467.0,33.0,2.0,3.8,14.0,19.0,228.0,1,0.06140350877192982
110470.0,17.0,2.0,4.2,9.0,8.0,252.0,1,0.03571428571428571
110473.0,44.0,1.0,5.0,42.0,21.0,300.0,2,0.14
110474.0,56.0,2.0,3.6,21.0,29.0,216.0,1,0.09722222222222222
110476.0,22.0,2.0,3.8,12.0,17.0,228.0,1,0.05263157894736842
110477.0,23.0,1.0,4.2,35.0,13.0,252.0,1,0.1388888888888889
110478.0,18.0,1.0,4.6,18.0,12.0,276.0,1,0.06521739130434782
110480.0,15.0,1.0,4.0,11.0,13.0,240.0,1,0.04583333333333333
110481.0,15.0,1.0,4.2,10.0,10.0,252.0,1,0.03968253968253968
110482.0,77.0,1.0,4.2,9.0,19.0,252.0,1,0.03571428571428571
110486.0,13.0,2.0,4.6,15.0,18.0,276.0,1,0.05434782608695652
110488.0,71.0,1.0,4.0,15.0,19.0,240.0,1,0.0625
110489.0,80.0,1.0,3.7,10.0,19.0,222.0,1,0.04504504504504504
110492.0,39.0,2.0,4.4,13.0,29.0,264.0,1,0.04924242424242424
110494.0,49.0,1.0,3.6,11.0,25.0,216.0,1,0.05092592592592592
110495.0,54.0,2.0,4.5,18.0,20.0,270.0,1,0.06666666666666667
110496.0,52.0,2.0,4.4,23.0,14.0,264.0,1,0.08712121212121213
110497.0,18.0,2.0,3.5,21.0,9.0,210.0,1,0.1
110498.0,54.0,2.0,3.9,14.0,16.0,234.0,1,0.05982905982905983
110503.0,34.0,2.0,3.8,17.0,18.0,228.0,1,0.07456140350877193
110506.0,65.0,1.0,4.5,31.0,24.0,270.0,1,0.11481481481481481
110507.0,19.0,2.0,4.2,17.0,9.0,252.0,1,0.06746031746031746
110508.0,61.0,2.0,3.9,14.0,19.0,234.0,1,0.05982905982905983
110509.0,60.0,1.0,3.9,52.0,34.0,234.0,2,0.2222222222222222
110510.0,59.0,2.0,3.8,11.0,14.0,228.0,1,0.04824561403508772
110511.0,23.0,2.0,3.3,10.0,14.0,198.0,1,0.050505050505050504
110512.0,19.0,1.0,4.6,21.0,13.0,276.0,1,0.07608695652173914
110515.0,55.0,2.0,4.5,20.0,16.0,270.0,1,0.07407407407407407
110516.0,14.0,2.0,4.4,13.0,12.0,264.0,1,0.04924242424242424
110517.0,16.0,2.0,4.1,7.0,6.0,245.99999999999997,1,0.02845528455284553
110518.0,57.0,2.0,4.4,31.0,33.0,264.0,1,0.11742424242424243
110520.0,25.0,1.0,4.5,13.0,14.0,270.0,1,0.04814814814814815
110521.0,19.0,2.0,4.1,420.0,26.0,245.99999999999997,2,1.707317073170732
110522.0,64.0,1.0,4.4,16.0,38.0,264.0,1,0.06060606060606061
110524.0,58.0,1.0,4.2,27.0,94.0,252.0,2,0.10714285714285714
110526.0,23.0,1.0,4.2,17.0,18.0,252.0,1,0.06746031746031746
110527.0,39.0,2.0,3.9,13.0,27.0,234.0,1,0.05555555555555555
110528.0,39.0,2.0,4.5,9.0,24.0,270.0,1,0.03333333333333333
110530.0,46.0,1.0,3.8,15.0,18.0,228.0,1,0.06578947368421052
110531.0,68.0,2.0,3.5,11.0,21.0,210.0,1,0.05238095238095238
110532.0,57.0,2.0,4.2,20.0,16.0,252.0,1,0.07936507936507936
110534.0,17.0,1.0,4.3,25.0,23.0,258.0,1,0.09689922480620156
110538.0,63.0,2.0,3.6,19.0,33.0,216.0,1,0.08796296296296297
110540.0,28.0,2.0,4.0,11.0,13.0,240.0,1,0.04583333333333333
110541.0,18.0,1.0,3.9,21.0,24.0,234.0,1,0.08974358974358974
110542.0,16.0,1.0,4.1,19.0,13.0,245.99999999999997,1,0.07723577235772358
110543.0,27.0,2.0,4.4,16.0,20.0,264.0,1,0.06060606060606061
110544.0,61.0,1.0,4.1,32.0,51.0,245.99999999999997,2,0.13008130081300814
110545.0,37.0,1.0,4.2,32.0,24.0,252.0,1,0.12698412698412698
110546.0,40.0,1.0,3.8,29.0,17.0,228.0,1,0.12719298245614036
110547.0,40.0,1.0,4.4,16.0,16.0,264.0,1,0.06060606060606061
110548.0,55.0,2.0,3.8,17.0,23.0,228.0,1,0.07456140350877193
110550.0,39.0,1.0,4.4,33.0,17.0,264.0,1,0.125
110551.0,47.0,1.0,4.0,26.0,35.0,240.0,1,0.10833333333333334
110552.0,34.0,2.0,3.5,11.0,11.0,210.0,1,0.05238095238095238
110553.0,24.0,2.0,4.1,8.0,12.0,245.99999999999997,1,0.032520325203252036
110555.0,49.0,2.0,4.1,15.0,22.0,245.99999999999997,1,0.06097560975609757
110557.0,34.0,1.0,4.1,12.0,15.0,245.99999999999997,1,0.04878048780487806
110558.0,61.0,2.0,4.2,32.0,46.0,252.0,1,0.12698412698412698
110560.0,31.0,1.0,3.8,63.0,301.0,228.0,3,0.27631578947368424
110571.0,59.0,2.0,3.7,14.0,38.0,222.0,1,0.06306306306306306
110572.0,39.0,2.0,3.9,19.0,28.0,234.0,1,0.0811965811965812
110573.0,61.0,1.0,4.4,20.0,19.0,264.0,1,0.07575757575757576
110575.0,80.0,1.0,3.5,14.0,58.0,210.0,2,0.06666666666666667
110576.0,37.0,2.0,3.8,17.0,12.0,228.0,1,0.07456140350877193
110577.0,13.0,2.0,4.0,13.0,9.0,240.0,1,0.05416666666666667
110578.0,66.0,1.0,3.5,9.0,43.0,210.0,1,0.04285714285714286
110579.0,48.0,1.0,3.7,20.0,34.0,222.0,1,0.09009009009009009
110581.0,40.0,2.0,4.0,18.0,40.0,240.0,1,0.075
110585.0,12.0,2.0,4.2,11.0,11.0,252.0,1,0.04365079365079365
110588.0,65.0,2.0,4.3,27.0,45.0,258.0,1,0.10465116279069768
110590.0,15.0,2.0,4.6,9.0,9.0,276.0,1,0.03260869565217391
110593.0,19.0,1.0,4.0,13.0,18.0,240.0,1,0.05416666666666667
110594.0,19.0,1.0,4.7,21.0,22.0,282.0,1,0.07446808510638298
110598.0,15.0,1.0,4.7,54.0,21.0,282.0,2,0.19148936170212766
110601.0,13.0,2.0,4.3,13.0,6.0,258.0,1,0.050387596899224806
110602.0,30.0,2.0,4.0,7.0,23.0,240.0,1,0.029166666666666667
110603.0,56.0,1.0,4.0,18.0,8.0,240.0,1,0.075
110604.0,19.0,1.0,4.2,15.0,17.0,252.0,1,0.05952380952380952
110606.0,33.0,2.0,3.5,8.0,8.0,210.0,1,0.0380952380952381
110607.0,58.0,2.0,4.2,21.0,16.0,252.0,1,0.08333333333333333
110608.0,60.0,1.0,4.0,32.0,92.0,240.0,2,0.13333333333333333
110610.0,29.0,2.0,3.6,12.0,12.0,216.0,1,0.05555555555555555
110611.0,67.0,2.0,4.1,15.0,16.0,245.99999999999997,1,0.06097560975609757
110613.0,53.0,1.0,4.3,31.0,26.0,258.0,1,0.12015503875968993
110614.0,44.0,1.0,4.3,57.0,22.0,258.0,2,0.22093023255813954
110615.0,75.0,2.0,3.8,16.0,24.0,228.0,1,0.07017543859649122
110616.0,17.0,2.0,4.3,12.0,11.0,258.0,1,0.046511627906976744
110617.0,75.0,1.0,4.4,22.0,35.0,264.0,1,0.08333333333333333
110619.0,80.0,2.0,3.9,9.0,18.0,234.0,1,0.038461538461538464
110621.0,62.0,1.0,3.6,17.0,20.0,216.0,1,0.0787037037037037
110622.0,66.0,1.0,4.2,6.0,7.0,252.0,1,0.023809523809523808
110623.0,14.0,1.0,4.7,18.0,17.0,282.0,1,0.06382978723404255
110624.0,43.0,1.0,4.2,35.0,63.0,252.0,2,0.1388888888888889
110625.0,78.0,2.0,4.0,14.0,30.0,240.0,1,0.058333333333333334
110626.0,33.0,2.0,4.0,28.0,26.0,240.0,1,0.11666666666666667
110627.0,31.0,1.0,4.5,14.0,35.0,270.0,1,0.05185185185185185
110628.0,63.0,2.0,4.1,27.0,26.0,245.99999999999997,1,0.10975609756097562
110629.0,80.0,2.0,4.1,26.0,27.0,245.99999999999997,1,0.10569105691056911
110632.0,14.0,1.0,4.5,10.0,19.0,270.0,1,0.037037037037037035
110636.0,56.0,2.0,3.7,9.0,11.0,222.0,1,0.04054054054054054
110637.0,49.0,2.0,4.3,14.0,14.0,258.0,1,0.05426356589147287
110638.0,60.0,1.0,4.0,22.0,18.0,240.0,1,0.09166666666666666
110639.0,52.0,1.0,4.1,60.0,51.0,245.99999999999997,3,0.24390243902439027
110640.0,59.0,2.0,3.8,14.0,34.0,228.0,1,0.06140350877192982
110642.0,17.0,1.0,3.8,56.0,57.0,228.0,3,0.24561403508771928
110645.0,43.0,2.0,3.2,14.0,16.0,192.0,1,0.07291666666666667
110646.0,14.0,1.0,4.7,12.0,13.0,282.0,1,0.0425531914893617
110649.0,17.0,2.0,4.2,11.0,9.0,252.0,1,0.04365079365079365
110651.0,63.0,1.0,4.0,34.0,31.0,240.0,1,0.14166666666666666
110653.0,38.0,1.0,3.7,18.0,17.0,222.0,1,0.08108108108108109
110655.0,39.0,1.0,3.8,20.0,32.0,228.0,1,0.08771929824561403
110656.0,80.0,1.0,4.0,14.0,14.0,240.0,1,0.058333333333333334
110657.0,28.0,1.0,3.4,14.0,14.0,204.0,1,0.06862745098039216
110658.0,61.0,2.0,4.2,17.0,10.0,252.0,1,0.06746031746031746
110662.0,76.0,2.0,3.8,12.0,13.0,228.0,1,0.05263157894736842
110663.0,59.0,1.0,4.1,15.0,41.0,245.99999999999997,1,0.06097560975609757
110665.0,58.0,2.0,3.7,19.0,24.0,222.0,1,0.08558558558558559
110667.0,15.0,1.0,4.4,9.0,9.0,264.0,1,0.03409090909090909
110669.0,30.0,1.0,3.3,13.0,21.0,198.0,1,0.06565656565656566
110671.0,15.0,1.0,4.3,27.0,19.0,258.0,1,0.10465116279069768
110672.0,80.0,2.0,4.1,10.0,15.0,245.99999999999997,1,0.04065040650406505
110673.0,69.0,1.0,3.9,21.0,84.0,234.0,2,0.08974358974358974
110674.0,44.0,1.0,4.1,31.0,50.0,245.99999999999997,2,0.12601626016260165
110675.0,80.0,2.0,4.0,9.0,17.0,240.0,1,0.0375
110677.0,13.0,1.0,3.9,18.0,28.0,234.0,1,0.07692307692307693
110678.0,36.0,1.0,4.8,11.0,13.0,288.0,1,0.03819444444444445
110681.0,28.0,1.0,4.2,20.0,15.0,252.0,1,0.07936507936507936
110682.0,54.0,1.0,3.9,17.0,13.0,234.0,1,0.07264957264957266
110684.0,23.0,2.0,4.3,8.0,27.0,258.0,1,0.031007751937984496
110685.0,15.0,1.0,4.2,10.0,13.0,252.0,1,0.03968253968253968
110686.0,38.0,1.0,4.1,10.0,29.0,245.99999999999997,1,0.04065040650406505
110687.0,61.0,1.0,3.9,19.0,37.0,234.0,1,0.0811965811965812
110688.0,34.0,2.0,4.0,11.0,16.0,240.0,1,0.04583333333333333
110690.0,52.0,1.0,4.6,35.0,253.0,276.0,2,0.12681159420289856
110692.0,27.0,1.0,4.2,15.0,43.0,252.0,1,0.05952380952380952
110693.0,17.0,1.0,4.5,18.0,16.0,270.0,1,0.06666666666666667
110694.0,16.0,2.0,3.7,10.0,10.0,222.0,1,0.04504504504504504
110696.0,13.0,1.0,5.2,13.0,9.0,312.0,1,0.041666666666666664
110698.0,67.0,2.0,4.0,18.0,19.0,240.0,1,0.075
110699.0,56.0,2.0,3.5,12.0,46.0,210.0,1,0.05714285714285714
110700.0,68.0,1.0,4.0,15.0,30.0,240.0,1,0.0625
110702.0,39.0,1.0,4.1,18.0,26.0,245.99999999999997,1,0.07317073170731708
110703.0,78.0,1.0,4.2,13.0,16.0,252.0,1,0.051587301587301584
110704.0,63.0,1.0,3.9,23.0,23.0,234.0,1,0.09829059829059829
110705.0,40.0,1.0,4.3,15.0,19.0,258.0,1,0.05813953488372093
110706.0,51.0,1.0,4.7,27.0,21.0,282.0,1,0.09574468085106383
110709.0,70.0,1.0,4.1,14.0,21.0,245.99999999999997,1,0.05691056910569106
110710.0,69.0,1.0,4.6,18.0,24.0,276.0,1,0.06521739130434782
110711.0,40.0,2.0,3.9,10.0,8.0,234.0,1,0.042735042735042736
110712.0,59.0,2.0,3.9,21.0,30.0,234.0,1,0.08974358974358974
110713.0,26.0,2.0,4.2,16.0,12.0,252.0,1,0.06349206349206349
110714.0,67.0,2.0,4.0,14.0,13.0,240.0,1,0.058333333333333334
110715.0,55.0,1.0,3.9,27.0,21.0,234.0,1,0.11538461538461539
110716.0,55.0,2.0,4.1,37.0,41.0,245.99999999999997,1,0.15040650406504066
110717.0,61.0,2.0,3.8,25.0,26.0,228.0,1,0.10964912280701754
110718.0,32.0,1.0,4.6,81.0,68.0,276.0,3,0.29347826086956524
110719.0,18.0,1.0,4.5,36.0,42.0,270.0,1,0.13333333333333333
110720.0,16.0,1.0,4.6,15.0,27.0,276.0,1,0.05434782608695652
110721.0,80.0,2.0,3.8,11.0,11.0,228.0,1,0.04824561403508772
110722.0,25.0,1.0,3.5,43.0,46.0,210.0,2,0.20476190476190476
110723.0,73.0,1.0,4.1,20.0,31.0,245.99999999999997,1,0.0813008130081301
110726.0,62.0,1.0,3.6,14.0,11.0,216.0,1,0.06481481481481481
110727.0,16.0,2.0,3.9,19.0,21.0,234.0,1,0.0811965811965812
110728.0,72.0,1.0,3.6,21.0,65.0,216.0,2,0.09722222222222222
110730.0,29.0,2.0,3.9,8.0,4.0,234.0,1,0.03418803418803419
110736.0,49.0,2.0,4.0,12.0,16.0,240.0,1,0.05
110737.0,77.0,1.0,3.6,13.0,9.0,216.0,1,0.06018518518518518
110739.0,40.0,2.0,4.2,13.0,9.0,252.0,1,0.051587301587301584
110740.0,12.0,1.0,4.2,17.0,9.0,252.0,1,0.06746031746031746
110742.0,55.0,1.0,3.8,17.0,23.0,228.0,1,0.07456140350877193
110743.0,13.0,1.0,4.8,11.0,11.0,288.0,1,0.03819444444444445
110744.0,80.0,1.0,4.1,15.0,31.0,245.99999999999997,1,0.06097560975609757
110745.0,17.0,2.0,4.0,20.0,15.0,240.0,1,0.08333333333333333
110746.0,13.0,2.0,4.3,9.0,8.0,258.0,1,0.03488372093023256
110747.0,80.0,1.0,3.5,33.0,16.0,210.0,1,0.15714285714285714
110748.0,24.0,2.0,4.2,13.0,14.0,252.0,1,0.051587301587301584
110749.0,80.0,2.0,3.8,18.0,23.0,228.0,1,0.07894736842105263
110750.0,52.0,1.0,4.0,23.0,27.0,240.0,1,0.09583333333333334
110751.0,69.0,2.0,3.7,17.0,16.0,222.0,1,0.07657657657657657
110752.0,28.0,1.0,4.4,11.0,25.0,264.0,1,0.041666666666666664
110753.0,36.0,1.0,3.5,25.0,8.0,210.0,1,0.11904761904761904
110756.0,17.0,1.0,4.5,41.0,15.0,270.0,2,0.15185185185185185
110759.0,54.0,1.0,3.5,14.0,24.0,210.0,1,0.06666666666666667
110760.0,28.0,1.0,3.9,18.0,16.0,234.0,1,0.07692307692307693
110762.0,66.0,1.0,3.9,26.0,21.0,234.0,1,0.1111111111111111
110763.0,71.0,1.0,4.0,50.0,63.0,240.0,3,0.20833333333333334
110765.0,59.0,2.0,4.0,13.0,35.0,240.0,1,0.05416666666666667
110766.0,20.0,2.0,4.1,19.0,12.0,245.99999999999997,1,0.07723577235772358
110769.0,18.0,2.0,4.0,11.0,12.0,240.0,1,0.04583333333333333
110770.0,67.0,1.0,3.8,7.0,14.0,228.0,1,0.03070175438596491
110771.0,34.0,2.0,3.9,9.0,18.0,234.0,1,0.038461538461538464
110773.0,18.0,2.0,4.3,11.0,7.0,258.0,1,0.04263565891472868
110775.0,71.0,1.0,4.4,38.0,326.0,264.0,2,0.14393939393939395
110777.0,69.0,2.0,3.8,11.0,13.0,228.0,1,0.04824561403508772
110778.0,80.0,1.0,3.6,13.0,18.0,216.0,1,0.06018518518518518
110779.0,70.0,2.0,4.3,17.0,9.0,258.0,1,0.06589147286821706
110780.0,37.0,2.0,3.6,21.0,79.0,216.0,2,0.09722222222222222
110781.0,62.0,1.0,4.2,20.0,23.0,252.0,1,0.07936507936507936
110784.0,32.0,2.0,3.9,12.0,16.0,234.0,1,0.05128205128205128
110785.0,26.0,1.0,4.3,49.0,43.0,258.0,2,0.18992248062015504
110789.0,36.0,2.0,4.0,10.0,26.0,240.0,1,0.041666666666666664
110790.0,13.0,1.0,4.5,19.0,10.0,270.0,1,0.07037037037037037
110791.0,56.0,2.0,3.8,13.0,30.0,228.0,1,0.05701754385964912
110792.0,44.0,2.0,4.4,9.0,10.0,264.0,1,0.03409090909090909
110794.0,58.0,2.0,3.8,26.0,26.0,228.0,1,0.11403508771929824
110795.0,47.0,2.0,3.8,9.0,12.0,228.0,1,0.039473684210526314
110796.0,50.0,2.0,3.9,28.0,32.0,234.0,1,0.11965811965811966
110800.0,22.0,1.0,4.7,15.0,11.0,282.0,1,0.05319148936170213
110803.0,80.0,2.0,4.2,18.0,15.0,252.0,1,0.07142857142857142
110804.0,80.0,2.0,3.9,11.0,41.0,234.0,1,0.04700854700854701
110805.0,64.0,2.0,3.5,11.0,18.0,210.0,1,0.05238095238095238
110806.0,53.0,2.0,4.1,13.0,22.0,245.99999999999997,1,0.052845528455284556
110807.0,77.0,2.0,3.8,10.0,11.0,228.0,1,0.043859649122807015
110808.0,13.0,2.0,4.5,13.0,19.0,270.0,1,0.04814814814814815
110809.0,80.0,1.0,3.9,8.0,10.0,234.0,1,0.03418803418803419
110810.0,70.0,1.0,4.0,32.0,62.0,240.0,2,0.13333333333333333
110811.0,45.0,2.0,4.1,36.0,79.0,245.99999999999997,2,0.14634146341463417
110813.0,66.0,1.0,3.5,11.0,27.0,210.0,1,0.05238095238095238
110814.0,21.0,1.0,3.9,29.0,20.0,234.0,1,0.12393162393162394
110815.0,13.0,2.0,4.0,26.0,18.0,240.0,1,0.10833333333333334
110816.0,29.0,2.0,4.4,7.0,10.0,264.0,1,0.026515151515151516
110819.0,35.0,2.0,4.0,17.0,25.0,240.0,1,0.07083333333333333
110820.0,63.0,1.0,4.2,18.0,26.0,252.0,1,0.07142857142857142
110821.0,79.0,2.0,3.4,18.0,147.0,204.0,2,0.08823529411764706
110822.0,73.0,1.0,4.3,36.0,54.0,258.0,2,0.13953488372093023
110824.0,37.0,2.0,3.0,19.0,9.0,180.0,1,0.10555555555555556
110826.0,26.0,2.0,3.6,18.0,10.0,216.0,1,0.08333333333333333
110830.0,33.0,1.0,4.1,14.0,15.0,245.99999999999997,1,0.05691056910569106
110833.0,68.0,2.0,3.9,49.0,34.0,234.0,2,0.2094017094017094
110834.0,72.0,1.0,3.9,10.0,40.0,234.0,1,0.042735042735042736
110835.0,50.0,2.0,3.4,13.0,20.0,204.0,1,0.06372549019607843
110836.0,45.0,1.0,3.5,20.0,59.0,210.0,2,0.09523809523809523
110841.0,54.0,1.0,4.1,20.0,21.0,245.99999999999997,1,0.0813008130081301
110847.0,16.0,2.0,4.7,4.0,8.0,282.0,1,0.014184397163120567
110848.0,19.0,1.0,4.6,69.0,27.0,276.0,2,0.25
110849.0,79.0,1.0,4.0,9.0,19.0,240.0,1,0.0375
110851.0,26.0,2.0,4.1,8.0,10.0,245.99999999999997,1,0.032520325203252036
110852.0,61.0,1.0,4.0,14.0,38.0,240.0,1,0.058333333333333334
110853.0,42.0,1.0,4.6,38.0,41.0,276.0,1,0.13768115942028986
110854.0,38.0,1.0,3.8,19.0,12.0,228.0,1,0.08333333333333333
110856.0,12.0,1.0,4.3,14.0,13.0,258.0,1,0.05426356589147287
110857.0,40.0,1.0,4.3,29.0,32.0,258.0,1,0.1124031007751938
110859.0,65.0,1.0,4.1,12.0,13.0,245.99999999999997,1,0.04878048780487806
110860.0,20.0,2.0,4.5,9.0,10.0,270.0,1,0.03333333333333333
110861.0,67.0,2.0,4.4,22.0,18.0,264.0,1,0.08333333333333333
110862.0,26.0,1.0,4.1,10.0,11.0,245.99999999999997,1,0.04065040650406505
110863.0,13.0,1.0,3.9,14.0,15.0,234.0,1,0.05982905982905983
110864.0,13.0,1.0,4.6,37.0,21.0,276.0,1,0.13405797101449277
110865.0,24.0,1.0,4.3,18.0,11.0,258.0,1,0.06976744186046512
110867.0,80.0,1.0,4.0,20.0,57.0,240.0,2,0.08333333333333333
110868.0,40.0,1.0,4.2,34.0,161.0,252.0,2,0.1349206349206349
110870.0,78.0,1.0,4.2,17.0,12.0,252.0,1,0.06746031746031746
110871.0,18.0,1.0,4.4,10.0,16.0,264.0,1,0.03787878787878788
110872.0,51.0,2.0,4.4,32.0,42.0,264.0,1,0.12121212121212122
110875.0,63.0,1.0,3.9,18.0,28.0,234.0,1,0.07692307692307693
110876.0,56.0,1.0,4.0,15.0,16.0,240.0,1,0.0625
110880.0,12.0,2.0,4.4,17.0,10.0,264.0,1,0.06439393939393939
110881.0,29.0,2.0,3.4,9.0,12.0,204.0,1,0.04411764705882353
110882.0,70.0,1.0,3.2,2.0,15.0,192.0,1,0.010416666666666666
110884.0,79.0,1.0,4.4,7.0,16.0,264.0,1,0.026515151515151516
110886.0,64.0,1.0,3.9,16.0,62.0,234.0,2,0.06837606837606838
110887.0,20.0,2.0,4.2,10.0,9.0,252.0,1,0.03968253968253968
110888.0,68.0,2.0,3.7,27.0,46.0,222.0,1,0.12162162162162163
110889.0,71.0,2.0,4.1,13.0,16.0,245.99999999999997,1,0.052845528455284556
110890.0,41.0,2.0,3.7,11.0,10.0,222.0,1,0.04954954954954955
110894.0,50.0,2.0,3.7,9.0,24.0,222.0,1,0.04054054054054054
110895.0,18.0,2.0,4.7,13.0,11.0,282.0,1,0.04609929078014184
110897.0,50.0,1.0,3.9,25.0,45.0,234.0,1,0.10683760683760683
110898.0,41.0,1.0,4.6,18.0,34.0,276.0,1,0.06521739130434782
110899.0,29.0,2.0,3.8,16.0,25.0,228.0,1,0.07017543859649122
110900.0,62.0,2.0,3.9,28.0,230.0,234.0,2,0.11965811965811966
110904.0,26.0,1.0,4.4,34.0,49.0,264.0,2,0.12878787878787878
110905.0,42.0,2.0,4.2,11.0,11.0,252.0,1,0.04365079365079365
110906.0,66.0,2.0,4.0,14.0,17.0,240.0,1,0.058333333333333334
110909.0,61.0,2.0,3.8,16.0,25.0,228.0,1,0.07017543859649122
110910.0,46.0,1.0,4.3,16.0,19.0,258.0,1,0.06201550387596899
110915.0,80.0,2.0,3.6,6.0,17.0,216.0,1,0.027777777777777776
110916.0,33.0,2.0,4.1,11.0,9.0,245.99999999999997,1,0.04471544715447155
110917.0,47.0,1.0,4.0,41.0,54.0,240.0,3,0.17083333333333334
110918.0,65.0,1.0,3.8,11.0,21.0,228.0,1,0.04824561403508772
110920.0,67.0,2.0,4.3,53.0,25.0,258.0,2,0.2054263565891473
110921.0,33.0,2.0,4.4,12.0,10.0,264.0,1,0.045454545454545456
110922.0,14.0,2.0,4.3,15.0,9.0,258.0,1,0.05813953488372093
110923.0,13.0,2.0,4.3,11.0,9.0,258.0,1,0.04263565891472868
110925.0,80.0,1.0,3.7,11.0,44.0,222.0,1,0.04954954954954955
110929.0,80.0,1.0,3.2,15.0,17.0,192.0,1,0.078125
110930.0,14.0,1.0,4.6,17.0,22.0,276.0,1,0.06159420289855073
110934.0,27.0,1.0,4.5,30.0,35.0,270.0,1,0.1111111111111111
110935.0,61.0,1.0,3.9,36.0,31.0,234.0,1,0.15384615384615385
110936.0,80.0,1.0,3.8,13.0,29.0,228.0,1,0.05701754385964912
110940.0,55.0,2.0,3.5,9.0,38.0,210.0,1,0.04285714285714286
110941.0,59.0,2.0,4.0,22.0,30.0,240.0,1,0.09166666666666666
110942.0,68.0,2.0,3.9,10.0,17.0,234.0,1,0.042735042735042736
110943.0,14.0,1.0,4.3,27.0,18.0,258.0,1,0.10465116279069768
110944.0,73.0,1.0,3.7,30.0,25.0,222.0,1,0.13513513513513514
110947.0,30.0,2.0,3.8,15.0,14.0,228.0,1,0.06578947368421052
110949.0,26.0,2.0,4.3,8.0,11.0,258.0,1,0.031007751937984496
110950.0,57.0,1.0,4.1,31.0,81.0,245.99999999999997,2,0.12601626016260165
110952.0,80.0,1.0,4.0,24.0,22.0,240.0,1,0.1
110953.0,64.0,2.0,3.9,9.0,26.0,234.0,1,0.038461538461538464
110954.0,24.0,2.0,4.1,13.0,26.0,245.99999999999997,1,0.052845528455284556
110956.0,76.0,2.0,4.0,26.0,12.0,240.0,1,0.10833333333333334
110957.0,31.0,1.0,4.5,25.0,27.0,270.0,1,0.09259259259259259
110958.0,51.0,1.0,3.7,8.0,13.0,222.0,1,0.036036036036036036
110959.0,63.0,1.0,4.2,21.0,17.0,252.0,1,0.08333333333333333
110961.0,60.0,1.0,3.5,17.0,22.0,210.0,1,0.08095238095238096
110963.0,15.0,2.0,4.2,18.0,11.0,252.0,1,0.07142857142857142
110966.0,29.0,2.0,4.0,9.0,10.0,240.0,1,0.0375
110971.0,68.0,1.0,4.1,17.0,37.0,245.99999999999997,1,0.06910569105691057
110972.0,16.0,2.0,4.2,14.0,15.0,252.0,1,0.05555555555555555
110973.0,72.0,2.0,4.1,21.0,15.0,245.99999999999997,1,0.08536585365853659
110975.0,58.0,2.0,3.8,24.0,29.0,228.0,1,0.10526315789473684
110976.0,22.0,2.0,3.7,7.0,12.0,222.0,1,0.03153153153153153
110977.0,41.0,1.0,4.3,23.0,42.0,258.0,1,0.08914728682170543
110979.0,51.0,1.0,4.7,17.0,24.0,282.0,1,0.06028368794326241
110981.0,39.0,2.0,4.0,13.0,11.0,240.0,1,0.05416666666666667
110984.0,44.0,2.0,4.1,13.0,6.0,245.99999999999997,1,0.052845528455284556
110985.0,25.0,1.0,4.1,21.0,12.0,245.99999999999997,1,0.08536585365853659
110986.0,68.0,2.0,3.9,14.0,35.0,234.0,1,0.05982905982905983
110987.0,51.0,1.0,4.4,17.0,14.0,264.0,1,0.06439393939393939
110988.0,18.0,1.0,4.3,15.0,12.0,258.0,1,0.05813953488372093
110990.0,71.0,1.0,4.2,44.0,64.0,252.0,3,0.1746031746031746
110991.0,66.0,1.0,4.0,34.0,152.0,240.0,2,0.14166666666666666
110993.0,60.0,1.0,4.3,10.0,11.0,258.0,1,0.03875968992248062
110995.0,28.0,2.0,4.0,12.0,9.0,240.0,1,0.05
110997.0,40.0,1.0,4.2,25.0,17.0,252.0,1,0.0992063492063492
110998.0,25.0,2.0,3.2,16.0,13.0,192.0,1,0.08333333333333333
110999.0,25.0,2.0,4.3,13.0,11.0,258.0,1,0.050387596899224806
111002.0,79.0,2.0,3.8,22.0,44.0,228.0,1,0.09649122807017543
111003.0,23.0,2.0,4.7,14.0,10.0,282.0,1,0.04964539007092199
111006.0,64.0,1.0,3.4,17.0,12.0,204.0,1,0.08333333333333333
111007.0,26.0,1.0,4.5,24.0,16.0,270.0,1,0.08888888888888889
111008.0,80.0,2.0,4.3,15.0,14.0,258.0,1,0.05813953488372093
111011.0,47.0,2.0,4.1,20.0,42.0,245.99999999999997,1,0.0813008130081301
111012.0,65.0,2.0,3.9,42.0,169.0,234.0,3,0.1794871794871795
111014.0,54.0,2.0,3.4,15.0,72.0,204.0,2,0.07352941176470588
111015.0,16.0,2.0,4.4,20.0,56.0,264.0,2,0.07575757575757576
111018.0,80.0,1.0,3.8,14.0,22.0,228.0,1,0.06140350877192982
111020.0,16.0,1.0,4.5,14.0,10.0,270.0,1,0.05185185185185185
111021.0,69.0,1.0,4.0,39.0,81.0,240.0,2,0.1625
111023.0,61.0,2.0,3.9,22.0,35.0,234.0,1,0.09401709401709402
111025.0,80.0,1.0,4.5,13.0,26.0,270.0,1,0.04814814814814815
111030.0,69.0,2.0,4.0,14.0,9.0,240.0,1,0.058333333333333334
111031.0,30.0,1.0,4.5,28.0,35.0,270.0,1,0.1037037037037037
111032.0,47.0,2.0,4.1,30.0,20.0,245.99999999999997,1,0.12195121951219513
111036.0,75.0,1.0,4.3,23.0,65.0,258.0,2,0.08914728682170543
111037.0,34.0,1.0,4.6,20.0,13.0,276.0,1,0.07246376811594203
111039.0,44.0,2.0,3.9,11.0,10.0,234.0,1,0.04700854700854701
111040.0,48.0,2.0,3.7,30.0,19.0,222.0,1,0.13513513513513514
111041.0,17.0,1.0,4.7,10.0,11.0,282.0,1,0.03546099290780142
111042.0,41.0,1.0,4.3,19.0,36.0,258.0,1,0.07364341085271318
111043.0,77.0,1.0,4.1,42.0,119.0,245.99999999999997,3,0.17073170731707318
111045.0,38.0,1.0,4.3,13.0,11.0,258.0,1,0.050387596899224806
111046.0,50.0,2.0,3.5,12.0,22.0,210.0,1,0.05714285714285714
111047.0,74.0,2.0,4.1,14.0,11.0,245.99999999999997,1,0.05691056910569106
111048.0,13.0,1.0,3.9,14.0,11.0,234.0,1,0.05982905982905983
111050.0,46.0,1.0,3.7,40.0,22.0,222.0,1,0.18018018018018017
111053.0,64.0,2.0,3.1,5.0,22.0,186.0,1,0.026881720430107527
111054.0,64.0,1.0,4.0,31.0,71.0,240.0,2,0.12916666666666668
111055.0,18.0,1.0,4.8,17.0,11.0,288.0,1,0.059027777777777776
111056.0,17.0,1.0,4.5,13.0,12.0,270.0,1,0.04814814814814815
111057.0,12.0,1.0,4.4,19.0,18.0,264.0,1,0.07196969696969698
111058.0,32.0,2.0,3.7,68.0,47.0,222.0,2,0.3063063063063063
111060.0,23.0,2.0,4.0,7.0,17.0,240.0,1,0.029166666666666667
111062.0,55.0,1.0,3.7,17.0,14.0,222.0,1,0.07657657657657657
111063.0,60.0,2.0,4.5,20.0,10.0,270.0,1,0.07407407407407407
111064.0,45.0,1.0,4.4,23.0,29.0,264.0,1,0.08712121212121213
111065.0,48.0,2.0,3.7,16.0,16.0,222.0,1,0.07207207207207207
111066.0,16.0,2.0,4.2,9.0,9.0,252.0,1,0.03571428571428571
111067.0,80.0,2.0,3.6,11.0,20.0,216.0,1,0.05092592592592592
111068.0,29.0,1.0,4.7,15.0,13.0,282.0,1,0.05319148936170213
111069.0,42.0,1.0,4.4,11.0,18.0,264.0,1,0.041666666666666664
111071.0,22.0,1.0,4.2,44.0,45.0,252.0,2,0.1746031746031746
111073.0,18.0,2.0,4.0,12.0,13.0,240.0,1,0.05
111075.0,51.0,1.0,4.4,27.0,28.0,264.0,1,0.10227272727272728
111077.0,67.0,2.0,3.6,41.0,54.0,216.0,3,0.18981481481481483
111078.0,67.0,2.0,4.1,44.0,10.0,245.99999999999997,2,0.1788617886178862
111079.0,31.0,2.0,4.2,8.0,9.0,252.0,1,0.031746031746031744
111081.0,67.0,1.0,3.7,81.0,386.0,222.0,3,0.36486486486486486
111082.0,17.0,2.0,4.4,14.0,15.0,264.0,1,0.05303030303030303
111083.0,28.0,1.0,4.5,51.0,26.0,270.0,2,0.18888888888888888
111085.0,22.0,2.0,3.9,8.0,10.0,234.0,1,0.03418803418803419
111087.0,13.0,1.0,5.2,12.0,14.0,312.0,1,0.038461538461538464
111089.0,39.0,2.0,3.8,10.0,17.0,228.0,1,0.043859649122807015
111090.0,15.0,2.0,4.6,10.0,15.0,276.0,1,0.036231884057971016
111091.0,15.0,2.0,3.7,12.0,17.0,222.0,1,0.05405405405405406
111092.0,66.0,2.0,4.0,17.0,25.0,240.0,1,0.07083333333333333
111094.0,35.0,1.0,3.4,11.0,15.0,204.0,1,0.05392156862745098
111095.0,65.0,2.0,4.2,17.0,19.0,252.0,1,0.06746031746031746
111096.0,32.0,2.0,3.6,16.0,78.0,216.0,2,0.07407407407407407
111097.0,77.0,1.0,3.4,16.0,30.0,204.0,1,0.0784313725490196
111098.0,45.0,1.0,5.0,22.0,24.0,300.0,1,0.07333333333333333
111102.0,67.0,1.0,4.0,19.0,16.0,240.0,1,0.07916666666666666
111103.0,15.0,1.0,4.0,27.0,12.0,240.0,1,0.1125
111105.0,66.0,1.0,4.2,26.0,35.0,252.0,1,0.10317460317460317
111107.0,31.0,2.0,3.9,9.0,17.0,234.0,1,0.038461538461538464
111109.0,49.0,1.0,4.0,51.0,50.0,240.0,3,0.2125
111110.0,45.0,2.0,4.3,9.0,13.0,258.0,1,0.03488372093023256
111112.0,45.0,1.0,4.3,22.0,17.0,258.0,1,0.08527131782945736
111114.0,80.0,2.0,3.2,10.0,21.0,192.0,1,0.052083333333333336
111115.0,80.0,1.0,3.5,37.0,81.0,210.0,2,0.1761904761904762
111117.0,60.0,2.0,3.6,16.0,15.0,216.0,1,0.07407407407407407
111120.0,50.0,1.0,3.7,138.0,338.0,222.0,3,0.6216216216216216
111122.0,29.0,1.0,3.9,23.0,19.0,234.0,1,0.09829059829059829
111123.0,80.0,1.0,3.9,19.0,38.0,234.0,1,0.0811965811965812
111124.0,24.0,2.0,4.0,9.0,8.0,240.0,1,0.0375
111126.0,26.0,2.0,3.9,13.0,28.0,234.0,1,0.05555555555555555
111127.0,13.0,2.0,4.3,9.0,8.0,258.0,1,0.03488372093023256
111130.0,34.0,1.0,4.0,16.0,16.0,240.0,1,0.06666666666666667
111131.0,17.0,2.0,3.8,19.0,30.0,228.0,1,0.08333333333333333
111133.0,48.0,2.0,3.7,9.0,16.0,222.0,1,0.04054054054054054
111136.0,80.0,1.0,3.9,12.0,22.0,234.0,1,0.05128205128205128
111138.0,57.0,2.0,3.7,22.0,28.0,222.0,1,0.0990990990990991
111139.0,48.0,1.0,4.1,21.0,21.0,245.99999999999997,1,0.08536585365853659
111140.0,80.0,2.0,4.2,14.0,23.0,252.0,1,0.05555555555555555
111141.0,16.0,1.0,4.7,24.0,12.0,282.0,1,0.0851063829787234
111143.0,80.0,1.0,3.6,12.0,15.0,216.0,1,0.05555555555555555
111144.0,80.0,1.0,3.7,28.0,93.0,222.0,2,0.12612612612612611
111145.0,46.0,1.0,4.1,20.0,23.0,245.99999999999997,1,0.0813008130081301
111149.0,43.0,2.0,3.5,11.0,14.0,210.0,1,0.05238095238095238
111151.0,14.0,1.0,4.0,11.0,12.0,240.0,1,0.04583333333333333
111152.0,31.0,2.0,3.8,14.0,8.0,228.0,1,0.06140350877192982
111154.0,26.0,2.0,3.9,8.0,11.0,234.0,1,0.03418803418803419
111159.0,60.0,2.0,4.3,14.0,37.0,258.0,1,0.05426356589147287
111160.0,49.0,1.0,3.6,22.0,37.0,216.0,1,0.10185185185185185
111161.0,19.0,2.0,3.8,9.0,19.0,228.0,1,0.039473684210526314
111162.0,43.0,2.0,3.6,4.0,11.0,216.0,1,0.018518518518518517
111163.0,22.0,1.0,3.8,17.0,33.0,228.0,1,0.07456140350877193
111164.0,64.0,1.0,4.2,35.0,84.0,252.0,2,0.1388888888888889
111165.0,40.0,1.0,4.4,13.0,18.0,264.0,1,0.04924242424242424
111167.0,16.0,1.0,4.1,19.0,7.0,245.99999999999997,1,0.07723577235772358
111168.0,44.0,2.0,4.0,8.0,17.0,240.0,1,0.03333333333333333
111171.0,35.0,2.0,4.5,57.0,53.0,270.0,3,0.2111111111111111
111172.0,14.0,1.0,4.3,12.0,17.0,258.0,1,0.046511627906976744
111173.0,58.0,2.0,4.9,38.0,47.0,294.0,1,0.1292517006802721
111175.0,46.0,2.0,3.8,19.0,20.0,228.0,1,0.08333333333333333
111178.0,74.0,2.0,3.9,13.0,19.0,234.0,1,0.05555555555555555
111181.0,18.0,1.0,4.4,13.0,8.0,264.0,1,0.04924242424242424
111183.0,55.0,2.0,3.7,41.0,21.0,222.0,2,0.18468468468468469
111184.0,16.0,1.0,4.0,11.0,19.0,240.0,1,0.04583333333333333
111185.0,69.0,1.0,4.2,12.0,18.0,252.0,1,0.047619047619047616
111188.0,74.0,1.0,3.9,18.0,18.0,234.0,1,0.07692307692307693
111189.0,36.0,2.0,3.5,15.0,49.0,210.0,2,0.07142857142857142
111190.0,51.0,2.0,3.7,11.0,13.0,222.0,1,0.04954954954954955
111191.0,41.0,2.0,3.7,14.0,11.0,222.0,1,0.06306306306306306
111192.0,54.0,1.0,4.0,37.0,75.0,240.0,2,0.15416666666666667
111194.0,63.0,2.0,4.0,18.0,18.0,240.0,1,0.075
111196.0,80.0,1.0,4.5,32.0,15.0,270.0,1,0.11851851851851852
111197.0,27.0,2.0,3.7,6.0,37.0,222.0,1,0.02702702702702703
111198.0,56.0,2.0,3.5,11.0,18.0,210.0,1,0.05238095238095238
111199.0,47.0,2.0,4.1,16.0,9.0,245.99999999999997,1,0.06504065040650407
111201.0,50.0,1.0,4.2,38.0,154.0,252.0,2,0.15079365079365079
111202.0,49.0,1.0,4.2,22.0,19.0,252.0,1,0.0873015873015873
111203.0,62.0,2.0,4.1,19.0,38.0,245.99999999999997,1,0.07723577235772358
111204.0,32.0,2.0,3.7,24.0,8.0,222.0,1,0.10810810810810811
111206.0,61.0,1.0,4.0,12.0,27.0,240.0,1,0.05
111207.0,77.0,1.0,4.1,64.0,44.0,245.99999999999997,2,0.2601626016260163
111208.0,36.0,2.0,3.9,16.0,10.0,234.0,1,0.06837606837606838
111209.0,31.0,2.0,3.5,16.0,22.0,210.0,1,0.0761904761904762
111210.0,71.0,2.0,4.2,19.0,17.0,252.0,1,0.07539682539682539
111215.0,67.0,1.0,4.2,16.0,20.0,252.0,1,0.06349206349206349
111216.0,76.0,1.0,4.4,23.0,42.0,264.0,1,0.08712121212121213
111219.0,31.0,2.0,4.5,16.0,10.0,270.0,1,0.05925925925925926
111220.0,24.0,1.0,4.1,23.0,40.0,245.99999999999997,1,0.0934959349593496
111221.0,80.0,1.0,4.4,23.0,35.0,264.0,1,0.08712121212121213
111222.0,53.0,2.0,4.2,16.0,18.0,252.0,1,0.06349206349206349
111224.0,25.0,2.0,3.3,16.0,13.0,198.0,1,0.08080808080808081
111226.0,80.0,1.0,3.8,16.0,32.0,228.0,1,0.07017543859649122
111228.0,40.0,1.0,3.9,13.0,21.0,234.0,1,0.05555555555555555
111229.0,64.0,1.0,3.9,24.0,25.0,234.0,1,0.10256410256410256
111232.0,59.0,2.0,3.9,15.0,18.0,234.0,1,0.0641025641025641
111233.0,32.0,1.0,4.1,23.0,20.0,245.99999999999997,1,0.0934959349593496
111234.0,80.0,2.0,3.9,13.0,19.0,234.0,1,0.05555555555555555
111235.0,45.0,2.0,4.4,15.0,15.0,264.0,1,0.056818181818181816
111236.0,40.0,1.0,4.4,37.0,47.0,264.0,1,0.14015151515151514
111238.0,38.0,1.0,4.8,89.0,112.0,288.0,3,0.3090277777777778
111240.0,61.0,1.0,4.5,33.0,51.0,270.0,2,0.12222222222222222
111241.0,12.0,1.0,4.7,11.0,10.0,282.0,1,0.03900709219858156
111242.0,20.0,1.0,4.0,8.0,15.0,240.0,1,0.03333333333333333
111244.0,22.0,2.0,4.0,19.0,14.0,240.0,1,0.07916666666666666
111245.0,75.0,2.0,4.1,14.0,16.0,245.99999999999997,1,0.05691056910569106
111246.0,61.0,1.0,3.4,7.0,17.0,204.0,1,0.03431372549019608
111247.0,71.0,1.0,4.2,18.0,9.0,252.0,1,0.07142857142857142
111249.0,18.0,1.0,4.3,9.0,10.0,258.0,1,0.03488372093023256
111250.0,57.0,2.0,4.1,73.0,15.0,245.99999999999997,2,0.29674796747967486
111251.0,15.0,2.0,4.2,11.0,9.0,252.0,1,0.04365079365079365
111253.0,71.0,1.0,3.9,18.0,21.0,234.0,1,0.07692307692307693
111254.0,39.0,1.0,4.9,37.0,14.0,294.0,1,0.12585034013605442
111255.0,78.0,1.0,3.4,7.0,12.0,204.0,1,0.03431372549019608
111256.0,63.0,2.0,4.2,19.0,22.0,252.0,1,0.07539682539682539
111257.0,70.0,1.0,4.0,18.0,13.0,240.0,1,0.075
111262.0,71.0,2.0,3.9,20.0,17.0,234.0,1,0.08547008547008547
111263.0,57.0,1.0,4.5,17.0,21.0,270.0,1,0.06296296296296296
111265.0,18.0,2.0,4.3,7.0,7.0,258.0,1,0.027131782945736434
111266.0,76.0,1.0,4.4,30.0,21.0,264.0,1,0.11363636363636363
111267.0,16.0,1.0,4.4,11.0,15.0,264.0,1,0.041666666666666664
111268.0,79.0,1.0,3.6,10.0,15.0,216.0,1,0.046296296296296294
111269.0,17.0,1.0,4.4,25.0,37.0,264.0,1,0.0946969696969697
111270.0,24.0,1.0,4.3,28.0,18.0,258.0,1,0.10852713178294573
111271.0,28.0,2.0,3.8,13.0,17.0,228.0,1,0.05701754385964912
111274.0,69.0,1.0,3.9,18.0,100.0,234.0,2,0.07692307692307693
111279.0,40.0,1.0,4.3,30.0,32.0,258.0,1,0.11627906976744186
111280.0,22.0,1.0,4.5,35.0,13.0,270.0,1,0.12962962962962962
111281.0,80.0,1.0,3.7,19.0,23.0,222.0,1,0.08558558558558559
111282.0,54.0,2.0,3.7,11.0,34.0,222.0,1,0.04954954954954955
111283.0,42.0,2.0,3.8,19.0,10.0,228.0,1,0.08333333333333333
111284.0,65.0,1.0,4.0,34.0,32.0,240.0,1,0.14166666666666666
111285.0,16.0,2.0,4.6,11.0,27.0,276.0,1,0.03985507246376811
111286.0,33.0,1.0,4.5,22.0,23.0,270.0,1,0.08148148148148149
111287.0,50.0,1.0,4.2,30.0,23.0,252.0,1,0.11904761904761904
111288.0,56.0,1.0,4.5,26.0,186.0,270.0,2,0.0962962962962963
111290.0,66.0,2.0,4.0,15.0,29.0,240.0,1,0.0625
111294.0,47.0,1.0,4.6,38.0,41.0,276.0,1,0.13768115942028986
111295.0,15.0,2.0,4.3,66.0,32.0,258.0,2,0.2558139534883721
111296.0,40.0,2.0,3.7,14.0,113.0,222.0,2,0.06306306306306306
111297.0,70.0,1.0,4.5,26.0,59.0,270.0,2,0.0962962962962963
111299.0,50.0,2.0,3.9,9.0,34.0,234.0,1,0.038461538461538464
111300.0,63.0,2.0,3.8,11.0,11.0,228.0,1,0.04824561403508772
111301.0,35.0,2.0,3.8,14.0,13.0,228.0,1,0.06140350877192982
111302.0,18.0,1.0,4.6,10.0,10.0,276.0,1,0.036231884057971016
111303.0,27.0,1.0,4.5,27.0,27.0,270.0,1,0.1
111304.0,79.0,1.0,3.9,35.0,15.0,234.0,1,0.14957264957264957
111305.0,68.0,1.0,3.7,27.0,12.0,222.0,1,0.12162162162162163
111307.0,42.0,1.0,4.4,17.0,18.0,264.0,1,0.06439393939393939
111308.0,57.0,2.0,3.6,16.0,18.0,216.0,1,0.07407407407407407
111309.0,35.0,1.0,4.0,17.0,22.0,240.0,1,0.07083333333333333
111311.0,58.0,2.0,4.1,20.0,13.0,245.99999999999997,1,0.0813008130081301
111312.0,61.0,2.0,3.8,42.0,34.0,228.0,2,0.18421052631578946
111314.0,17.0,1.0,4.4,19.0,11.0,264.0,1,0.07196969696969698
111315.0,63.0,2.0,4.2,22.0,19.0,252.0,1,0.0873015873015873
111316.0,39.0,1.0,3.9,18.0,19.0,234.0,1,0.07692307692307693
111317.0,45.0,2.0,4.5,26.0,20.0,270.0,1,0.0962962962962963
111318.0,58.0,2.0,3.5,20.0,26.0,210.0,1,0.09523809523809523
111320.0,43.0,2.0,3.9,27.0,23.0,234.0,1,0.11538461538461539
111321.0,43.0,2.0,3.8,17.0,10.0,228.0,1,0.07456140350877193
111322.0,62.0,2.0,4.8,22.0,25.0,288.0,1,0.0763888888888889
111323.0,43.0,1.0,4.0,46.0,46.0,240.0,2,0.19166666666666668
111324.0,64.0,1.0,3.9,16.0,27.0,234.0,1,0.06837606837606838
111325.0,33.0,1.0,4.2,18.0,37.0,252.0,1,0.07142857142857142
111326.0,50.0,2.0,4.0,35.0,189.0,240.0,2,0.14583333333333334
111328.0,68.0,1.0,4.2,18.0,12.0,252.0,1,0.07142857142857142
111329.0,57.0,1.0,4.0,28.0,56.0,240.0,2,0.11666666666666667
111330.0,19.0,2.0,3.7,10.0,11.0,222.0,1,0.04504504504504504
111332.0,57.0,2.0,4.0,13.0,16.0,240.0,1,0.05416666666666667
111333.0,73.0,2.0,3.7,7.0,20.0,222.0,1,0.03153153153153153
111335.0,55.0,2.0,3.7,13.0,10.0,222.0,1,0.05855855855855856
111336.0,77.0,1.0,3.8,25.0,13.0,228.0,1,0.10964912280701754
111337.0,67.0,2.0,3.2,6.0,9.0,192.0,1,0.03125
111338.0,60.0,1.0,4.3,18.0,25.0,258.0,1,0.06976744186046512
111343.0,67.0,2.0,3.4,9.0,8.0,204.0,1,0.04411764705882353
111345.0,64.0,2.0,3.2,8.0,27.0,192.0,1,0.041666666666666664
111346.0,12.0,1.0,3.9,21.0,13.0,234.0,1,0.08974358974358974
111347.0,14.0,1.0,4.2,13.0,13.0,252.0,1,0.051587301587301584
111348.0,37.0,1.0,4.5,33.0,37.0,270.0,1,0.12222222222222222
111349.0,13.0,2.0,4.8,18.0,9.0,288.0,1,0.0625
111350.0,62.0,1.0,3.4,23.0,34.0,204.0,1,0.11274509803921569
111351.0,22.0,1.0,4.8,35.0,33.0,288.0,1,0.12152777777777778
111352.0,80.0,2.0,3.9,10.0,26.0,234.0,1,0.042735042735042736
111354.0,58.0,1.0,3.7,24.0,32.0,222.0,1,0.10810810810810811
111355.0,62.0,2.0,4.3,31.0,14.0,258.0,1,0.12015503875968993
111357.0,60.0,2.0,4.2,14.0,26.0,252.0,1,0.05555555555555555
111358.0,48.0,1.0,4.5,33.0,25.0,270.0,1,0.12222222222222222
111360.0,53.0,1.0,4.0,37.0,22.0,240.0,1,0.15416666666666667
111361.0,23.0,1.0,4.7,25.0,48.0,282.0,1,0.08865248226950355
111363.0,74.0,1.0,3.8,22.0,51.0,228.0,2,0.09649122807017543
111364.0,67.0,1.0,3.9,17.0,19.0,234.0,1,0.07264957264957266
111365.0,34.0,2.0,4.0,13.0,9.0,240.0,1,0.05416666666666667
111366.0,22.0,1.0,4.6,13.0,17.0,276.0,1,0.04710144927536232
111367.0,69.0,2.0,2.8,10.0,14.0,168.0,1,0.05952380952380952
111369.0,17.0,2.0,3.8,17.0,22.0,228.0,1,0.07456140350877193
111370.0,34.0,2.0,3.7,10.0,13.0,222.0,1,0.04504504504504504
111372.0,18.0,1.0,4.2,30.0,41.0,252.0,1,0.11904761904761904
111377.0,51.0,1.0,3.6,21.0,33.0,216.0,1,0.09722222222222222
111378.0,63.0,2.0,3.9,33.0,37.0,234.0,1,0.14102564102564102
111380.0,67.0,1.0,3.6,40.0,130.0,216.0,2,0.18518518518518517
111382.0,60.0,1.0,4.0,20.0,28.0,240.0,1,0.08333333333333333
111385.0,63.0,2.0,3.9,13.0,23.0,234.0,1,0.05555555555555555
111389.0,65.0,2.0,4.0,17.0,25.0,240.0,1,0.07083333333333333
111391.0,27.0,2.0,4.4,16.0,20.0,264.0,1,0.06060606060606061
111394.0,62.0,1.0,3.9,17.0,13.0,234.0,1,0.07264957264957266
111395.0,34.0,1.0,4.0,38.0,31.0,240.0,1,0.15833333333333333
111396.0,47.0,2.0,3.8,12.0,17.0,228.0,1,0.05263157894736842
111397.0,29.0,2.0,3.5,19.0,20.0,210.0,1,0.09047619047619047
111400.0,28.0,2.0,4.1,13.0,24.0,245.99999999999997,1,0.052845528455284556
111402.0,54.0,2.0,4.5,16.0,13.0,270.0,1,0.05925925925925926
111403.0,18.0,1.0,4.2,11.0,15.0,252.0,1,0.04365079365079365
111405.0,44.0,1.0,3.8,17.0,18.0,228.0,1,0.07456140350877193
111408.0,36.0,1.0,5.0,22.0,41.0,300.0,1,0.07333333333333333
111411.0,50.0,2.0,3.7,24.0,58.0,222.0,2,0.10810810810810811
111416.0,52.0,2.0,3.6,10.0,23.0,216.0,1,0.046296296296296294
111417.0,80.0,2.0,3.9,16.0,14.0,234.0,1,0.06837606837606838
111418.0,19.0,2.0,4.1,13.0,11.0,245.99999999999997,1,0.052845528455284556
111420.0,42.0,1.0,4.3,50.0,113.0,258.0,3,0.1937984496124031
111422.0,71.0,1.0,4.6,14.0,26.0,276.0,1,0.050724637681159424
111424.0,61.0,1.0,4.4,69.0,398.0,264.0,3,0.26136363636363635
111425.0,36.0,1.0,4.3,24.0,28.0,258.0,1,0.09302325581395349
111426.0,28.0,1.0,4.6,13.0,29.0,276.0,1,0.04710144927536232
111427.0,54.0,1.0,3.9,33.0,21.0,234.0,1,0.14102564102564102
111428.0,44.0,1.0,4.1,24.0,28.0,245.99999999999997,1,0.09756097560975611
111429.0,29.0,1.0,4.3,13.0,27.0,258.0,1,0.050387596899224806
111430.0,28.0,2.0,4.3,12.0,12.0,258.0,1,0.046511627906976744
111431.0,40.0,2.0,4.1,17.0,18.0,245.99999999999997,1,0.06910569105691057
111433.0,51.0,1.0,4.3,43.0,136.0,258.0,3,0.16666666666666666
111434.0,66.0,2.0,3.7,16.0,60.0,222.0,2,0.07207207207207207
111436.0,44.0,2.0,4.4,11.0,20.0,264.0,1,0.041666666666666664
111438.0,17.0,2.0,4.4,2.0,10.0,264.0,1,0.007575757575757576
111439.0,80.0,1.0,4.2,17.0,11.0,252.0,1,0.06746031746031746
111440.0,48.0,2.0,4.2,49.0,22.0,252.0,2,0.19444444444444445
111441.0,64.0,1.0,3.7,20.0,18.0,222.0,1,0.09009009009009009
111442.0,79.0,1.0,4.1,21.0,21.0,245.99999999999997,1,0.08536585365853659
111443.0,60.0,1.0,4.6,24.0,41.0,276.0,1,0.08695652173913043
111444.0,68.0,2.0,3.4,15.0,27.0,204.0,1,0.07352941176470588
111449.0,59.0,1.0,4.2,24.0,26.0,252.0,1,0.09523809523809523
111452.0,62.0,1.0,3.9,28.0,47.0,234.0,1,0.11965811965811966
111453.0,26.0,1.0,4.2,16.0,12.0,252.0,1,0.06349206349206349
111454.0,23.0,2.0,4.2,15.0,9.0,252.0,1,0.05952380952380952
111455.0,62.0,1.0,4.0,35.0,17.0,240.0,1,0.14583333333333334
111456.0,35.0,1.0,3.9,28.0,22.0,234.0,1,0.11965811965811966
111459.0,54.0,1.0,4.3,14.0,98.0,258.0,2,0.05426356589147287
111461.0,80.0,2.0,4.1,9.0,7.0,245.99999999999997,1,0.03658536585365854
111463.0,63.0,1.0,3.8,17.0,23.0,228.0,1,0.07456140350877193
111465.0,19.0,2.0,4.4,6.0,9.0,264.0,1,0.022727272727272728
111471.0,24.0,1.0,4.2,8.0,11.0,252.0,1,0.031746031746031744
111476.0,47.0,2.0,3.4,16.0,51.0,204.0,2,0.0784313725490196
111477.0,16.0,2.0,3.9,15.0,19.0,234.0,1,0.0641025641025641
111478.0,16.0,2.0,4.3,14.0,16.0,258.0,1,0.05426356589147287
111479.0,43.0,1.0,4.2,24.0,23.0,252.0,1,0.09523809523809523
111485.0,15.0,2.0,4.0,22.0,13.0,240.0,1,0.09166666666666666
111486.0,32.0,1.0,4.5,16.0,50.0,270.0,2,0.05925925925925926
111487.0,80.0,2.0,3.7,8.0,24.0,222.0,1,0.036036036036036036
111488.0,21.0,1.0,4.3,11.0,18.0,258.0,1,0.04263565891472868
111489.0,35.0,2.0,3.7,19.0,15.0,222.0,1,0.08558558558558559
111491.0,58.0,2.0,4.0,15.0,15.0,240.0,1,0.0625
111492.0,42.0,2.0,3.7,23.0,18.0,222.0,1,0.1036036036036036
111493.0,74.0,2.0,3.7,13.0,16.0,222.0,1,0.05855855855855856
111494.0,58.0,1.0,4.0,60.0,44.0,240.0,2,0.25
111497.0,36.0,2.0,3.9,10.0,9.0,234.0,1,0.042735042735042736
111500.0,53.0,2.0,3.7,19.0,14.0,222.0,1,0.08558558558558559
111501.0,56.0,1.0,4.7,22.0,23.0,282.0,1,0.07801418439716312
111502.0,64.0,2.0,3.8,55.0,15.0,228.0,2,0.2412280701754386
111503.0,46.0,1.0,4.5,99.0,72.0,270.0,3,0.36666666666666664
111504.0,32.0,2.0,4.4,16.0,13.0,264.0,1,0.06060606060606061
111507.0,58.0,1.0,4.2,19.0,16.0,252.0,1,0.07539682539682539
111508.0,48.0,2.0,3.9,18.0,108.0,234.0,2,0.07692307692307693
111509.0,16.0,2.0,4.5,15.0,14.0,270.0,1,0.05555555555555555
111510.0,39.0,1.0,4.6,18.0,29.0,276.0,1,0.06521739130434782
111511.0,32.0,1.0,4.2,17.0,32.0,252.0,1,0.06746031746031746
111512.0,39.0,1.0,4.5,33.0,27.0,270.0,1,0.12222222222222222
111513.0,66.0,1.0,4.2,21.0,25.0,252.0,1,0.08333333333333333
111514.0,64.0,2.0,4.2,16.0,23.0,252.0,1,0.06349206349206349
111516.0,61.0,1.0,3.9,18.0,31.0,234.0,1,0.07692307692307693
111519.0,32.0,2.0,4.0,13.0,15.0,240.0,1,0.05416666666666667
111520.0,58.0,2.0,4.3,20.0,11.0,258.0,1,0.07751937984496124
111521.0,12.0,2.0,3.4,9.0,9.0,204.0,1,0.04411764705882353
111522.0,50.0,2.0,4.0,24.0,21.0,240.0,1,0.1
111523.0,59.0,2.0,4.0,24.0,19.0,240.0,1,0.1
111525.0,61.0,1.0,4.3,16.0,22.0,258.0,1,0.06201550387596899
111528.0,36.0,1.0,4.1,19.0,13.0,245.99999999999997,1,0.07723577235772358
111529.0,12.0,1.0,4.2,14.0,12.0,252.0,1,0.05555555555555555
111530.0,16.0,1.0,4.2,11.0,15.0,252.0,1,0.04365079365079365
111533.0,25.0,2.0,4.0,18.0,17.0,240.0,1,0.075
111534.0,32.0,2.0,3.8,16.0,27.0,228.0,1,0.07017543859649122
111535.0,64.0,2.0,4.1,33.0,28.0,245.99999999999997,1,0.13414634146341464
111536.0,26.0,1.0,4.3,9.0,12.0,258.0,1,0.03488372093023256
111537.0,19.0,1.0,4.0,14.0,18.0,240.0,1,0.058333333333333334
111541.0,27.0,2.0,3.6,11.0,12.0,216.0,1,0.05092592592592592
111542.0,53.0,1.0,4.1,25.0,26.0,245.99999999999997,1,0.10162601626016261
111543.0,30.0,2.0,4.5,17.0,13.0,270.0,1,0.06296296296296296
111546.0,58.0,1.0,3.8,30.0,81.0,228.0,2,0.13157894736842105
111547.0,15.0,1.0,4.1,16.0,16.0,245.99999999999997,1,0.06504065040650407
111548.0,79.0,1.0,3.5,15.0,90.0,210.0,2,0.07142857142857142
111550.0,76.0,2.0,4.3,28.0,26.0,258.0,1,0.10852713178294573
111551.0,39.0,2.0,3.9,17.0,23.0,234.0,1,0.07264957264957266
111554.0,79.0,1.0,4.2,12.0,14.0,252.0,1,0.047619047619047616
111555.0,29.0,2.0,4.0,12.0,18.0,240.0,1,0.05
111556.0,52.0,2.0,4.1,13.0,22.0,245.99999999999997,1,0.052845528455284556
111557.0,48.0,2.0,3.9,11.0,6.0,234.0,1,0.04700854700854701
111558.0,80.0,1.0,4.2,10.0,16.0,252.0,1,0.03968253968253968
111560.0,72.0,2.0,3.9,14.0,20.0,234.0,1,0.05982905982905983
111561.0,28.0,2.0,4.2,10.0,13.0,252.0,1,0.03968253968253968
111564.0,61.0,1.0,3.7,166.0,161.0,222.0,3,0.7477477477477478
111571.0,64.0,2.0,3.7,11.0,20.0,222.0,1,0.04954954954954955
111572.0,26.0,2.0,4.3,14.0,7.0,258.0,1,0.05426356589147287
111574.0,71.0,1.0,4.1,24.0,37.0,245.99999999999997,1,0.09756097560975611
111575.0,37.0,2.0,3.6,23.0,16.0,216.0,1,0.10648148148148148
111577.0,53.0,1.0,3.8,30.0,69.0,228.0,2,0.13157894736842105
111579.0,80.0,1.0,4.4,8.0,14.0,264.0,1,0.030303030303030304
111581.0,15.0,1.0,4.3,9.0,16.0,258.0,1,0.03488372093023256
111582.0,53.0,2.0,4.3,13.0,13.0,258.0,1,0.050387596899224806
111585.0,38.0,1.0,4.1,13.0,17.0,245.99999999999997,1,0.052845528455284556
111586.0,55.0,2.0,4.2,29.0,22.0,252.0,1,0.11507936507936507
111587.0,46.0,1.0,4.1,18.0,30.0,245.99999999999997,1,0.07317073170731708
111588.0,49.0,1.0,4.2,26.0,35.0,252.0,1,0.10317460317460317
111589.0,33.0,2.0,3.9,27.0,22.0,234.0,1,0.11538461538461539
111590.0,40.0,2.0,3.8,27.0,78.0,228.0,2,0.11842105263157894
111592.0,12.0,1.0,4.3,11.0,11.0,258.0,1,0.04263565891472868
111593.0,19.0,1.0,4.4,52.0,57.0,264.0,3,0.19696969696969696
111595.0,43.0,1.0,4.3,9.0,10.0,258.0,1,0.03488372093023256
111598.0,36.0,1.0,3.7,20.0,33.0,222.0,1,0.09009009009009009
111602.0,79.0,1.0,3.6,10.0,12.0,216.0,1,0.046296296296296294
111604.0,62.0,2.0,3.7,13.0,36.0,222.0,1,0.05855855855855856
111605.0,25.0,1.0,3.9,29.0,16.0,234.0,1,0.12393162393162394
111607.0,15.0,1.0,4.5,11.0,10.0,270.0,1,0.040740740740740744
111608.0,34.0,2.0,4.1,17.0,12.0,245.99999999999997,1,0.06910569105691057
111609.0,43.0,1.0,3.8,19.0,27.0,228.0,1,0.08333333333333333
111610.0,63.0,1.0,4.8,13.0,30.0,288.0,1,0.04513888888888889
111613.0,40.0,2.0,3.9,8.0,12.0,234.0,1,0.03418803418803419
111614.0,58.0,2.0,3.7,14.0,19.0,222.0,1,0.06306306306306306
111616.0,63.0,2.0,3.6,22.0,24.0,216.0,1,0.10185185185185185
111617.0,55.0,1.0,4.3,10.0,15.0,258.0,1,0.03875968992248062
111618.0,48.0,1.0,3.9,11.0,24.0,234.0,1,0.04700854700854701
111620.0,19.0,1.0,4.8,23.0,12.0,288.0,1,0.0798611111111111
111621.0,60.0,1.0,4.2,21.0,16.0,252.0,1,0.08333333333333333
111622.0,13.0,2.0,3.8,11.0,10.0,228.0,1,0.04824561403508772
111623.0,27.0,2.0,4.1,9.0,15.0,245.99999999999997,1,0.03658536585365854
111625.0,80.0,1.0,4.0,11.0,20.0,240.0,1,0.04583333333333333
111627.0,17.0,1.0,4.7,11.0,18.0,282.0,1,0.03900709219858156
111629.0,57.0,1.0,3.6,19.0,73.0,216.0,2,0.08796296296296297
111630.0,17.0,2.0,4.0,15.0,18.0,240.0,1,0.0625
111631.0,71.0,1.0,3.4,12.0,39.0,204.0,1,0.058823529411764705
111632.0,50.0,1.0,3.9,17.0,12.0,234.0,1,0.07264957264957266
111633.0,42.0,2.0,3.9,10.0,14.0,234.0,1,0.042735042735042736
111635.0,64.0,1.0,4.6,36.0,118.0,276.0,2,0.13043478260869565
111636.0,12.0,1.0,4.1,17.0,23.0,245.99999999999997,1,0.06910569105691057
111638.0,33.0,1.0,4.4,27.0,28.0,264.0,1,0.10227272727272728
111639.0,71.0,1.0,3.8,15.0,30.0,228.0,1,0.06578947368421052
111640.0,51.0,1.0,3.8,46.0,30.0,228.0,2,0.20175438596491227
111641.0,74.0,2.0,4.1,11.0,18.0,245.99999999999997,1,0.04471544715447155
111642.0,80.0,1.0,4.1,9.0,11.0,245.99999999999997,1,0.03658536585365854
111643.0,80.0,1.0,4.0,16.0,16.0,240.0,1,0.06666666666666667
111645.0,49.0,2.0,3.8,14.0,28.0,228.0,1,0.06140350877192982
111646.0,30.0,2.0,4.6,9.0,12.0,276.0,1,0.03260869565217391
111647.0,80.0,1.0,4.3,13.0,13.0,258.0,1,0.050387596899224806
111648.0,13.0,2.0,4.7,14.0,10.0,282.0,1,0.04964539007092199
111649.0,74.0,1.0,4.0,15.0,15.0,240.0,1,0.0625
111650.0,32.0,2.0,4.4,12.0,17.0,264.0,1,0.045454545454545456
111652.0,23.0,2.0,4.3,8.0,9.0,258.0,1,0.031007751937984496
111654.0,16.0,1.0,4.3,15.0,22.0,258.0,1,0.05813953488372093
111655.0,55.0,2.0,4.4,32.0,13.0,264.0,1,0.12121212121212122
111656.0,78.0,2.0,4.3,17.0,14.0,258.0,1,0.06589147286821706
111658.0,50.0,2.0,3.7,12.0,16.0,222.0,1,0.05405405405405406
111659.0,32.0,1.0,4.2,16.0,11.0,252.0,1,0.06349206349206349
111660.0,58.0,2.0,4.1,16.0,14.0,245.99999999999997,1,0.06504065040650407
111663.0,68.0,2.0,3.9,32.0,84.0,234.0,2,0.13675213675213677
111664.0,60.0,1.0,4.0,17.0,34.0,240.0,1,0.07083333333333333
111665.0,16.0,1.0,4.3,40.0,29.0,258.0,1,0.15503875968992248
111666.0,41.0,2.0,4.1,40.0,82.0,245.99999999999997,2,0.1626016260162602
111668.0,52.0,1.0,4.0,64.0,38.0,240.0,2,0.26666666666666666
111669.0,45.0,1.0,4.2,41.0,67.0,252.0,3,0.1626984126984127
111670.0,48.0,2.0,4.1,10.0,27.0,245.99999999999997,1,0.04065040650406505
111671.0,39.0,1.0,3.9,8.0,9.0,234.0,1,0.03418803418803419
111673.0,25.0,2.0,4.5,21.0,24.0,270.0,1,0.07777777777777778
111674.0,61.0,1.0,3.9,29.0,19.0,234.0,1,0.12393162393162394
111675.0,35.0,2.0,3.7,7.0,14.0,222.0,1,0.03153153153153153
111676.0,24.0,2.0,4.3,12.0,13.0,258.0,1,0.046511627906976744
111678.0,77.0,1.0,3.6,10.0,21.0,216.0,1,0.046296296296296294
111679.0,49.0,2.0,4.1,14.0,39.0,245.99999999999997,1,0.05691056910569106
111681.0,15.0,2.0,3.5,11.0,20.0,210.0,1,0.05238095238095238
111682.0,59.0,2.0,4.1,32.0,25.0,245.99999999999997,1,0.13008130081300814
111683.0,20.0,2.0,4.1,5.0,18.0,245.99999999999997,1,0.020325203252032523
111684.0,15.0,2.0,4.5,11.0,10.0,270.0,1,0.040740740740740744
111686.0,14.0,2.0,4.3,23.0,11.0,258.0,1,0.08914728682170543
111688.0,36.0,2.0,3.7,13.0,17.0,222.0,1,0.05855855855855856
111689.0,14.0,2.0,4.0,8.0,14.0,240.0,1,0.03333333333333333
111692.0,38.0,2.0,4.1,20.0,24.0,245.99999999999997,1,0.0813008130081301
111693.0,26.0,2.0,3.9,16.0,22.0,234.0,1,0.06837606837606838
111694.0,14.0,2.0,4.1,36.0,17.0,245.99999999999997,1,0.14634146341463417
111695.0,30.0,2.0,4.2,34.0,11.0,252.0,1,0.1349206349206349
111698.0,65.0,2.0,3.6,10.0,15.0,216.0,1,0.046296296296296294
111700.0,46.0,2.0,4.0,11.0,57.0,240.0,2,0.04583333333333333
111701.0,80.0,1.0,3.6,23.0,166.0,216.0,2,0.10648148148148148
111703.0,48.0,1.0,4.5,43.0,42.0,270.0,2,0.15925925925925927
111704.0,52.0,2.0,3.5,13.0,15.0,210.0,1,0.06190476190476191
111705.0,54.0,2.0,3.5,7.0,7.0,210.0,1,0.03333333333333333
111707.0,80.0,1.0,4.1,47.0,61.0,245.99999999999997,3,0.1910569105691057
111708.0,44.0,2.0,4.4,63.0,67.0,264.0,3,0.23863636363636365
111709.0,13.0,1.0,3.9,32.0,36.0,234.0,1,0.13675213675213677
111710.0,22.0,2.0,3.9,15.0,14.0,234.0,1,0.0641025641025641
111712.0,60.0,1.0,3.7,72.0,122.0,222.0,3,0.32432432432432434
111716.0,55.0,2.0,4.1,9.0,24.0,245.99999999999997,1,0.03658536585365854
111717.0,56.0,2.0,4.0,9.0,11.0,240.0,1,0.0375
111719.0,23.0,1.0,4.7,15.0,22.0,282.0,1,0.05319148936170213
111720.0,35.0,2.0,4.3,14.0,12.0,258.0,1,0.05426356589147287
111723.0,66.0,2.0,4.4,17.0,34.0,264.0,1,0.06439393939393939
111724.0,31.0,2.0,3.9,16.0,13.0,234.0,1,0.06837606837606838
111726.0,43.0,2.0,3.8,14.0,15.0,228.0,1,0.06140350877192982
111728.0,80.0,1.0,4.0,10.0,28.0,240.0,1,0.041666666666666664
111729.0,31.0,1.0,4.5,22.0,37.0,270.0,1,0.08148148148148149
111731.0,21.0,2.0,3.9,19.0,10.0,234.0,1,0.0811965811965812
111732.0,46.0,2.0,4.2,16.0,18.0,252.0,1,0.06349206349206349
111733.0,31.0,1.0,4.3,54.0,54.0,258.0,3,0.20930232558139536
111734.0,45.0,1.0,3.9,19.0,19.0,234.0,1,0.0811965811965812
111736.0,54.0,2.0,4.2,33.0,30.0,252.0,1,0.13095238095238096
111741.0,69.0,2.0,4.4,14.0,9.0,264.0,1,0.05303030303030303
111744.0,41.0,2.0,3.9,6.0,8.0,234.0,1,0.02564102564102564
111745.0,63.0,1.0,4.4,40.0,50.0,264.0,2,0.15151515151515152
111748.0,16.0,2.0,3.9,16.0,12.0,234.0,1,0.06837606837606838
111749.0,63.0,1.0,4.1,17.0,24.0,245.99999999999997,1,0.06910569105691057
111751.0,55.0,2.0,3.7,14.0,23.0,222.0,1,0.06306306306306306
111752.0,54.0,1.0,3.6,13.0,20.0,216.0,1,0.06018518518518518
111753.0,51.0,1.0,4.1,16.0,27.0,245.99999999999997,1,0.06504065040650407
111754.0,66.0,2.0,4.0,31.0,153.0,240.0,2,0.12916666666666668
111756.0,16.0,2.0,3.8,13.0,9.0,228.0,1,0.05701754385964912
111758.0,31.0,2.0,3.9,19.0,15.0,234.0,1,0.0811965811965812
111760.0,47.0,1.0,3.3,8.0,32.0,198.0,1,0.04040404040404041
111762.0,41.0,2.0,4.0,15.0,21.0,240.0,1,0.0625
111763.0,64.0,2.0,3.8,11.0,19.0,228.0,1,0.04824561403508772
111765.0,30.0,1.0,4.1,25.0,23.0,245.99999999999997,1,0.10162601626016261
111766.0,33.0,2.0,3.7,9.0,31.0,222.0,1,0.04054054054054054
111767.0,26.0,1.0,4.8,20.0,17.0,288.0,1,0.06944444444444445
111768.0,25.0,1.0,4.2,25.0,25.0,252.0,1,0.0992063492063492
111770.0,60.0,2.0,4.1,14.0,27.0,245.99999999999997,1,0.05691056910569106
111772.0,57.0,1.0,4.4,18.0,36.0,264.0,1,0.06818181818181818
111773.0,18.0,2.0,4.1,7.0,16.0,245.99999999999997,1,0.02845528455284553
111774.0,19.0,2.0,4.1,15.0,12.0,245.99999999999997,1,0.06097560975609757
111776.0,70.0,2.0,4.1,8.0,15.0,245.99999999999997,1,0.032520325203252036
111777.0,23.0,1.0,4.1,13.0,10.0,245.99999999999997,1,0.052845528455284556
111778.0,32.0,2.0,4.3,10.0,16.0,258.0,1,0.03875968992248062
111779.0,53.0,2.0,3.8,16.0,18.0,228.0,1,0.07017543859649122
111781.0,72.0,2.0,3.8,12.0,19.0,228.0,1,0.05263157894736842
111783.0,78.0,2.0,4.2,14.0,22.0,252.0,1,0.05555555555555555
111784.0,75.0,1.0,4.3,28.0,57.0,258.0,2,0.10852713178294573
111786.0,61.0,2.0,3.8,14.0,33.0,228.0,1,0.06140350877192982
111787.0,57.0,1.0,4.3,21.0,23.0,258.0,1,0.08139534883720931
111789.0,38.0,2.0,4.4,12.0,13.0,264.0,1,0.045454545454545456
111790.0,72.0,1.0,4.2,33.0,78.0,252.0,2,0.13095238095238096
111791.0,52.0,2.0,3.5,14.0,13.0,210.0,1,0.06666666666666667
111792.0,69.0,2.0,4.1,13.0,20.0,245.99999999999997,1,0.052845528455284556
111794.0,35.0,1.0,3.9,51.0,30.0,234.0,2,0.21794871794871795
111795.0,59.0,1.0,4.0,16.0,12.0,240.0,1,0.06666666666666667
111796.0,34.0,1.0,4.0,14.0,16.0,240.0,1,0.058333333333333334
111797.0,61.0,1.0,4.6,56.0,169.0,276.0,3,0.2028985507246377
111798.0,80.0,2.0,4.1,15.0,49.0,245.99999999999997,2,0.06097560975609757
111799.0,80.0,2.0,4.0,14.0,21.0,240.0,1,0.058333333333333334
111800.0,58.0,2.0,4.6,23.0,27.0,276.0,1,0.08333333333333333
111801.0,35.0,2.0,3.9,11.0,14.0,234.0,1,0.04700854700854701
111802.0,20.0,2.0,3.8,9.0,18.0,228.0,1,0.039473684210526314
111803.0,36.0,1.0,4.1,24.0,26.0,245.99999999999997,1,0.09756097560975611
111804.0,60.0,2.0,4.0,22.0,30.0,240.0,1,0.09166666666666666
111808.0,22.0,2.0,4.1,158.0,305.0,245.99999999999997,3,0.6422764227642277
111810.0,80.0,1.0,3.9,23.0,58.0,234.0,2,0.09829059829059829
111811.0,26.0,2.0,4.1,9.0,11.0,245.99999999999997,1,0.03658536585365854
111814.0,54.0,1.0,4.3,45.0,27.0,258.0,2,0.1744186046511628
111817.0,13.0,2.0,4.4,8.0,6.0,264.0,1,0.030303030303030304
111820.0,19.0,2.0,3.6,14.0,13.0,216.0,1,0.06481481481481481
111821.0,59.0,2.0,4.1,23.0,56.0,245.99999999999997,2,0.0934959349593496
111822.0,14.0,2.0,4.2,8.0,9.0,252.0,1,0.031746031746031744
111823.0,80.0,1.0,4.3,16.0,23.0,258.0,1,0.06201550387596899
111824.0,63.0,1.0,4.4,32.0,235.0,264.0,2,0.12121212121212122
111825.0,34.0,1.0,3.9,25.0,44.0,234.0,1,0.10683760683760683
111826.0,80.0,1.0,4.2,14.0,23.0,252.0,1,0.05555555555555555
111827.0,40.0,1.0,4.1,115.0,47.0,245.99999999999997,2,0.467479674796748
111828.0,39.0,2.0,4.2,34.0,30.0,252.0,1,0.1349206349206349
111829.0,61.0,2.0,4.0,36.0,241.0,240.0,2,0.15
111830.0,18.0,2.0,4.1,15.0,11.0,245.99999999999997,1,0.06097560975609757
111831.0,41.0,1.0,4.4,48.0,41.0,264.0,2,0.18181818181818182
111833.0,26.0,2.0,4.3,13.0,11.0,258.0,1,0.050387596899224806
111835.0,72.0,1.0,4.0,12.0,11.0,240.0,1,0.05
111836.0,12.0,1.0,3.8,49.0,22.0,228.0,2,0.2149122807017544
111837.0,19.0,1.0,4.4,18.0,24.0,264.0,1,0.06818181818181818
111838.0,16.0,1.0,4.5,12.0,14.0,270.0,1,0.044444444444444446
111839.0,61.0,2.0,3.9,25.0,22.0,234.0,1,0.10683760683760683
111840.0,80.0,1.0,3.4,8.0,10.0,204.0,1,0.0392156862745098
111844.0,14.0,1.0,4.3,25.0,13.0,258.0,1,0.09689922480620156
111845.0,34.0,2.0,4.4,20.0,33.0,264.0,1,0.07575757575757576
111846.0,23.0,2.0,4.4,17.0,15.0,264.0,1,0.06439393939393939
111849.0,41.0,1.0,4.3,35.0,54.0,258.0,2,0.13565891472868216
111850.0,42.0,2.0,3.8,10.0,21.0,228.0,1,0.043859649122807015
111855.0,14.0,1.0,4.0,15.0,15.0,240.0,1,0.0625
111857.0,53.0,2.0,4.5,28.0,41.0,270.0,1,0.1037037037037037
111858.0,23.0,1.0,4.4,17.0,8.0,264.0,1,0.06439393939393939
111859.0,39.0,2.0,3.6,65.0,42.0,216.0,2,0.30092592592592593
111860.0,80.0,2.0,4.1,13.0,14.0,245.99999999999997,1,0.052845528455284556
111861.0,15.0,1.0,4.2,12.0,17.0,252.0,1,0.047619047619047616
111863.0,78.0,2.0,3.8,18.0,12.0,228.0,1,0.07894736842105263
111864.0,34.0,1.0,4.6,14.0,29.0,276.0,1,0.050724637681159424
111866.0,77.0,1.0,3.8,12.0,18.0,228.0,1,0.05263157894736842
111868.0,48.0,2.0,3.8,29.0,22.0,228.0,1,0.12719298245614036
111869.0,44.0,2.0,4.1,17.0,18.0,245.99999999999997,1,0.06910569105691057
111870.0,70.0,2.0,3.9,13.0,23.0,234.0,1,0.05555555555555555
111871.0,43.0,2.0,4.2,19.0,17.0,252.0,1,0.07539682539682539
111872.0,38.0,2.0,3.4,11.0,13.0,204.0,1,0.05392156862745098
111874.0,61.0,1.0,3.8,13.0,17.0,228.0,1,0.05701754385964912
111875.0,56.0,2.0,3.7,46.0,60.0,222.0,3,0.2072072072072072
111876.0,54.0,1.0,4.1,38.0,27.0,245.99999999999997,1,0.15447154471544716
111878.0,37.0,1.0,4.3,16.0,19.0,258.0,1,0.06201550387596899
111879.0,70.0,1.0,3.8,19.0,24.0,228.0,1,0.08333333333333333
111880.0,14.0,1.0,4.2,9.0,12.0,252.0,1,0.03571428571428571
111882.0,64.0,2.0,3.4,9.0,12.0,204.0,1,0.04411764705882353
111883.0,72.0,1.0,4.2,22.0,30.0,252.0,1,0.0873015873015873
111884.0,60.0,1.0,4.4,20.0,52.0,264.0,2,0.07575757575757576
111887.0,29.0,2.0,4.0,15.0,24.0,240.0,1,0.0625
111890.0,60.0,1.0,4.2,17.0,41.0,252.0,1,0.06746031746031746
111893.0,66.0,2.0,4.6,33.0,15.0,276.0,1,0.11956521739130435
111894.0,21.0,1.0,4.3,16.0,16.0,258.0,1,0.06201550387596899
111895.0,66.0,1.0,3.9,20.0,15.0,234.0,1,0.08547008547008547
111896.0,65.0,1.0,4.2,42.0,27.0,252.0,2,0.16666666666666666
111898.0,74.0,2.0,4.2,13.0,15.0,252.0,1,0.051587301587301584
111900.0,55.0,2.0,3.6,20.0,22.0,216.0,1,0.09259259259259259
111901.0,57.0,1.0,4.5,20.0,51.0,270.0,2,0.07407407407407407
111904.0,53.0,2.0,3.7,13.0,40.0,222.0,1,0.05855855855855856
111906.0,45.0,1.0,3.9,23.0,43.0,234.0,1,0.09829059829059829
111908.0,64.0,2.0,4.0,14.0,10.0,240.0,1,0.058333333333333334
111909.0,56.0,2.0,4.3,165.0,356.0,258.0,3,0.6395348837209303
111911.0,40.0,1.0,4.3,23.0,24.0,258.0,1,0.08914728682170543
111912.0,16.0,1.0,4.8,22.0,19.0,288.0,1,0.0763888888888889
111913.0,48.0,1.0,4.2,25.0,60.0,252.0,2,0.0992063492063492
111915.0,12.0,1.0,4.2,13.0,9.0,252.0,1,0.051587301587301584
111917.0,41.0,1.0,4.0,47.0,43.0,240.0,2,0.19583333333333333
111918.0,80.0,2.0,4.5,20.0,26.0,270.0,1,0.07407407407407407
111921.0,80.0,1.0,4.6,18.0,10.0,276.0,1,0.06521739130434782
111922.0,30.0,1.0,4.4,23.0,17.0,264.0,1,0.08712121212121213
111923.0,40.0,2.0,4.0,31.0,38.0,240.0,1,0.12916666666666668
111925.0,22.0,1.0,4.5,13.0,22.0,270.0,1,0.04814814814814815
111926.0,13.0,2.0,4.9,12.0,11.0,294.0,1,0.04081632653061224
111927.0,54.0,2.0,4.5,47.0,25.0,270.0,2,0.17407407407407408
111928.0,46.0,2.0,3.6,10.0,14.0,216.0,1,0.046296296296296294
111930.0,73.0,1.0,3.4,11.0,12.0,204.0,1,0.05392156862745098
111931.0,15.0,2.0,4.4,12.0,11.0,264.0,1,0.045454545454545456
111934.0,63.0,2.0,4.1,12.0,8.0,245.99999999999997,1,0.04878048780487806
111935.0,48.0,2.0,4.1,10.0,9.0,245.99999999999997,1,0.04065040650406505
111936.0,13.0,2.0,3.9,8.0,10.0,234.0,1,0.03418803418803419
111938.0,57.0,2.0,3.8,11.0,9.0,228.0,1,0.04824561403508772
111942.0,27.0,1.0,4.1,15.0,21.0,245.99999999999997,1,0.06097560975609757
111943.0,80.0,1.0,3.8,16.0,17.0,228.0,1,0.07017543859649122
111944.0,32.0,2.0,4.1,15.0,19.0,245.99999999999997,1,0.06097560975609757
111945.0,74.0,1.0,3.7,12.0,18.0,222.0,1,0.05405405405405406
111946.0,29.0,2.0,4.0,47.0,145.0,240.0,3,0.19583333333333333
111947.0,45.0,1.0,3.9,40.0,111.0,234.0,2,0.17094017094017094
111949.0,80.0,1.0,3.6,8.0,14.0,216.0,1,0.037037037037037035
111951.0,19.0,2.0,4.1,6.0,9.0,245.99999999999997,1,0.02439024390243903
111952.0,17.0,2.0,4.7,10.0,23.0,282.0,1,0.03546099290780142
111955.0,17.0,2.0,4.1,11.0,19.0,245.99999999999997,1,0.04471544715447155
111956.0,65.0,1.0,4.1,13.0,17.0,245.99999999999997,1,0.052845528455284556
111958.0,38.0,2.0,3.8,58.0,14.0,228.0,2,0.2543859649122807
111960.0,41.0,2.0,4.1,14.0,14.0,245.99999999999997,1,0.05691056910569106
111963.0,20.0,2.0,4.1,10.0,17.0,245.99999999999997,1,0.04065040650406505
111964.0,15.0,2.0,4.4,9.0,11.0,264.0,1,0.03409090909090909
111966.0,33.0,1.0,4.6,46.0,32.0,276.0,2,0.16666666666666666
111968.0,70.0,1.0,4.0,33.0,33.0,240.0,1,0.1375
111970.0,35.0,2.0,4.1,21.0,24.0,245.99999999999997,1,0.08536585365853659
111971.0,45.0,1.0,4.2,15.0,48.0,252.0,1,0.05952380952380952
111972.0,37.0,2.0,4.0,17.0,21.0,240.0,1,0.07083333333333333
111973.0,51.0,2.0,4.2,9.0,24.0,252.0,1,0.03571428571428571
111974.0,26.0,1.0,4.4,28.0,54.0,264.0,2,0.10606060606060606
111975.0,59.0,2.0,4.0,15.0,37.0,240.0,1,0.0625
111977.0,80.0,1.0,3.8,17.0,31.0,228.0,1,0.07456140350877193
111979.0,20.0,2.0,4.1,7.0,15.0,245.99999999999997,1,0.02845528455284553
111980.0,47.0,2.0,3.6,31.0,27.0,216.0,1,0.14351851851851852
111982.0,25.0,2.0,3.3,8.0,12.0,198.0,1,0.04040404040404041
111983.0,63.0,1.0,4.9,21.0,19.0,294.0,1,0.07142857142857142
111986.0,60.0,1.0,4.1,44.0,24.0,245.99999999999997,2,0.1788617886178862
111989.0,15.0,2.0,4.4,8.0,9.0,264.0,1,0.030303030303030304
111990.0,61.0,2.0,3.7,115.0,386.0,222.0,3,0.5180180180180181
111991.0,44.0,2.0,3.6,35.0,26.0,216.0,1,0.16203703703703703
111993.0,38.0,1.0,4.0,21.0,29.0,240.0,1,0.0875
111994.0,63.0,1.0,4.0,30.0,93.0,240.0,2,0.125
111995.0,22.0,1.0,4.5,56.0,56.0,270.0,3,0.2074074074074074
111999.0,47.0,1.0,3.9,29.0,29.0,234.0,1,0.12393162393162394
112001.0,59.0,1.0,4.1,63.0,279.0,245.99999999999997,3,0.25609756097560976
112002.0,33.0,2.0,4.3,12.0,11.0,258.0,1,0.046511627906976744
112004.0,19.0,1.0,4.2,15.0,19.0,252.0,1,0.05952380952380952
112005.0,77.0,1.0,4.3,23.0,27.0,258.0,1,0.08914728682170543
112008.0,77.0,1.0,4.3,23.0,93.0,258.0,2,0.08914728682170543
112010.0,29.0,1.0,4.4,13.0,26.0,264.0,1,0.04924242424242424
112011.0,60.0,1.0,4.7,18.0,17.0,282.0,1,0.06382978723404255
112012.0,32.0,1.0,4.6,22.0,63.0,276.0,2,0.07971014492753623
112013.0,14.0,2.0,3.9,14.0,9.0,234.0,1,0.05982905982905983
112015.0,79.0,2.0,3.7,7.0,8.0,222.0,1,0.03153153153153153
112016.0,55.0,2.0,4.2,14.0,53.0,252.0,2,0.05555555555555555
112017.0,14.0,2.0,4.2,9.0,14.0,252.0,1,0.03571428571428571
112018.0,29.0,1.0,4.0,45.0,51.0,240.0,3,0.1875
112019.0,74.0,2.0,4.3,25.0,17.0,258.0,1,0.09689922480620156
112020.0,20.0,2.0,4.2,27.0,23.0,252.0,1,0.10714285714285714
112021.0,52.0,2.0,4.0,17.0,45.0,240.0,1,0.07083333333333333
112022.0,77.0,2.0,3.7,17.0,66.0,222.0,2,0.07657657657657657
112023.0,41.0,2.0,3.7,11.0,8.0,222.0,1,0.04954954954954955
112025.0,57.0,1.0,3.9,38.0,23.0,234.0,1,0.1623931623931624
112026.0,12.0,1.0,4.4,11.0,12.0,264.0,1,0.041666666666666664
112027.0,20.0,1.0,4.5,22.0,20.0,270.0,1,0.08148148148148149
112028.0,55.0,2.0,4.0,20.0,21.0,240.0,1,0.08333333333333333
112030.0,72.0,1.0,4.4,28.0,13.0,264.0,1,0.10606060606060606
112031.0,18.0,1.0,4.1,20.0,11.0,245.99999999999997,1,0.0813008130081301
112033.0,17.0,2.0,4.0,15.0,18.0,240.0,1,0.0625
112034.0,21.0,2.0,4.2,26.0,43.0,252.0,1,0.10317460317460317
112035.0,14.0,1.0,4.7,24.0,40.0,282.0,1,0.0851063829787234
112036.0,13.0,1.0,4.5,19.0,14.0,270.0,1,0.07037037037037037
112038.0,33.0,1.0,4.5,29.0,24.0,270.0,1,0.10740740740740741
112040.0,23.0,1.0,4.3,25.0,28.0,258.0,1,0.09689922480620156
112041.0,30.0,1.0,4.1,18.0,26.0,245.99999999999997,1,0.07317073170731708
112045.0,67.0,1.0,4.6,21.0,25.0,276.0,1,0.07608695652173914
112047.0,63.0,1.0,3.7,26.0,33.0,222.0,1,0.11711711711711711
112050.0,61.0,2.0,3.8,19.0,24.0,228.0,1,0.08333333333333333
112051.0,13.0,1.0,4.4,10.0,21.0,264.0,1,0.03787878787878788
112052.0,44.0,1.0,4.8,39.0,28.0,288.0,1,0.13541666666666666
112053.0,77.0,2.0,3.7,16.0,22.0,222.0,1,0.07207207207207207
112054.0,55.0,2.0,4.1,13.0,14.0,245.99999999999997,1,0.052845528455284556
112055.0,39.0,2.0,4.3,10.0,14.0,258.0,1,0.03875968992248062
112058.0,17.0,1.0,4.2,70.0,55.0,252.0,3,0.2777777777777778
112059.0,43.0,2.0,3.7,21.0,32.0,222.0,1,0.0945945945945946
112060.0,43.0,1.0,3.9,17.0,12.0,234.0,1,0.07264957264957266
112061.0,13.0,2.0,4.2,5.0,10.0,252.0,1,0.01984126984126984
112063.0,41.0,2.0,2.6,10.0,18.0,156.0,1,0.0641025641025641
112064.0,12.0,1.0,4.3,31.0,19.0,258.0,1,0.12015503875968993
112067.0,63.0,1.0,4.2,24.0,12.0,252.0,1,0.09523809523809523
112071.0,57.0,2.0,3.9,24.0,30.0,234.0,1,0.10256410256410256
112072.0,62.0,1.0,3.8,12.0,15.0,228.0,1,0.05263157894736842
112073.0,28.0,1.0,4.5,13.0,22.0,270.0,1,0.04814814814814815
112077.0,25.0,2.0,4.3,14.0,8.0,258.0,1,0.05426356589147287
112078.0,61.0,1.0,3.9,14.0,14.0,234.0,1,0.05982905982905983
112079.0,70.0,2.0,4.0,38.0,45.0,240.0,1,0.15833333333333333
112080.0,56.0,1.0,4.3,21.0,25.0,258.0,1,0.08139534883720931
112081.0,74.0,1.0,4.3,16.0,13.0,258.0,1,0.06201550387596899
112082.0,15.0,1.0,4.3,11.0,10.0,258.0,1,0.04263565891472868
112084.0,74.0,1.0,4.3,23.0,45.0,258.0,1,0.08914728682170543
112085.0,20.0,2.0,4.0,15.0,9.0,240.0,1,0.0625
112086.0,50.0,1.0,4.4,8.0,31.0,264.0,1,0.030303030303030304
112088.0,26.0,2.0,4.0,8.0,11.0,240.0,1,0.03333333333333333
112089.0,54.0,2.0,4.0,14.0,13.0,240.0,1,0.058333333333333334
112090.0,74.0,2.0,3.6,16.0,18.0,216.0,1,0.07407407407407407
112095.0,67.0,1.0,4.2,7.0,8.0,252.0,1,0.027777777777777776
112098.0,62.0,2.0,4.1,18.0,23.0,245.99999999999997,1,0.07317073170731708
112099.0,72.0,2.0,3.7,19.0,88.0,222.0,2,0.08558558558558559
112100.0,56.0,1.0,4.9,17.0,23.0,294.0,1,0.05782312925170068
112102.0,38.0,1.0,4.5,20.0,22.0,270.0,1,0.07407407407407407
112105.0,55.0,1.0,4.2,20.0,62.0,252.0,2,0.07936507936507936
112106.0,30.0,1.0,4.0,21.0,18.0,240.0,1,0.0875
112108.0,53.0,2.0,3.5,13.0,11.0,210.0,1,0.06190476190476191
112109.0,38.0,1.0,3.6,15.0,24.0,216.0,1,0.06944444444444445
112110.0,37.0,2.0,4.5,18.0,9.0,270.0,1,0.06666666666666667
112113.0,70.0,2.0,4.0,15.0,16.0,240.0,1,0.0625
112115.0,46.0,1.0,4.5,18.0,35.0,270.0,1,0.06666666666666667
112116.0,45.0,1.0,4.4,15.0,14.0,264.0,1,0.056818181818181816
112117.0,72.0,1.0,3.9,25.0,35.0,234.0,1,0.10683760683760683
112118.0,34.0,2.0,4.2,16.0,14.0,252.0,1,0.06349206349206349
112119.0,15.0,2.0,4.3,9.0,10.0,258.0,1,0.03488372093023256
112120.0,20.0,2.0,4.2,19.0,14.0,252.0,1,0.07539682539682539
112122.0,22.0,2.0,4.5,12.0,8.0,270.0,1,0.044444444444444446
112123.0,79.0,1.0,4.2,30.0,31.0,252.0,1,0.11904761904761904
112124.0,71.0,1.0,3.9,15.0,19.0,234.0,1,0.0641025641025641
112126.0,68.0,2.0,4.7,40.0,283.0,282.0,2,0.14184397163120568
112128.0,80.0,2.0,3.4,22.0,20.0,204.0,1,0.10784313725490197
112129.0,14.0,1.0,4.1,10.0,18.0,245.99999999999997,1,0.04065040650406505
112131.0,43.0,1.0,4.2,18.0,49.0,252.0,2,0.07142857142857142
112132.0,63.0,1.0,3.7,24.0,17.0,222.0,1,0.10810810810810811
112134.0,77.0,1.0,3.8,20.0,12.0,228.0,1,0.08771929824561403
112135.0,65.0,2.0,3.9,18.0,14.0,234.0,1,0.07692307692307693
112136.0,61.0,1.0,3.4,14.0,8.0,204.0,1,0.06862745098039216
112137.0,54.0,2.0,3.6,17.0,21.0,216.0,1,0.0787037037037037
112138.0,80.0,2.0,3.8,13.0,29.0,228.0,1,0.05701754385964912
112139.0,33.0,2.0,3.6,49.0,21.0,216.0,2,0.22685185185185186
112142.0,55.0,2.0,3.8,16.0,42.0,228.0,1,0.07017543859649122
112144.0,12.0,1.0,4.0,13.0,13.0,240.0,1,0.05416666666666667
112145.0,41.0,2.0,3.9,8.0,8.0,234.0,1,0.03418803418803419
112146.0,31.0,2.0,3.4,8.0,32.0,204.0,1,0.0392156862745098
112148.0,32.0,2.0,3.8,14.0,19.0,228.0,1,0.06140350877192982
112149.0,64.0,1.0,4.3,52.0,48.0,258.0,2,0.20155038759689922
112156.0,43.0,2.0,3.5,16.0,24.0,210.0,1,0.0761904761904762
112158.0,33.0,2.0,4.4,8.0,12.0,264.0,1,0.030303030303030304
112159.0,64.0,1.0,4.0,10.0,20.0,240.0,1,0.041666666666666664
112161.0,45.0,2.0,3.7,14.0,18.0,222.0,1,0.06306306306306306
112164.0,40.0,2.0,3.5,15.0,14.0,210.0,1,0.07142857142857142
112165.0,19.0,1.0,4.7,26.0,33.0,282.0,1,0.09219858156028368
112166.0,13.0,2.0,3.9,11.0,7.0,234.0,1,0.04700854700854701
112168.0,55.0,2.0,3.8,20.0,15.0,228.0,1,0.08771929824561403
112169.0,61.0,1.0,3.9,18.0,23.0,234.0,1,0.07692307692307693
112170.0,57.0,2.0,4.4,58.0,22.0,264.0,2,0.2196969696969697
112171.0,66.0,2.0,3.9,19.0,22.0,234.0,1,0.0811965811965812
112172.0,17.0,2.0,4.0,7.0,8.0,240.0,1,0.029166666666666667
112173.0,26.0,1.0,4.2,15.0,11.0,252.0,1,0.05952380952380952
112174.0,60.0,2.0,4.2,11.0,14.0,252.0,1,0.04365079365079365
112175.0,12.0,1.0,3.7,20.0,15.0,222.0,1,0.09009009009009009
112182.0,41.0,1.0,4.2,46.0,31.0,252.0,2,0.18253968253968253
112183.0,34.0,2.0,3.8,10.0,13.0,228.0,1,0.043859649122807015
112184.0,60.0,1.0,4.2,35.0,43.0,252.0,1,0.1388888888888889
112186.0,51.0,2.0,4.0,15.0,37.0,240.0,1,0.0625
112187.0,58.0,2.0,4.1,16.0,15.0,245.99999999999997,1,0.06504065040650407
112190.0,72.0,1.0,4.4,18.0,15.0,264.0,1,0.06818181818181818
112191.0,41.0,1.0,3.9,34.0,61.0,234.0,2,0.1452991452991453
112193.0,65.0,1.0,4.0,13.0,16.0,240.0,1,0.05416666666666667
112194.0,69.0,2.0,4.2,47.0,15.0,252.0,2,0.1865079365079365
112195.0,60.0,2.0,3.6,14.0,17.0,216.0,1,0.06481481481481481
112196.0,12.0,2.0,4.3,12.0,8.0,258.0,1,0.046511627906976744
112197.0,12.0,1.0,4.3,11.0,17.0,258.0,1,0.04263565891472868
112198.0,48.0,2.0,3.3,32.0,105.0,198.0,2,0.16161616161616163
112200.0,80.0,1.0,3.9,18.0,22.0,234.0,1,0.07692307692307693
112201.0,24.0,2.0,3.9,12.0,9.0,234.0,1,0.05128205128205128
112203.0,17.0,2.0,4.1,15.0,12.0,245.99999999999997,1,0.06097560975609757
112204.0,13.0,1.0,4.4,8.0,11.0,264.0,1,0.030303030303030304
112205.0,49.0,1.0,4.2,46.0,25.0,252.0,2,0.18253968253968253
112206.0,22.0,1.0,4.3,19.0,13.0,258.0,1,0.07364341085271318
112207.0,53.0,2.0,4.2,15.0,18.0,252.0,1,0.05952380952380952
112208.0,22.0,1.0,4.1,12.0,22.0,245.99999999999997,1,0.04878048780487806
112209.0,39.0,2.0,3.9,13.0,21.0,234.0,1,0.05555555555555555
112210.0,53.0,1.0,4.5,19.0,15.0,270.0,1,0.07037037037037037
112211.0,42.0,1.0,4.0,12.0,9.0,240.0,1,0.05
112212.0,65.0,1.0,4.0,57.0,191.0,240.0,3,0.2375
112213.0,39.0,2.0,3.8,22.0,17.0,228.0,1,0.09649122807017543
112215.0,63.0,1.0,4.0,14.0,24.0,240.0,1,0.058333333333333334
112216.0,12.0,1.0,4.3,12.0,10.0,258.0,1,0.046511627906976744
112218.0,42.0,1.0,3.8,17.0,23.0,228.0,1,0.07456140350877193
112219.0,23.0,1.0,4.0,26.0,14.0,240.0,1,0.10833333333333334
112222.0,21.0,1.0,4.3,11.0,14.0,258.0,1,0.04263565891472868
112223.0,16.0,1.0,4.0,8.0,30.0,240.0,1,0.03333333333333333
112226.0,76.0,1.0,4.3,23.0,38.0,258.0,1,0.08914728682170543
112228.0,27.0,2.0,3.9,17.0,9.0,234.0,1,0.07264957264957266
112229.0,15.0,2.0,3.9,10.0,5.0,234.0,1,0.042735042735042736
112230.0,60.0,1.0,4.4,18.0,41.0,264.0,1,0.06818181818181818
112231.0,19.0,2.0,3.9,22.0,32.0,234.0,1,0.09401709401709402
112232.0,15.0,2.0,3.8,12.0,16.0,228.0,1,0.05263157894736842
112233.0,63.0,2.0,4.1,10.0,54.0,245.99999999999997,2,0.04065040650406505
112235.0,40.0,2.0,3.4,10.0,27.0,204.0,1,0.049019607843137254
112236.0,36.0,2.0,3.8,20.0,13.0,228.0,1,0.08771929824561403
112238.0,66.0,2.0,4.1,26.0,20.0,245.99999999999997,1,0.10569105691056911
112239.0,38.0,2.0,3.4,14.0,9.0,204.0,1,0.06862745098039216
112240.0,80.0,2.0,4.0,11.0,8.0,240.0,1,0.04583333333333333
112241.0,42.0,1.0,3.9,31.0,106.0,234.0,2,0.13247863247863248
112242.0,28.0,1.0,4.2,22.0,11.0,252.0,1,0.0873015873015873
112243.0,69.0,2.0,3.9,15.0,13.0,234.0,1,0.0641025641025641
112245.0,15.0,1.0,4.5,12.0,17.0,270.0,1,0.044444444444444446
112248.0,32.0,2.0,4.1,17.0,16.0,245.99999999999997,1,0.06910569105691057
112250.0,55.0,2.0,3.9,11.0,13.0,234.0,1,0.04700854700854701
112251.0,27.0,2.0,4.2,15.0,15.0,252.0,1,0.05952380952380952
112252.0,32.0,1.0,4.1,92.0,29.0,245.99999999999997,2,0.3739837398373984
112254.0,19.0,1.0,4.5,13.0,12.0,270.0,1,0.04814814814814815
112255.0,14.0,2.0,4.4,12.0,8.0,264.0,1,0.045454545454545456
112256.0,30.0,1.0,4.1,23.0,25.0,245.99999999999997,1,0.0934959349593496
112261.0,13.0,1.0,4.3,9.0,28.0,258.0,1,0.03488372093023256
112265.0,61.0,1.0,4.3,20.0,13.0,258.0,1,0.07751937984496124
112267.0,13.0,2.0,4.0,10.0,5.0,240.0,1,0.041666666666666664
112268.0,78.0,1.0,4.6,27.0,52.0,276.0,2,0.09782608695652174
112269.0,71.0,2.0,4.7,17.0,24.0,282.0,1,0.06028368794326241
112270.0,58.0,1.0,4.2,23.0,55.0,252.0,2,0.09126984126984126
112271.0,70.0,2.0,4.0,13.0,13.0,240.0,1,0.05416666666666667
112273.0,21.0,2.0,3.9,13.0,9.0,234.0,1,0.05555555555555555
112275.0,46.0,2.0,3.6,13.0,31.0,216.0,1,0.06018518518518518
112276.0,61.0,2.0,4.0,14.0,11.0,240.0,1,0.058333333333333334
112277.0,37.0,1.0,4.1,12.0,21.0,245.99999999999997,1,0.04878048780487806
112280.0,58.0,2.0,3.9,10.0,19.0,234.0,1,0.042735042735042736
112281.0,80.0,2.0,3.8,13.0,11.0,228.0,1,0.05701754385964912
112282.0,50.0,2.0,3.9,39.0,44.0,234.0,1,0.16666666666666666
112284.0,30.0,2.0,4.0,16.0,18.0,240.0,1,0.06666666666666667
112285.0,65.0,1.0,4.1,14.0,31.0,245.99999999999997,1,0.05691056910569106
112287.0,75.0,2.0,4.1,22.0,21.0,245.99999999999997,1,0.0894308943089431
112288.0,39.0,2.0,2.9,9.0,6.0,174.0,1,0.05172413793103448
112289.0,29.0,1.0,4.3,12.0,18.0,258.0,1,0.046511627906976744
112290.0,13.0,1.0,4.8,13.0,10.0,288.0,1,0.04513888888888889
112291.0,65.0,1.0,3.9,338.0,206.0,234.0,3,1.4444444444444444
112292.0,21.0,1.0,4.2,13.0,17.0,252.0,1,0.051587301587301584
112294.0,56.0,1.0,4.2,30.0,74.0,252.0,2,0.11904761904761904
112295.0,49.0,2.0,4.3,14.0,11.0,258.0,1,0.05426356589147287
112296.0,41.0,1.0,4.1,10.0,19.0,245.99999999999997,1,0.04065040650406505
112299.0,56.0,2.0,4.0,10.0,9.0,240.0,1,0.041666666666666664
112300.0,64.0,1.0,4.4,29.0,51.0,264.0,2,0.10984848484848485
112302.0,12.0,2.0,4.4,21.0,15.0,264.0,1,0.07954545454545454
112303.0,63.0,2.0,3.6,12.0,7.0,216.0,1,0.05555555555555555
112305.0,67.0,2.0,3.7,16.0,21.0,222.0,1,0.07207207207207207
112308.0,29.0,2.0,4.4,13.0,14.0,264.0,1,0.04924242424242424
112309.0,39.0,2.0,3.7,24.0,21.0,222.0,1,0.10810810810810811
112311.0,15.0,2.0,4.3,7.0,14.0,258.0,1,0.027131782945736434
112312.0,45.0,1.0,4.0,42.0,20.0,240.0,2,0.175
112313.0,26.0,1.0,3.9,21.0,27.0,234.0,1,0.08974358974358974
112314.0,70.0,2.0,3.9,10.0,14.0,234.0,1,0.042735042735042736
112315.0,55.0,2.0,4.2,21.0,17.0,252.0,1,0.08333333333333333
112317.0,75.0,1.0,3.2,6.0,23.0,192.0,1,0.03125
112319.0,33.0,2.0,3.8,53.0,14.0,228.0,2,0.2324561403508772
112320.0,48.0,2.0,3.8,18.0,92.0,228.0,2,0.07894736842105263
112321.0,47.0,1.0,3.8,44.0,10.0,228.0,2,0.19298245614035087
112322.0,20.0,1.0,4.2,26.0,24.0,252.0,1,0.10317460317460317
112327.0,57.0,1.0,3.9,38.0,52.0,234.0,2,0.1623931623931624
112328.0,55.0,1.0,3.8,35.0,151.0,228.0,2,0.15350877192982457
112329.0,32.0,2.0,3.9,8.0,10.0,234.0,1,0.03418803418803419
112330.0,37.0,2.0,3.6,12.0,16.0,216.0,1,0.05555555555555555
112331.0,56.0,1.0,4.4,32.0,12.0,264.0,1,0.12121212121212122
112332.0,59.0,2.0,3.6,18.0,29.0,216.0,1,0.08333333333333333
112333.0,55.0,2.0,3.5,20.0,22.0,210.0,1,0.09523809523809523
112335.0,58.0,2.0,4.3,11.0,23.0,258.0,1,0.04263565891472868
112337.0,19.0,1.0,4.4,12.0,21.0,264.0,1,0.045454545454545456
112340.0,45.0,2.0,4.0,17.0,26.0,240.0,1,0.07083333333333333
112341.0,29.0,2.0,4.1,12.0,8.0,245.99999999999997,1,0.04878048780487806
112345.0,58.0,1.0,3.7,14.0,17.0,222.0,1,0.06306306306306306
112347.0,56.0,1.0,4.4,16.0,18.0,264.0,1,0.06060606060606061
112349.0,80.0,2.0,4.0,13.0,24.0,240.0,1,0.05416666666666667
112350.0,48.0,2.0,4.3,29.0,14.0,258.0,1,0.1124031007751938
112354.0,38.0,1.0,3.8,19.0,36.0,228.0,1,0.08333333333333333
112355.0,21.0,1.0,4.3,28.0,77.0,258.0,2,0.10852713178294573
112356.0,21.0,2.0,3.6,7.0,16.0,216.0,1,0.032407407407407406
112357.0,28.0,2.0,4.2,10.0,11.0,252.0,1,0.03968253968253968
112358.0,29.0,1.0,4.4,84.0,136.0,264.0,3,0.3181818181818182
112359.0,62.0,1.0,4.1,25.0,29.0,245.99999999999997,1,0.10162601626016261
112360.0,32.0,1.0,4.2,24.0,31.0,252.0,1,0.09523809523809523
112362.0,40.0,2.0,3.5,19.0,33.0,210.0,1,0.09047619047619047
112363.0,59.0,1.0,4.2,20.0,27.0,252.0,1,0.07936507936507936
112365.0,58.0,2.0,3.8,12.0,13.0,228.0,1,0.05263157894736842
112368.0,47.0,1.0,4.5,26.0,21.0,270.0,1,0.0962962962962963
112370.0,40.0,2.0,4.1,14.0,12.0,245.99999999999997,1,0.05691056910569106
112371.0,23.0,2.0,4.4,9.0,20.0,264.0,1,0.03409090909090909
112372.0,12.0,1.0,4.1,8.0,9.0,245.99999999999997,1,0.032520325203252036
112374.0,12.0,1.0,4.1,13.0,20.0,245.99999999999997,1,0.052845528455284556
112375.0,50.0,1.0,3.7,21.0,20.0,222.0,1,0.0945945945945946
112376.0,14.0,1.0,4.2,11.0,12.0,252.0,1,0.04365079365079365
112377.0,44.0,2.0,3.9,8.0,19.0,234.0,1,0.03418803418803419
112382.0,32.0,2.0,3.8,13.0,17.0,228.0,1,0.05701754385964912
112383.0,30.0,1.0,4.5,117.0,195.0,270.0,3,0.43333333333333335
112385.0,21.0,1.0,4.5,20.0,16.0,270.0,1,0.07407407407407407
112386.0,63.0,1.0,4.1,14.0,20.0,245.99999999999997,1,0.05691056910569106
112387.0,59.0,1.0,4.2,23.0,67.0,252.0,2,0.09126984126984126
112388.0,18.0,2.0,4.2,7.0,10.0,252.0,1,0.027777777777777776
112389.0,44.0,1.0,4.1,21.0,24.0,245.99999999999997,1,0.08536585365853659
112391.0,80.0,2.0,3.6,21.0,23.0,216.0,1,0.09722222222222222
112394.0,49.0,2.0,4.3,10.0,9.0,258.0,1,0.03875968992248062
112399.0,78.0,2.0,3.6,28.0,21.0,216.0,1,0.12962962962962962
112400.0,52.0,2.0,4.5,22.0,27.0,270.0,1,0.08148148148148149
112403.0,46.0,1.0,4.4,34.0,23.0,264.0,1,0.12878787878787878
112406.0,37.0,1.0,4.3,54.0,21.0,258.0,2,0.20930232558139536
112408.0,42.0,1.0,4.5,18.0,21.0,270.0,1,0.06666666666666667
112409.0,52.0,1.0,3.8,16.0,19.0,228.0,1,0.07017543859649122
112410.0,73.0,2.0,4.2,18.0,17.0,252.0,1,0.07142857142857142
112412.0,40.0,2.0,4.0,12.0,19.0,240.0,1,0.05
112415.0,47.0,2.0,3.9,26.0,45.0,234.0,1,0.1111111111111111
112416.0,80.0,1.0,4.0,15.0,15.0,240.0,1,0.0625
112417.0,12.0,1.0,4.4,22.0,10.0,264.0,1,0.08333333333333333
112420.0,18.0,2.0,4.0,29.0,16.0,240.0,1,0.12083333333333333
112421.0,65.0,1.0,4.6,21.0,23.0,276.0,1,0.07608695652173914
112422.0,60.0,2.0,3.5,10.0,32.0,210.0,1,0.047619047619047616
112423.0,13.0,1.0,3.9,13.0,8.0,234.0,1,0.05555555555555555
112427.0,52.0,2.0,4.2,9.0,10.0,252.0,1,0.03571428571428571
112429.0,17.0,2.0,4.2,15.0,8.0,252.0,1,0.05952380952380952
112431.0,22.0,2.0,3.3,8.0,21.0,198.0,1,0.04040404040404041
112432.0,33.0,2.0,4.0,20.0,16.0,240.0,1,0.08333333333333333
112433.0,57.0,1.0,4.0,22.0,35.0,240.0,1,0.09166666666666666
112435.0,79.0,1.0,3.9,14.0,65.0,234.0,2,0.05982905982905983
112436.0,24.0,2.0,4.7,13.0,14.0,282.0,1,0.04609929078014184
112438.0,33.0,2.0,3.7,7.0,12.0,222.0,1,0.03153153153153153
112440.0,80.0,2.0,4.2,10.0,11.0,252.0,1,0.03968253968253968
112443.0,12.0,2.0,4.2,21.0,10.0,252.0,1,0.08333333333333333
112444.0,57.0,2.0,3.9,16.0,28.0,234.0,1,0.06837606837606838
112446.0,55.0,1.0,4.0,24.0,16.0,240.0,1,0.1
112447.0,14.0,1.0,4.6,20.0,12.0,276.0,1,0.07246376811594203
112448.0,69.0,1.0,4.0,31.0,85.0,240.0,2,0.12916666666666668
112450.0,69.0,2.0,3.8,10.0,22.0,228.0,1,0.043859649122807015
112451.0,50.0,1.0,4.7,68.0,93.0,282.0,3,0.24113475177304963
112452.0,72.0,2.0,4.1,15.0,14.0,245.99999999999997,1,0.06097560975609757
112454.0,62.0,1.0,3.8,34.0,26.0,228.0,1,0.14912280701754385
112456.0,66.0,1.0,3.4,47.0,163.0,204.0,3,0.23039215686274508
112462.0,31.0,1.0,4.2,49.0,24.0,252.0,2,0.19444444444444445
112464.0,69.0,2.0,4.1,19.0,17.0,245.99999999999997,1,0.07723577235772358
112465.0,79.0,2.0,3.8,70.0,393.0,228.0,3,0.30701754385964913
112466.0,29.0,1.0,4.1,50.0,126.0,245.99999999999997,3,0.20325203252032523
112467.0,80.0,1.0,3.9,20.0,13.0,234.0,1,0.08547008547008547
112468.0,18.0,1.0,4.3,10.0,16.0,258.0,1,0.03875968992248062
112469.0,45.0,2.0,4.7,22.0,21.0,282.0,1,0.07801418439716312
112471.0,79.0,2.0,4.1,11.0,12.0,245.99999999999997,1,0.04471544715447155
112475.0,73.0,2.0,3.7,15.0,19.0,222.0,1,0.06756756756756757
112477.0,34.0,2.0,4.2,26.0,11.0,252.0,1,0.10317460317460317
112478.0,14.0,2.0,4.4,12.0,9.0,264.0,1,0.045454545454545456
112479.0,18.0,2.0,4.5,11.0,13.0,270.0,1,0.040740740740740744
112480.0,30.0,1.0,4.8,30.0,46.0,288.0,1,0.10416666666666667
112482.0,31.0,1.0,3.9,9.0,19.0,234.0,1,0.038461538461538464
112486.0,79.0,1.0,3.8,28.0,11.0,228.0,1,0.12280701754385964
112488.0,61.0,1.0,3.9,23.0,25.0,234.0,1,0.09829059829059829
112494.0,56.0,2.0,4.1,10.0,14.0,245.99999999999997,1,0.04065040650406505
112496.0,14.0,2.0,3.7,23.0,36.0,222.0,1,0.1036036036036036
112498.0,17.0,1.0,4.9,11.0,14.0,294.0,1,0.03741496598639456
112499.0,57.0,1.0,4.3,21.0,13.0,258.0,1,0.08139534883720931
112501.0,55.0,2.0,3.6,23.0,18.0,216.0,1,0.10648148148148148
112503.0,67.0,2.0,3.6,12.0,15.0,216.0,1,0.05555555555555555
112504.0,41.0,1.0,4.4,34.0,43.0,264.0,1,0.12878787878787878
112505.0,80.0,1.0,4.0,22.0,87.0,240.0,2,0.09166666666666666
112506.0,48.0,1.0,4.3,25.0,11.0,258.0,1,0.09689922480620156
112509.0,35.0,1.0,4.5,123.0,94.0,270.0,3,0.45555555555555555
112510.0,68.0,2.0,4.2,27.0,40.0,252.0,1,0.10714285714285714
112511.0,66.0,1.0,4.0,12.0,14.0,240.0,1,0.05
112512.0,55.0,2.0,4.0,18.0,30.0,240.0,1,0.075
112513.0,66.0,2.0,3.4,11.0,13.0,204.0,1,0.05392156862745098
112515.0,78.0,2.0,3.8,7.0,25.0,228.0,1,0.03070175438596491
112516.0,55.0,1.0,4.2,31.0,34.0,252.0,1,0.12301587301587301
112517.0,69.0,2.0,4.0,13.0,11.0,240.0,1,0.05416666666666667
112520.0,55.0,1.0,4.2,42.0,46.0,252.0,2,0.16666666666666666
112525.0,65.0,2.0,3.9,18.0,26.0,234.0,1,0.07692307692307693
112526.0,17.0,1.0,4.1,20.0,8.0,245.99999999999997,1,0.0813008130081301
112529.0,17.0,2.0,4.2,15.0,14.0,252.0,1,0.05952380952380952
112530.0,70.0,2.0,4.8,22.0,18.0,288.0,1,0.0763888888888889
112531.0,53.0,2.0,4.2,19.0,17.0,252.0,1,0.07539682539682539
112532.0,63.0,2.0,4.1,17.0,14.0,245.99999999999997,1,0.06910569105691057
112533.0,15.0,2.0,4.2,7.0,9.0,252.0,1,0.027777777777777776
112534.0,41.0,1.0,4.1,61.0,254.0,245.99999999999997,3,0.24796747967479676
112535.0,53.0,1.0,3.8,25.0,38.0,228.0,1,0.10964912280701754
112538.0,46.0,2.0,4.5,8.0,11.0,270.0,1,0.02962962962962963
112540.0,26.0,2.0,4.0,9.0,18.0,240.0,1,0.0375
112542.0,65.0,2.0,3.8,24.0,337.0,228.0,2,0.10526315789473684
112543.0,55.0,1.0,4.7,18.0,33.0,282.0,1,0.06382978723404255
112544.0,28.0,2.0,4.3,12.0,18.0,258.0,1,0.046511627906976744
112545.0,24.0,1.0,4.4,13.0,14.0,264.0,1,0.04924242424242424
112546.0,37.0,2.0,3.8,29.0,26.0,228.0,1,0.12719298245614036
112547.0,19.0,1.0,4.0,33.0,22.0,240.0,1,0.1375
112550.0,44.0,1.0,4.3,24.0,24.0,258.0,1,0.09302325581395349
112551.0,23.0,1.0,4.6,14.0,34.0,276.0,1,0.050724637681159424
112552.0,60.0,2.0,4.0,31.0,24.0,240.0,1,0.12916666666666668
112553.0,37.0,2.0,4.3,16.0,68.0,258.0,2,0.06201550387596899
112556.0,29.0,2.0,4.3,36.0,14.0,258.0,1,0.13953488372093023
112558.0,16.0,2.0,4.3,18.0,21.0,258.0,1,0.06976744186046512
112560.0,64.0,2.0,4.0,17.0,58.0,240.0,2,0.07083333333333333
112562.0,49.0,2.0,4.0,17.0,15.0,240.0,1,0.07083333333333333
112563.0,44.0,2.0,3.9,13.0,39.0,234.0,1,0.05555555555555555
112565.0,50.0,2.0,3.9,25.0,16.0,234.0,1,0.10683760683760683
112566.0,48.0,2.0,3.8,14.0,27.0,228.0,1,0.06140350877192982
112567.0,76.0,1.0,4.0,20.0,70.0,240.0,2,0.08333333333333333
112568.0,53.0,1.0,4.4,14.0,19.0,264.0,1,0.05303030303030303
112569.0,46.0,2.0,3.6,14.0,20.0,216.0,1,0.06481481481481481
112571.0,47.0,1.0,3.6,10.0,15.0,216.0,1,0.046296296296296294
112573.0,12.0,2.0,3.7,41.0,16.0,222.0,2,0.18468468468468469
112574.0,64.0,1.0,3.9,17.0,28.0,234.0,1,0.07264957264957266
112578.0,36.0,1.0,4.2,39.0,26.0,252.0,1,0.15476190476190477
112579.0,24.0,2.0,3.8,16.0,10.0,228.0,1,0.07017543859649122
112580.0,58.0,2.0,3.9,10.0,31.0,234.0,1,0.042735042735042736
112581.0,49.0,2.0,3.3,11.0,17.0,198.0,1,0.05555555555555555
112582.0,49.0,2.0,4.0,14.0,27.0,240.0,1,0.058333333333333334
112583.0,60.0,2.0,4.6,26.0,99.0,276.0,2,0.09420289855072464
112585.0,75.0,1.0,4.0,24.0,13.0,240.0,1,0.1
112586.0,46.0,2.0,4.3,15.0,18.0,258.0,1,0.05813953488372093
112587.0,21.0,2.0,4.3,12.0,13.0,258.0,1,0.046511627906976744
112588.0,12.0,2.0,4.0,9.0,9.0,240.0,1,0.0375
112589.0,75.0,1.0,4.0,21.0,17.0,240.0,1,0.0875
112590.0,43.0,2.0,3.7,25.0,36.0,222.0,1,0.11261261261261261
112593.0,42.0,1.0,4.2,71.0,106.0,252.0,3,0.28174603174603174
112594.0,56.0,2.0,4.4,40.0,82.0,264.0,2,0.15151515151515152
112596.0,69.0,2.0,3.9,23.0,29.0,234.0,1,0.09829059829059829
112599.0,18.0,2.0,4.4,12.0,11.0,264.0,1,0.045454545454545456
112600.0,62.0,2.0,3.8,16.0,19.0,228.0,1,0.07017543859649122
112605.0,35.0,2.0,3.7,5.0,11.0,222.0,1,0.02252252252252252
112606.0,48.0,2.0,4.2,26.0,19.0,252.0,1,0.10317460317460317
112608.0,44.0,2.0,3.5,14.0,25.0,210.0,1,0.06666666666666667
112609.0,62.0,2.0,3.7,12.0,21.0,222.0,1,0.05405405405405406
112610.0,49.0,1.0,4.4,15.0,25.0,264.0,1,0.056818181818181816
112617.0,35.0,1.0,4.2,17.0,34.0,252.0,1,0.06746031746031746
112619.0,37.0,2.0,4.0,51.0,18.0,240.0,2,0.2125
112620.0,56.0,2.0,3.9,28.0,22.0,234.0,1,0.11965811965811966
112621.0,62.0,2.0,4.3,20.0,27.0,258.0,1,0.07751937984496124
112622.0,43.0,2.0,4.1,16.0,26.0,245.99999999999997,1,0.06504065040650407
112625.0,16.0,1.0,4.6,21.0,25.0,276.0,1,0.07608695652173914
112627.0,32.0,1.0,3.7,52.0,293.0,222.0,3,0.23423423423423423
112630.0,33.0,1.0,4.4,35.0,43.0,264.0,1,0.13257575757575757
112631.0,18.0,1.0,4.8,46.0,11.0,288.0,2,0.1597222222222222
112632.0,19.0,2.0,4.0,30.0,40.0,240.0,1,0.125
112633.0,16.0,2.0,4.2,11.0,13.0,252.0,1,0.04365079365079365
112634.0,42.0,1.0,4.0,126.0,72.0,240.0,3,0.525
112637.0,57.0,1.0,4.4,33.0,53.0,264.0,2,0.125
112638.0,13.0,1.0,5.0,17.0,18.0,300.0,1,0.056666666666666664
112639.0,79.0,2.0,4.2,16.0,12.0,252.0,1,0.06349206349206349
112641.0,14.0,1.0,4.4,15.0,11.0,264.0,1,0.056818181818181816
112642.0,74.0,1.0,3.3,27.0,48.0,198.0,1,0.13636363636363635
112643.0,35.0,2.0,4.1,8.0,10.0,245.99999999999997,1,0.032520325203252036
112645.0,19.0,2.0,3.8,7.0,14.0,228.0,1,0.03070175438596491
112646.0,70.0,1.0,4.1,9.0,24.0,245.99999999999997,1,0.03658536585365854
112648.0,33.0,1.0,4.0,27.0,31.0,240.0,1,0.1125
112649.0,16.0,1.0,4.6,15.0,12.0,276.0,1,0.05434782608695652
112650.0,43.0,2.0,4.0,22.0,48.0,240.0,1,0.09166666666666666
112651.0,12.0,1.0,4.7,15.0,13.0,282.0,1,0.05319148936170213
112655.0,15.0,1.0,4.4,13.0,14.0,264.0,1,0.04924242424242424
112656.0,12.0,1.0,4.7,16.0,10.0,282.0,1,0.05673758865248227
112659.0,32.0,1.0,4.4,15.0,20.0,264.0,1,0.056818181818181816
112660.0,43.0,1.0,4.2,19.0,33.0,252.0,1,0.07539682539682539
112661.0,45.0,2.0,3.7,18.0,26.0,222.0,1,0.08108108108108109
112662.0,12.0,2.0,4.5,10.0,11.0,270.0,1,0.037037037037037035
112664.0,45.0,2.0,4.2,12.0,10.0,252.0,1,0.047619047619047616
112665.0,67.0,1.0,4.3,17.0,20.0,258.0,1,0.06589147286821706
112666.0,36.0,2.0,4.6,19.0,22.0,276.0,1,0.06884057971014493
112667.0,56.0,1.0,4.0,32.0,28.0,240.0,1,0.13333333333333333
112668.0,14.0,2.0,4.1,10.0,8.0,245.99999999999997,1,0.04065040650406505
112670.0,68.0,2.0,4.1,20.0,28.0,245.99999999999997,1,0.0813008130081301
112673.0,24.0,1.0,4.8,28.0,18.0,288.0,1,0.09722222222222222
112675.0,47.0,1.0,4.2,22.0,27.0,252.0,1,0.0873015873015873
112677.0,23.0,1.0,4.0,39.0,23.0,240.0,1,0.1625
112680.0,67.0,1.0,4.2,18.0,32.0,252.0,1,0.07142857142857142
112681.0,71.0,1.0,3.6,44.0,467.0,216.0,3,0.2037037037037037
112683.0,33.0,1.0,4.2,17.0,13.0,252.0,1,0.06746031746031746
112684.0,39.0,2.0,4.2,24.0,35.0,252.0,1,0.09523809523809523
112685.0,48.0,2.0,3.8,13.0,11.0,228.0,1,0.05701754385964912
112687.0,52.0,2.0,3.5,14.0,25.0,210.0,1,0.06666666666666667
112688.0,12.0,2.0,4.1,24.0,14.0,245.99999999999997,1,0.09756097560975611
112692.0,56.0,1.0,4.0,15.0,25.0,240.0,1,0.0625
112693.0,20.0,1.0,4.1,30.0,15.0,245.99999999999997,1,0.12195121951219513
112697.0,21.0,1.0,4.2,30.0,17.0,252.0,1,0.11904761904761904
112698.0,12.0,2.0,4.2,9.0,12.0,252.0,1,0.03571428571428571
112699.0,80.0,1.0,4.0,22.0,10.0,240.0,1,0.09166666666666666
112700.0,51.0,2.0,4.1,18.0,13.0,245.99999999999997,1,0.07317073170731708
112702.0,25.0,2.0,3.7,15.0,15.0,222.0,1,0.06756756756756757
112703.0,52.0,1.0,4.1,9.0,19.0,245.99999999999997,1,0.03658536585365854
112704.0,73.0,1.0,4.9,7.0,9.0,294.0,1,0.023809523809523808
112706.0,37.0,2.0,4.4,12.0,6.0,264.0,1,0.045454545454545456
112707.0,57.0,1.0,4.3,20.0,14.0,258.0,1,0.07751937984496124
112709.0,24.0,1.0,4.5,16.0,19.0,270.0,1,0.05925925925925926
112710.0,80.0,2.0,3.5,12.0,9.0,210.0,1,0.05714285714285714
112711.0,72.0,2.0,3.6,10.0,18.0,216.0,1,0.046296296296296294
112712.0,61.0,1.0,3.9,16.0,59.0,234.0,2,0.06837606837606838
112713.0,78.0,1.0,4.7,16.0,15.0,282.0,1,0.05673758865248227
112714.0,36.0,2.0,3.7,15.0,10.0,222.0,1,0.06756756756756757
112716.0,33.0,2.0,3.5,8.0,20.0,210.0,1,0.0380952380952381
112718.0,59.0,1.0,4.7,82.0,253.0,282.0,3,0.2907801418439716
112720.0,29.0,2.0,3.9,15.0,13.0,234.0,1,0.0641025641025641
112724.0,19.0,2.0,4.1,10.0,10.0,245.99999999999997,1,0.04065040650406505
112725.0,58.0,2.0,4.2,34.0,12.0,252.0,1,0.1349206349206349
112726.0,59.0,1.0,3.9,24.0,45.0,234.0,1,0.10256410256410256
112728.0,14.0,1.0,4.7,22.0,19.0,282.0,1,0.07801418439716312
112729.0,26.0,1.0,4.4,37.0,20.0,264.0,1,0.14015151515151514
112730.0,12.0,2.0,4.0,22.0,15.0,240.0,1,0.09166666666666666
112731.0,55.0,2.0,4.2,11.0,17.0,252.0,1,0.04365079365079365
112733.0,35.0,2.0,4.2,4.0,10.0,252.0,1,0.015873015873015872
112734.0,80.0,1.0,3.9,17.0,19.0,234.0,1,0.07264957264957266
112735.0,12.0,1.0,4.0,11.0,11.0,240.0,1,0.04583333333333333
112736.0,63.0,1.0,4.3,22.0,46.0,258.0,1,0.08527131782945736
112738.0,76.0,1.0,3.8,14.0,27.0,228.0,1,0.06140350877192982
112739.0,57.0,2.0,4.2,47.0,50.0,252.0,3,0.1865079365079365
112740.0,48.0,2.0,3.3,9.0,16.0,198.0,1,0.045454545454545456
112744.0,45.0,1.0,4.6,16.0,17.0,276.0,1,0.057971014492753624
112745.0,17.0,2.0,3.7,33.0,20.0,222.0,1,0.14864864864864866
112747.0,66.0,1.0,3.9,26.0,73.0,234.0,2,0.1111111111111111
112749.0,55.0,1.0,4.2,35.0,369.0,252.0,2,0.1388888888888889
112750.0,14.0,2.0,3.9,10.0,9.0,234.0,1,0.042735042735042736
112751.0,20.0,1.0,5.0,16.0,10.0,300.0,1,0.05333333333333334
112752.0,47.0,1.0,4.1,46.0,116.0,245.99999999999997,3,0.1869918699186992
112760.0,24.0,1.0,4.3,15.0,16.0,258.0,1,0.05813953488372093
112762.0,15.0,1.0,4.5,11.0,15.0,270.0,1,0.040740740740740744
112763.0,15.0,1.0,4.2,39.0,30.0,252.0,1,0.15476190476190477
112764.0,60.0,1.0,4.4,34.0,35.0,264.0,1,0.12878787878787878
112767.0,63.0,2.0,3.9,10.0,18.0,234.0,1,0.042735042735042736
112769.0,42.0,1.0,4.4,19.0,6.0,264.0,1,0.07196969696969698
112770.0,72.0,1.0,4.0,17.0,16.0,240.0,1,0.07083333333333333
112772.0,23.0,1.0,4.4,19.0,13.0,264.0,1,0.07196969696969698
112773.0,42.0,2.0,4.2,14.0,20.0,252.0,1,0.05555555555555555
112775.0,61.0,1.0,3.7,15.0,28.0,222.0,1,0.06756756756756757
112776.0,13.0,2.0,4.2,9.0,13.0,252.0,1,0.03571428571428571
112777.0,28.0,1.0,4.4,15.0,16.0,264.0,1,0.056818181818181816
112781.0,80.0,2.0,4.0,10.0,20.0,240.0,1,0.041666666666666664
112782.0,29.0,1.0,4.2,36.0,33.0,252.0,1,0.14285714285714285
112783.0,55.0,1.0,3.9,50.0,24.0,234.0,2,0.21367521367521367
112784.0,16.0,2.0,3.9,16.0,11.0,234.0,1,0.06837606837606838
112786.0,66.0,1.0,4.4,13.0,10.0,264.0,1,0.04924242424242424
112787.0,42.0,1.0,4.0,40.0,28.0,240.0,1,0.16666666666666666
112789.0,27.0,1.0,4.4,22.0,20.0,264.0,1,0.08333333333333333
112790.0,44.0,1.0,4.4,22.0,11.0,264.0,1,0.08333333333333333
112792.0,45.0,1.0,4.3,13.0,13.0,258.0,1,0.050387596899224806
112793.0,19.0,2.0,4.2,7.0,10.0,252.0,1,0.027777777777777776
112794.0,12.0,1.0,4.0,18.0,11.0,240.0,1,0.075
112795.0,14.0,2.0,4.1,11.0,16.0,245.99999999999997,1,0.04471544715447155
112797.0,48.0,2.0,4.5,13.0,14.0,270.0,1,0.04814814814814815
112798.0,44.0,1.0,4.2,52.0,43.0,252.0,2,0.20634920634920634
112799.0,74.0,1.0,4.2,11.0,19.0,252.0,1,0.04365079365079365
112800.0,28.0,1.0,3.8,39.0,12.0,228.0,1,0.17105263157894737
112802.0,71.0,1.0,3.9,12.0,15.0,234.0,1,0.05128205128205128
112803.0,33.0,1.0,4.5,40.0,30.0,270.0,1,0.14814814814814814
112805.0,78.0,2.0,3.1,20.0,34.0,186.0,1,0.10752688172043011
112809.0,14.0,1.0,4.5,13.0,10.0,270.0,1,0.04814814814814815
112815.0,26.0,2.0,3.7,28.0,20.0,222.0,1,0.12612612612612611
112817.0,20.0,2.0,4.4,10.0,9.0,264.0,1,0.03787878787878788
112818.0,67.0,2.0,4.4,15.0,10.0,264.0,1,0.056818181818181816
112820.0,59.0,1.0,4.4,37.0,56.0,264.0,2,0.14015151515151514
112823.0,80.0,1.0,4.2,16.0,25.0,252.0,1,0.06349206349206349
112824.0,64.0,2.0,3.0,6.0,9.0,180.0,1,0.03333333333333333
112825.0,14.0,2.0,4.5,13.0,12.0,270.0,1,0.04814814814814815
112826.0,22.0,1.0,4.2,14.0,153.0,252.0,2,0.05555555555555555
112828.0,64.0,1.0,4.3,18.0,24.0,258.0,1,0.06976744186046512
112831.0,18.0,2.0,4.1,10.0,16.0,245.99999999999997,1,0.04065040650406505
112834.0,45.0,2.0,3.7,22.0,19.0,222.0,1,0.0990990990990991
112835.0,63.0,1.0,3.9,23.0,67.0,234.0,2,0.09829059829059829
112837.0,29.0,2.0,4.2,10.0,10.0,252.0,1,0.03968253968253968
112838.0,80.0,2.0,4.2,14.0,11.0,252.0,1,0.05555555555555555
112839.0,28.0,2.0,3.7,14.0,16.0,222.0,1,0.06306306306306306
112840.0,54.0,2.0,4.0,17.0,13.0,240.0,1,0.07083333333333333
112842.0,73.0,2.0,3.2,11.0,115.0,192.0,2,0.057291666666666664
112844.0,71.0,1.0,4.0,208.0,550.0,240.0,3,0.8666666666666667
112845.0,41.0,1.0,4.3,18.0,23.0,258.0,1,0.06976744186046512
112847.0,23.0,2.0,3.6,9.0,9.0,216.0,1,0.041666666666666664
112849.0,32.0,2.0,4.5,21.0,23.0,270.0,1,0.07777777777777778
112850.0,53.0,1.0,4.0,19.0,54.0,240.0,2,0.07916666666666666
112851.0,73.0,1.0,4.0,15.0,19.0,240.0,1,0.0625
112852.0,80.0,2.0,4.0,10.0,24.0,240.0,1,0.041666666666666664
112853.0,62.0,1.0,3.9,40.0,138.0,234.0,2,0.17094017094017094
112854.0,12.0,2.0,4.0,8.0,10.0,240.0,1,0.03333333333333333
112855.0,57.0,1.0,3.8,14.0,14.0,228.0,1,0.06140350877192982
112856.0,16.0,2.0,4.4,8.0,7.0,264.0,1,0.030303030303030304
112859.0,41.0,1.0,4.1,134.0,64.0,245.99999999999997,3,0.5447154471544716
112860.0,80.0,2.0,3.9,9.0,13.0,234.0,1,0.038461538461538464
112861.0,48.0,1.0,4.1,18.0,25.0,245.99999999999997,1,0.07317073170731708
112863.0,28.0,1.0,4.2,61.0,54.0,252.0,3,0.24206349206349206
112864.0,28.0,2.0,4.2,9.0,12.0,252.0,1,0.03571428571428571
112865.0,50.0,2.0,4.2,20.0,26.0,252.0,1,0.07936507936507936
112866.0,62.0,2.0,3.6,24.0,15.0,216.0,1,0.1111111111111111
112867.0,12.0,1.0,4.2,20.0,13.0,252.0,1,0.07936507936507936
112869.0,24.0,2.0,4.1,17.0,18.0,245.99999999999997,1,0.06910569105691057
112872.0,12.0,2.0,4.0,9.0,8.0,240.0,1,0.0375
112873.0,15.0,1.0,4.6,46.0,35.0,276.0,2,0.16666666666666666
112874.0,57.0,1.0,3.8,25.0,23.0,228.0,1,0.10964912280701754
112877.0,37.0,2.0,3.9,13.0,16.0,234.0,1,0.05555555555555555
112878.0,71.0,1.0,3.7,47.0,21.0,222.0,2,0.21171171171171171
112881.0,42.0,2.0,4.2,30.0,74.0,252.0,2,0.11904761904761904
112882.0,26.0,2.0,4.4,16.0,13.0,264.0,1,0.06060606060606061
112883.0,51.0,1.0,3.8,32.0,25.0,228.0,1,0.14035087719298245
112884.0,27.0,2.0,3.8,20.0,18.0,228.0,1,0.08771929824561403
112886.0,52.0,1.0,4.1,24.0,15.0,245.99999999999997,1,0.09756097560975611
112888.0,36.0,2.0,4.1,9.0,9.0,245.99999999999997,1,0.03658536585365854
112889.0,45.0,1.0,3.6,13.0,50.0,216.0,2,0.06018518518518518
112890.0,19.0,1.0,4.3,53.0,15.0,258.0,2,0.2054263565891473
112892.0,17.0,2.0,3.9,8.0,12.0,234.0,1,0.03418803418803419
112896.0,13.0,2.0,3.8,16.0,8.0,228.0,1,0.07017543859649122
112897.0,70.0,2.0,4.3,10.0,16.0,258.0,1,0.03875968992248062
112898.0,62.0,2.0,3.9,10.0,13.0,234.0,1,0.042735042735042736
112899.0,18.0,2.0,4.0,12.0,11.0,240.0,1,0.05
112900.0,42.0,2.0,4.1,9.0,26.0,245.99999999999997,1,0.03658536585365854
112901.0,61.0,2.0,4.0,31.0,26.0,240.0,1,0.12916666666666668
112902.0,35.0,2.0,3.6,13.0,17.0,216.0,1,0.06018518518518518
112905.0,13.0,2.0,4.1,10.0,13.0,245.99999999999997,1,0.04065040650406505
112906.0,29.0,1.0,4.2,18.0,18.0,252.0,1,0.07142857142857142
112907.0,49.0,1.0,4.4,65.0,35.0,264.0,2,0.24621212121212122
112908.0,77.0,1.0,4.7,21.0,24.0,282.0,1,0.07446808510638298
112910.0,53.0,2.0,4.1,20.0,31.0,245.99999999999997,1,0.0813008130081301
112913.0,64.0,2.0,4.3,49.0,89.0,258.0,3,0.18992248062015504
112914.0,13.0,1.0,4.4,11.0,23.0,264.0,1,0.041666666666666664
112915.0,46.0,1.0,3.8,25.0,56.0,228.0,2,0.10964912280701754
112916.0,17.0,1.0,4.7,8.0,12.0,282.0,1,0.028368794326241134
112919.0,61.0,2.0,3.4,53.0,369.0,204.0,3,0.25980392156862747
112921.0,80.0,2.0,3.6,12.0,16.0,216.0,1,0.05555555555555555
112922.0,58.0,2.0,3.7,20.0,37.0,222.0,1,0.09009009009009009
112924.0,31.0,1.0,3.8,32.0,31.0,228.0,1,0.14035087719298245
112926.0,67.0,1.0,4.2,17.0,22.0,252.0,1,0.06746031746031746
112927.0,64.0,2.0,3.6,13.0,12.0,216.0,1,0.06018518518518518
112929.0,48.0,2.0,3.7,18.0,16.0,222.0,1,0.08108108108108109
112930.0,80.0,1.0,4.1,18.0,55.0,245.99999999999997,2,0.07317073170731708
112931.0,42.0,2.0,3.9,11.0,12.0,234.0,1,0.04700854700854701
112932.0,13.0,1.0,4.9,25.0,28.0,294.0,1,0.08503401360544217
112936.0,78.0,2.0,3.9,7.0,20.0,234.0,1,0.029914529914529916
112937.0,50.0,1.0,4.2,17.0,16.0,252.0,1,0.06746031746031746
112938.0,64.0,2.0,4.2,12.0,12.0,252.0,1,0.047619047619047616
112939.0,63.0,2.0,4.3,16.0,33.0,258.0,1,0.06201550387596899
112940.0,46.0,1.0,4.7,17.0,20.0,282.0,1,0.06028368794326241
112942.0,39.0,1.0,4.4,22.0,86.0,264.0,2,0.08333333333333333
112944.0,60.0,1.0,4.0,31.0,66.0,240.0,2,0.12916666666666668
112947.0,80.0,2.0,4.2,16.0,14.0,252.0,1,0.06349206349206349
112948.0,30.0,1.0,4.2,18.0,18.0,252.0,1,0.07142857142857142
112949.0,47.0,2.0,3.5,13.0,29.0,210.0,1,0.06190476190476191
112951.0,62.0,1.0,4.1,52.0,30.0,245.99999999999997,2,0.21138211382113822
112953.0,64.0,1.0,4.3,10.0,19.0,258.0,1,0.03875968992248062
112955.0,54.0,2.0,4.3,11.0,16.0,258.0,1,0.04263565891472868
112956.0,19.0,1.0,4.3,13.0,14.0,258.0,1,0.050387596899224806
112957.0,51.0,2.0,4.2,20.0,45.0,252.0,1,0.07936507936507936
112958.0,31.0,2.0,3.7,9.0,8.0,222.0,1,0.04054054054054054
112960.0,38.0,2.0,3.6,11.0,11.0,216.0,1,0.05092592592592592
112962.0,24.0,2.0,4.0,11.0,13.0,240.0,1,0.04583333333333333
112965.0,30.0,2.0,3.9,8.0,7.0,234.0,1,0.03418803418803419
112966.0,35.0,1.0,4.3,50.0,34.0,258.0,2,0.1937984496124031
112967.0,53.0,2.0,3.8,17.0,27.0,228.0,1,0.07456140350877193
112968.0,52.0,2.0,4.0,39.0,49.0,240.0,2,0.1625
112970.0,53.0,1.0,4.6,27.0,40.0,276.0,1,0.09782608695652174
112972.0,26.0,2.0,4.1,10.0,14.0,245.99999999999997,1,0.04065040650406505
112974.0,68.0,2.0,3.7,9.0,11.0,222.0,1,0.04054054054054054
112977.0,80.0,1.0,4.1,13.0,17.0,245.99999999999997,1,0.052845528455284556
112978.0,75.0,2.0,4.3,16.0,23.0,258.0,1,0.06201550387596899
112981.0,36.0,2.0,4.1,15.0,10.0,245.99999999999997,1,0.06097560975609757
112983.0,28.0,2.0,4.2,15.0,23.0,252.0,1,0.05952380952380952
112986.0,22.0,1.0,4.6,21.0,17.0,276.0,1,0.07608695652173914
112987.0,47.0,1.0,4.5,21.0,21.0,270.0,1,0.07777777777777778
112988.0,51.0,1.0,3.8,15.0,65.0,228.0,2,0.06578947368421052
112990.0,60.0,1.0,4.6,20.0,16.0,276.0,1,0.07246376811594203
112991.0,18.0,1.0,4.2,16.0,11.0,252.0,1,0.06349206349206349
112992.0,80.0,1.0,4.0,22.0,17.0,240.0,1,0.09166666666666666
112994.0,63.0,2.0,3.8,17.0,12.0,228.0,1,0.07456140350877193
112995.0,80.0,2.0,3.6,13.0,14.0,216.0,1,0.06018518518518518
112996.0,13.0,2.0,4.4,11.0,8.0,264.0,1,0.041666666666666664
112997.0,33.0,1.0,4.3,41.0,24.0,258.0,2,0.15891472868217055
112999.0,69.0,1.0,4.3,18.0,11.0,258.0,1,0.06976744186046512
113000.0,79.0,1.0,4.5,10.0,30.0,270.0,1,0.037037037037037035
113001.0,51.0,2.0,4.0,21.0,20.0,240.0,1,0.0875
113006.0,17.0,1.0,4.0,66.0,24.0,240.0,2,0.275
113007.0,62.0,1.0,4.1,17.0,14.0,245.99999999999997,1,0.06910569105691057
113008.0,75.0,1.0,4.1,12.0,37.0,245.99999999999997,1,0.04878048780487806
113009.0,44.0,2.0,3.9,14.0,14.0,234.0,1,0.05982905982905983
113010.0,53.0,1.0,4.4,34.0,37.0,264.0,1,0.12878787878787878
113013.0,73.0,2.0,3.9,22.0,17.0,234.0,1,0.09401709401709402
113014.0,60.0,2.0,3.5,15.0,33.0,210.0,1,0.07142857142857142
113018.0,80.0,2.0,4.0,14.0,25.0,240.0,1,0.058333333333333334
113020.0,71.0,2.0,4.1,21.0,13.0,245.99999999999997,1,0.08536585365853659
113021.0,34.0,1.0,3.4,22.0,82.0,204.0,2,0.10784313725490197
113023.0,38.0,2.0,3.9,12.0,14.0,234.0,1,0.05128205128205128
113026.0,53.0,1.0,3.9,62.0,57.0,234.0,3,0.26495726495726496
113027.0,24.0,2.0,4.5,10.0,11.0,270.0,1,0.037037037037037035
113030.0,44.0,2.0,4.3,13.0,22.0,258.0,1,0.050387596899224806
113032.0,19.0,1.0,4.1,28.0,26.0,245.99999999999997,1,0.11382113821138212
113033.0,28.0,2.0,3.6,13.0,16.0,216.0,1,0.06018518518518518
113037.0,54.0,2.0,3.8,16.0,13.0,228.0,1,0.07017543859649122
113038.0,65.0,1.0,4.2,11.0,21.0,252.0,1,0.04365079365079365
113041.0,31.0,2.0,3.1,13.0,15.0,186.0,1,0.06989247311827956
113043.0,13.0,2.0,4.2,6.0,12.0,252.0,1,0.023809523809523808
113045.0,21.0,1.0,4.5,25.0,17.0,270.0,1,0.09259259259259259
113046.0,62.0,2.0,3.9,10.0,14.0,234.0,1,0.042735042735042736
113047.0,80.0,1.0,4.0,18.0,12.0,240.0,1,0.075
113049.0,58.0,2.0,4.2,31.0,29.0,252.0,1,0.12301587301587301
113051.0,13.0,1.0,4.9,18.0,35.0,294.0,1,0.061224489795918366
113052.0,18.0,1.0,4.4,26.0,22.0,264.0,1,0.09848484848484848
113055.0,27.0,2.0,4.0,30.0,21.0,240.0,1,0.125
113056.0,19.0,2.0,3.7,10.0,6.0,222.0,1,0.04504504504504504
113057.0,56.0,2.0,4.0,31.0,78.0,240.0,2,0.12916666666666668
113058.0,18.0,1.0,4.4,12.0,13.0,264.0,1,0.045454545454545456
113059.0,32.0,2.0,3.7,8.0,8.0,222.0,1,0.036036036036036036
113060.0,35.0,1.0,4.0,135.0,35.0,240.0,2,0.5625
113061.0,33.0,2.0,3.3,12.0,12.0,198.0,1,0.06060606060606061
113063.0,57.0,2.0,4.1,14.0,11.0,245.99999999999997,1,0.05691056910569106
113064.0,68.0,1.0,3.6,27.0,15.0,216.0,1,0.125
113066.0,23.0,2.0,4.2,10.0,7.0,252.0,1,0.03968253968253968
113068.0,25.0,2.0,4.1,7.0,19.0,245.99999999999997,1,0.02845528455284553
113070.0,16.0,1.0,4.4,14.0,20.0,264.0,1,0.05303030303030303
113072.0,77.0,1.0,3.9,8.0,21.0,234.0,1,0.03418803418803419
113078.0,32.0,2.0,4.6,19.0,13.0,276.0,1,0.06884057971014493
113079.0,17.0,2.0,3.6,26.0,29.0,216.0,1,0.12037037037037036
113080.0,16.0,1.0,3.6,8.0,14.0,216.0,1,0.037037037037037035
113081.0,14.0,2.0,3.9,11.0,6.0,234.0,1,0.04700854700854701
113082.0,47.0,2.0,4.1,17.0,15.0,245.99999999999997,1,0.06910569105691057
113083.0,43.0,2.0,4.1,9.0,16.0,245.99999999999997,1,0.03658536585365854
113084.0,16.0,2.0,4.2,9.0,10.0,252.0,1,0.03571428571428571
113087.0,55.0,2.0,4.1,14.0,20.0,245.99999999999997,1,0.05691056910569106
113088.0,78.0,1.0,4.0,19.0,33.0,240.0,1,0.07916666666666666
113091.0,47.0,2.0,4.1,12.0,9.0,245.99999999999997,1,0.04878048780487806
113092.0,44.0,2.0,3.6,11.0,14.0,216.0,1,0.05092592592592592
113093.0,57.0,2.0,3.7,18.0,43.0,222.0,1,0.08108108108108109
113094.0,78.0,2.0,4.4,25.0,14.0,264.0,1,0.0946969696969697
113098.0,42.0,1.0,4.5,18.0,24.0,270.0,1,0.06666666666666667
113099.0,13.0,2.0,4.7,12.0,14.0,282.0,1,0.0425531914893617
113101.0,47.0,1.0,4.7,34.0,24.0,282.0,1,0.12056737588652482
113104.0,57.0,2.0,4.3,23.0,21.0,258.0,1,0.08914728682170543
113109.0,57.0,2.0,4.4,25.0,48.0,264.0,1,0.0946969696969697
113110.0,39.0,1.0,4.4,27.0,17.0,264.0,1,0.10227272727272728
113111.0,57.0,1.0,3.9,22.0,19.0,234.0,1,0.09401709401709402
113113.0,41.0,2.0,4.1,20.0,13.0,245.99999999999997,1,0.0813008130081301
113116.0,68.0,1.0,4.0,17.0,29.0,240.0,1,0.07083333333333333
113117.0,48.0,2.0,4.3,15.0,14.0,258.0,1,0.05813953488372093
113119.0,52.0,1.0,3.8,19.0,21.0,228.0,1,0.08333333333333333
113120.0,48.0,1.0,3.4,43.0,143.0,204.0,3,0.2107843137254902
113122.0,54.0,2.0,4.4,26.0,29.0,264.0,1,0.09848484848484848
113123.0,33.0,2.0,4.1,12.0,6.0,245.99999999999997,1,0.04878048780487806
113125.0,44.0,2.0,3.9,7.0,13.0,234.0,1,0.029914529914529916
113126.0,55.0,2.0,3.6,27.0,10.0,216.0,1,0.125
113127.0,62.0,2.0,4.0,16.0,31.0,240.0,1,0.06666666666666667
113128.0,72.0,1.0,3.8,28.0,16.0,228.0,1,0.12280701754385964
113129.0,79.0,1.0,3.9,14.0,21.0,234.0,1,0.05982905982905983
113131.0,66.0,2.0,4.0,13.0,13.0,240.0,1,0.05416666666666667
113136.0,52.0,2.0,4.2,27.0,31.0,252.0,1,0.10714285714285714
113138.0,36.0,1.0,3.6,14.0,15.0,216.0,1,0.06481481481481481
113141.0,28.0,1.0,4.4,53.0,72.0,264.0,3,0.20075757575757575
113142.0,46.0,2.0,4.3,14.0,13.0,258.0,1,0.05426356589147287
113144.0,33.0,1.0,4.7,203.0,128.0,282.0,3,0.7198581560283688
113145.0,80.0,2.0,3.6,13.0,15.0,216.0,1,0.06018518518518518
113151.0,41.0,1.0,4.2,20.0,24.0,252.0,1,0.07936507936507936
113152.0,65.0,2.0,4.2,22.0,14.0,252.0,1,0.0873015873015873
113153.0,25.0,1.0,4.4,23.0,20.0,264.0,1,0.08712121212121213
113154.0,30.0,1.0,3.8,19.0,17.0,228.0,1,0.08333333333333333
113155.0,54.0,2.0,3.7,22.0,29.0,222.0,1,0.0990990990990991
113158.0,48.0,1.0,3.6,13.0,23.0,216.0,1,0.06018518518518518
113160.0,12.0,1.0,4.4,19.0,14.0,264.0,1,0.07196969696969698
113161.0,46.0,1.0,4.1,46.0,25.0,245.99999999999997,2,0.1869918699186992
113162.0,69.0,2.0,4.0,15.0,19.0,240.0,1,0.0625
113163.0,72.0,2.0,4.4,25.0,40.0,264.0,1,0.0946969696969697
113166.0,54.0,1.0,4.2,54.0,50.0,252.0,3,0.21428571428571427
113169.0,27.0,2.0,4.1,69.0,25.0,245.99999999999997,2,0.2804878048780488
113174.0,13.0,2.0,4.3,8.0,12.0,258.0,1,0.031007751937984496
113175.0,71.0,2.0,4.0,30.0,30.0,240.0,1,0.125
113177.0,29.0,1.0,4.6,22.0,28.0,276.0,1,0.07971014492753623
113178.0,46.0,2.0,3.2,11.0,14.0,192.0,1,0.057291666666666664
113179.0,55.0,2.0,4.0,27.0,29.0,240.0,1,0.1125
113182.0,28.0,2.0,3.9,12.0,16.0,234.0,1,0.05128205128205128
113183.0,80.0,1.0,4.1,13.0,11.0,245.99999999999997,1,0.052845528455284556
113185.0,16.0,1.0,4.5,25.0,25.0,270.0,1,0.09259259259259259
113186.0,12.0,1.0,4.2,23.0,17.0,252.0,1,0.09126984126984126
113187.0,22.0,2.0,4.3,18.0,22.0,258.0,1,0.06976744186046512
113188.0,49.0,1.0,4.2,43.0,18.0,252.0,2,0.17063492063492064
113189.0,52.0,1.0,4.0,52.0,69.0,240.0,3,0.21666666666666667
113190.0,15.0,2.0,4.0,28.0,13.0,240.0,1,0.11666666666666667
113194.0,46.0,1.0,4.4,61.0,312.0,264.0,3,0.23106060606060605
113195.0,17.0,1.0,4.3,23.0,52.0,258.0,2,0.08914728682170543
113197.0,24.0,2.0,3.8,18.0,19.0,228.0,1,0.07894736842105263
113199.0,80.0,2.0,3.5,18.0,14.0,210.0,1,0.08571428571428572
113200.0,46.0,1.0,4.3,23.0,17.0,258.0,1,0.08914728682170543
113201.0,70.0,2.0,4.5,16.0,9.0,270.0,1,0.05925925925925926
113202.0,66.0,2.0,4.2,16.0,17.0,252.0,1,0.06349206349206349
113204.0,18.0,1.0,4.6,19.0,31.0,276.0,1,0.06884057971014493
113205.0,17.0,2.0,4.2,26.0,21.0,252.0,1,0.10317460317460317
113207.0,54.0,1.0,3.8,18.0,23.0,228.0,1,0.07894736842105263
113208.0,15.0,2.0,4.2,14.0,10.0,252.0,1,0.05555555555555555
113209.0,52.0,2.0,4.0,42.0,40.0,240.0,2,0.175
113211.0,51.0,1.0,4.3,16.0,23.0,258.0,1,0.06201550387596899
113213.0,43.0,2.0,4.2,22.0,20.0,252.0,1,0.0873015873015873
113215.0,25.0,2.0,3.9,6.0,13.0,234.0,1,0.02564102564102564
113216.0,18.0,1.0,4.4,47.0,38.0,264.0,2,0.17803030303030304
113220.0,37.0,2.0,4.4,17.0,7.0,264.0,1,0.06439393939393939
113221.0,17.0,1.0,4.6,12.0,15.0,276.0,1,0.043478260869565216
113222.0,60.0,2.0,4.3,24.0,20.0,258.0,1,0.09302325581395349
113223.0,60.0,2.0,4.2,15.0,24.0,252.0,1,0.05952380952380952
113224.0,73.0,1.0,4.3,50.0,49.0,258.0,3,0.1937984496124031
113226.0,17.0,1.0,5.0,21.0,36.0,300.0,1,0.07
113227.0,38.0,1.0,4.3,47.0,72.0,258.0,3,0.1821705426356589
113231.0,62.0,2.0,3.2,10.0,17.0,192.0,1,0.052083333333333336
113232.0,41.0,1.0,4.1,12.0,21.0,245.99999999999997,1,0.04878048780487806
113233.0,41.0,2.0,3.6,16.0,14.0,216.0,1,0.07407407407407407
113236.0,55.0,2.0,3.7,11.0,26.0,222.0,1,0.04954954954954955
113237.0,59.0,1.0,4.2,42.0,35.0,252.0,2,0.16666666666666666
113238.0,15.0,1.0,4.2,14.0,35.0,252.0,1,0.05555555555555555
113240.0,60.0,2.0,4.2,25.0,47.0,252.0,1,0.0992063492063492
113241.0,70.0,2.0,3.8,14.0,12.0,228.0,1,0.06140350877192982
113242.0,71.0,1.0,4.1,16.0,28.0,245.99999999999997,1,0.06504065040650407
113243.0,15.0,2.0,4.4,22.0,40.0,264.0,1,0.08333333333333333
113244.0,61.0,2.0,3.9,12.0,17.0,234.0,1,0.05128205128205128
113246.0,77.0,2.0,3.7,8.0,38.0,222.0,1,0.036036036036036036
113249.0,43.0,2.0,3.7,11.0,17.0,222.0,1,0.04954954954954955
113250.0,31.0,1.0,4.1,15.0,8.0,245.99999999999997,1,0.06097560975609757
113253.0,44.0,1.0,4.6,50.0,63.0,276.0,3,0.18115942028985507
113254.0,66.0,2.0,4.1,12.0,27.0,245.99999999999997,1,0.04878048780487806
113256.0,50.0,1.0,3.5,20.0,24.0,210.0,1,0.09523809523809523
113257.0,61.0,2.0,3.8,13.0,37.0,228.0,1,0.05701754385964912
113258.0,53.0,1.0,3.8,37.0,153.0,228.0,2,0.16228070175438597
113259.0,61.0,2.0,3.9,19.0,17.0,234.0,1,0.0811965811965812
113260.0,16.0,2.0,4.5,11.0,17.0,270.0,1,0.040740740740740744
113262.0,41.0,1.0,4.3,34.0,108.0,258.0,2,0.13178294573643412
113263.0,22.0,1.0,4.3,13.0,16.0,258.0,1,0.050387596899224806
113264.0,20.0,1.0,4.6,29.0,25.0,276.0,1,0.10507246376811594
113266.0,44.0,2.0,3.9,14.0,36.0,234.0,1,0.05982905982905983
113267.0,67.0,2.0,3.9,22.0,15.0,234.0,1,0.09401709401709402
113268.0,63.0,2.0,4.2,10.0,17.0,252.0,1,0.03968253968253968
113269.0,14.0,1.0,4.3,9.0,11.0,258.0,1,0.03488372093023256
113270.0,18.0,1.0,4.2,23.0,20.0,252.0,1,0.09126984126984126
113271.0,49.0,2.0,4.2,17.0,20.0,252.0,1,0.06746031746031746
113272.0,18.0,1.0,4.4,15.0,20.0,264.0,1,0.056818181818181816
113274.0,76.0,2.0,4.0,11.0,11.0,240.0,1,0.04583333333333333
113275.0,70.0,1.0,4.3,18.0,21.0,258.0,1,0.06976744186046512
113276.0,55.0,2.0,3.8,17.0,49.0,228.0,2,0.07456140350877193
113279.0,71.0,1.0,4.0,21.0,49.0,240.0,2,0.0875
113281.0,52.0,1.0,4.3,37.0,56.0,258.0,2,0.1434108527131783
113285.0,57.0,2.0,3.8,35.0,44.0,228.0,1,0.15350877192982457
113286.0,75.0,1.0,4.1,16.0,31.0,245.99999999999997,1,0.06504065040650407
113287.0,59.0,2.0,4.1,16.0,15.0,245.99999999999997,1,0.06504065040650407
113289.0,66.0,2.0,4.2,12.0,14.0,252.0,1,0.047619047619047616
113291.0,15.0,1.0,4.3,9.0,13.0,258.0,1,0.03488372093023256
113292.0,59.0,1.0,3.8,19.0,21.0,228.0,1,0.08333333333333333
113294.0,46.0,1.0,4.2,24.0,17.0,252.0,1,0.09523809523809523
113297.0,14.0,2.0,3.9,16.0,13.0,234.0,1,0.06837606837606838
113298.0,58.0,2.0,4.4,16.0,23.0,264.0,1,0.06060606060606061
113300.0,47.0,2.0,4.1,15.0,19.0,245.99999999999997,1,0.06097560975609757
113302.0,18.0,2.0,4.3,26.0,11.0,258.0,1,0.10077519379844961
113305.0,66.0,1.0,4.0,21.0,34.0,240.0,1,0.0875
113310.0,34.0,2.0,4.5,12.0,18.0,270.0,1,0.044444444444444446
113311.0,70.0,1.0,4.3,15.0,21.0,258.0,1,0.05813953488372093
113313.0,32.0,1.0,4.1,20.0,30.0,245.99999999999997,1,0.0813008130081301
113314.0,22.0,1.0,4.3,118.0,128.0,258.0,3,0.4573643410852713
113316.0,46.0,1.0,4.3,121.0,170.0,258.0,3,0.4689922480620155
113320.0,65.0,2.0,4.2,13.0,28.0,252.0,1,0.051587301587301584
113321.0,17.0,1.0,4.3,15.0,11.0,258.0,1,0.05813953488372093
113324.0,66.0,1.0,4.1,13.0,21.0,245.99999999999997,1,0.052845528455284556
113325.0,28.0,1.0,4.8,12.0,12.0,288.0,1,0.041666666666666664
113326.0,59.0,1.0,4.2,22.0,59.0,252.0,2,0.0873015873015873
113327.0,32.0,1.0,4.1,31.0,17.0,245.99999999999997,1,0.12601626016260165
113328.0,18.0,2.0,3.9,12.0,13.0,234.0,1,0.05128205128205128
113329.0,17.0,2.0,4.6,9.0,15.0,276.0,1,0.03260869565217391
113331.0,43.0,1.0,4.0,23.0,15.0,240.0,1,0.09583333333333334
113332.0,26.0,2.0,4.5,11.0,10.0,270.0,1,0.040740740740740744
113335.0,14.0,1.0,4.2,18.0,17.0,252.0,1,0.07142857142857142
113336.0,61.0,1.0,4.3,23.0,32.0,258.0,1,0.08914728682170543
113337.0,40.0,2.0,3.7,10.0,18.0,222.0,1,0.04504504504504504
113341.0,53.0,2.0,3.7,11.0,15.0,222.0,1,0.04954954954954955
113342.0,66.0,2.0,3.9,38.0,61.0,234.0,2,0.1623931623931624
113343.0,60.0,2.0,4.2,19.0,53.0,252.0,2,0.07539682539682539
113344.0,23.0,1.0,4.4,32.0,18.0,264.0,1,0.12121212121212122
113347.0,47.0,2.0,3.6,15.0,9.0,216.0,1,0.06944444444444445
113348.0,80.0,2.0,4.3,18.0,34.0,258.0,1,0.06976744186046512
113349.0,34.0,1.0,4.3,46.0,21.0,258.0,2,0.17829457364341086
113350.0,26.0,2.0,3.9,18.0,9.0,234.0,1,0.07692307692307693
113353.0,60.0,2.0,4.2,10.0,18.0,252.0,1,0.03968253968253968
113355.0,67.0,2.0,3.9,13.0,11.0,234.0,1,0.05555555555555555
113357.0,74.0,2.0,4.6,11.0,22.0,276.0,1,0.03985507246376811
113359.0,14.0,1.0,4.3,13.0,10.0,258.0,1,0.050387596899224806
113362.0,74.0,1.0,4.1,14.0,44.0,245.99999999999997,1,0.05691056910569106
113363.0,64.0,2.0,3.8,14.0,28.0,228.0,1,0.06140350877192982
113364.0,38.0,2.0,3.7,10.0,13.0,222.0,1,0.04504504504504504
113365.0,34.0,2.0,4.0,11.0,11.0,240.0,1,0.04583333333333333
113366.0,26.0,2.0,3.5,7.0,8.0,210.0,1,0.03333333333333333
113367.0,68.0,1.0,4.1,21.0,19.0,245.99999999999997,1,0.08536585365853659
113368.0,45.0,1.0,4.2,13.0,18.0,252.0,1,0.051587301587301584
113369.0,51.0,1.0,4.2,18.0,13.0,252.0,1,0.07142857142857142
113370.0,67.0,1.0,4.7,41.0,21.0,282.0,2,0.1453900709219858
113371.0,62.0,2.0,4.1,20.0,31.0,245.99999999999997,1,0.0813008130081301
113372.0,62.0,1.0,4.2,15.0,28.0,252.0,1,0.05952380952380952
113373.0,33.0,1.0,4.7,21.0,39.0,282.0,1,0.07446808510638298
113374.0,22.0,2.0,4.3,10.0,8.0,258.0,1,0.03875968992248062
113376.0,56.0,2.0,3.9,16.0,27.0,234.0,1,0.06837606837606838
113378.0,80.0,1.0,3.8,19.0,10.0,228.0,1,0.08333333333333333
113379.0,76.0,1.0,4.0,24.0,20.0,240.0,1,0.1
113381.0,31.0,2.0,4.0,10.0,20.0,240.0,1,0.041666666666666664
113383.0,55.0,2.0,4.4,20.0,31.0,264.0,1,0.07575757575757576
113384.0,40.0,2.0,3.8,11.0,31.0,228.0,1,0.04824561403508772
113385.0,62.0,1.0,3.8,15.0,31.0,228.0,1,0.06578947368421052
113386.0,24.0,2.0,3.4,8.0,14.0,204.0,1,0.0392156862745098
113391.0,37.0,2.0,3.7,34.0,43.0,222.0,1,0.15315315315315314
113392.0,63.0,2.0,4.3,21.0,17.0,258.0,1,0.08139534883720931
113394.0,50.0,1.0,4.3,20.0,13.0,258.0,1,0.07751937984496124
113398.0,49.0,2.0,4.2,16.0,9.0,252.0,1,0.06349206349206349
113401.0,21.0,2.0,4.4,13.0,9.0,264.0,1,0.04924242424242424
113403.0,67.0,2.0,4.4,12.0,18.0,264.0,1,0.045454545454545456
113404.0,60.0,1.0,4.3,9.0,24.0,258.0,1,0.03488372093023256
113405.0,59.0,2.0,4.4,35.0,51.0,264.0,2,0.13257575757575757
113406.0,26.0,2.0,3.9,32.0,23.0,234.0,1,0.13675213675213677
113407.0,61.0,2.0,3.9,17.0,48.0,234.0,1,0.07264957264957266
113408.0,17.0,1.0,4.4,37.0,14.0,264.0,1,0.14015151515151514
113409.0,30.0,2.0,4.1,22.0,57.0,245.99999999999997,2,0.0894308943089431
113411.0,17.0,1.0,4.0,19.0,27.0,240.0,1,0.07916666666666666
113413.0,32.0,2.0,4.2,11.0,12.0,252.0,1,0.04365079365079365
113415.0,30.0,2.0,3.7,15.0,23.0,222.0,1,0.06756756756756757
113416.0,63.0,2.0,4.0,16.0,24.0,240.0,1,0.06666666666666667
113418.0,29.0,2.0,4.6,13.0,12.0,276.0,1,0.04710144927536232
113420.0,65.0,2.0,4.0,21.0,31.0,240.0,1,0.0875
113422.0,16.0,2.0,4.3,14.0,15.0,258.0,1,0.05426356589147287
113423.0,22.0,1.0,4.5,11.0,21.0,270.0,1,0.040740740740740744
113425.0,55.0,2.0,4.5,17.0,11.0,270.0,1,0.06296296296296296
113427.0,63.0,2.0,3.5,10.0,15.0,210.0,1,0.047619047619047616
113429.0,80.0,2.0,4.0,12.0,22.0,240.0,1,0.05
113430.0,63.0,1.0,4.4,28.0,45.0,264.0,1,0.10606060606060606
113431.0,26.0,1.0,4.3,15.0,29.0,258.0,1,0.05813953488372093
113432.0,18.0,1.0,4.1,22.0,13.0,245.99999999999997,1,0.0894308943089431
113435.0,21.0,2.0,3.4,22.0,16.0,204.0,1,0.10784313725490197
113436.0,47.0,2.0,4.0,10.0,27.0,240.0,1,0.041666666666666664
113437.0,62.0,1.0,4.0,37.0,258.0,240.0,2,0.15416666666666667
113439.0,66.0,1.0,4.3,15.0,27.0,258.0,1,0.05813953488372093
113440.0,58.0,2.0,4.0,16.0,13.0,240.0,1,0.06666666666666667
113441.0,14.0,2.0,3.8,8.0,10.0,228.0,1,0.03508771929824561
113442.0,22.0,1.0,4.2,39.0,36.0,252.0,1,0.15476190476190477
113443.0,46.0,1.0,4.7,50.0,46.0,282.0,2,0.1773049645390071
113445.0,37.0,2.0,3.5,10.0,14.0,210.0,1,0.047619047619047616
113446.0,57.0,1.0,2.9,62.0,63.0,174.0,3,0.3563218390804598
113448.0,51.0,2.0,3.6,9.0,10.0,216.0,1,0.041666666666666664
113449.0,13.0,2.0,4.4,18.0,9.0,264.0,1,0.06818181818181818
113450.0,60.0,2.0,3.7,11.0,20.0,222.0,1,0.04954954954954955
113451.0,45.0,2.0,3.8,19.0,91.0,228.0,2,0.08333333333333333
113452.0,80.0,1.0,3.7,13.0,32.0,222.0,1,0.05855855855855856
113453.0,27.0,1.0,4.2,36.0,40.0,252.0,1,0.14285714285714285
113455.0,61.0,1.0,3.4,19.0,21.0,204.0,1,0.09313725490196079
113456.0,80.0,2.0,3.4,10.0,42.0,204.0,1,0.049019607843137254
113461.0,51.0,1.0,4.2,21.0,29.0,252.0,1,0.08333333333333333
113462.0,38.0,1.0,4.4,16.0,19.0,264.0,1,0.06060606060606061
113463.0,51.0,2.0,3.9,19.0,20.0,234.0,1,0.0811965811965812
113464.0,20.0,2.0,3.9,15.0,8.0,234.0,1,0.0641025641025641
113467.0,63.0,2.0,3.8,14.0,6.0,228.0,1,0.06140350877192982
113468.0,22.0,1.0,3.4,21.0,9.0,204.0,1,0.10294117647058823
113470.0,29.0,2.0,3.0,14.0,7.0,180.0,1,0.07777777777777778
113472.0,48.0,2.0,4.2,26.0,14.0,252.0,1,0.10317460317460317
113473.0,80.0,2.0,4.2,17.0,21.0,252.0,1,0.06746031746031746
113475.0,80.0,2.0,4.1,16.0,15.0,245.99999999999997,1,0.06504065040650407
113477.0,62.0,2.0,3.7,16.0,24.0,222.0,1,0.07207207207207207
113478.0,31.0,2.0,3.6,13.0,33.0,216.0,1,0.06018518518518518
113479.0,60.0,2.0,4.1,19.0,16.0,245.99999999999997,1,0.07723577235772358
113480.0,41.0,1.0,4.5,35.0,30.0,270.0,1,0.12962962962962962
113482.0,67.0,1.0,4.1,15.0,14.0,245.99999999999997,1,0.06097560975609757
113486.0,27.0,2.0,4.3,29.0,50.0,258.0,2,0.1124031007751938
113487.0,52.0,2.0,3.7,18.0,13.0,222.0,1,0.08108108108108109
113488.0,80.0,2.0,4.1,13.0,20.0,245.99999999999997,1,0.052845528455284556
113489.0,13.0,1.0,4.3,11.0,14.0,258.0,1,0.04263565891472868
113491.0,38.0,2.0,4.4,15.0,11.0,264.0,1,0.056818181818181816
113492.0,61.0,1.0,4.3,27.0,30.0,258.0,1,0.10465116279069768
113493.0,46.0,1.0,4.9,25.0,14.0,294.0,1,0.08503401360544217
113494.0,25.0,2.0,4.3,35.0,56.0,258.0,2,0.13565891472868216
113495.0,13.0,2.0,3.9,7.0,19.0,234.0,1,0.029914529914529916
113497.0,13.0,2.0,4.4,11.0,8.0,264.0,1,0.041666666666666664
113499.0,23.0,1.0,4.5,14.0,18.0,270.0,1,0.05185185185185185
113500.0,80.0,2.0,3.9,15.0,4.0,234.0,1,0.0641025641025641
113501.0,56.0,1.0,3.1,24.0,37.0,186.0,1,0.12903225806451613
113503.0,68.0,1.0,3.9,25.0,28.0,234.0,1,0.10683760683760683
113504.0,30.0,2.0,3.8,8.0,10.0,228.0,1,0.03508771929824561
113505.0,29.0,2.0,4.0,11.0,11.0,240.0,1,0.04583333333333333
113507.0,19.0,2.0,4.5,10.0,7.0,270.0,1,0.037037037037037035
113509.0,26.0,1.0,4.6,22.0,13.0,276.0,1,0.07971014492753623
113510.0,68.0,2.0,4.4,18.0,22.0,264.0,1,0.06818181818181818
113512.0,17.0,2.0,3.8,25.0,23.0,228.0,1,0.10964912280701754
113513.0,18.0,2.0,3.7,17.0,20.0,222.0,1,0.07657657657657657
113514.0,42.0,1.0,3.9,69.0,187.0,234.0,3,0.2948717948717949
113516.0,65.0,2.0,4.0,11.0,18.0,240.0,1,0.04583333333333333
113519.0,64.0,2.0,4.0,15.0,44.0,240.0,1,0.0625
113521.0,72.0,1.0,4.4,19.0,27.0,264.0,1,0.07196969696969698
113527.0,40.0,1.0,3.8,67.0,25.0,228.0,2,0.29385964912280704
113528.0,79.0,1.0,3.3,21.0,28.0,198.0,1,0.10606060606060606
113531.0,25.0,2.0,4.0,19.0,19.0,240.0,1,0.07916666666666666
113532.0,43.0,2.0,4.0,14.0,9.0,240.0,1,0.058333333333333334
113534.0,56.0,1.0,3.8,12.0,28.0,228.0,1,0.05263157894736842
113539.0,42.0,1.0,4.0,30.0,27.0,240.0,1,0.125
113541.0,79.0,1.0,4.3,17.0,45.0,258.0,1,0.06589147286821706
113542.0,52.0,1.0,3.9,28.0,57.0,234.0,2,0.11965811965811966
113543.0,35.0,2.0,4.3,11.0,10.0,258.0,1,0.04263565891472868
113544.0,13.0,1.0,4.5,26.0,19.0,270.0,1,0.0962962962962963
113546.0,73.0,1.0,4.2,19.0,51.0,252.0,2,0.07539682539682539
113547.0,74.0,2.0,3.5,6.0,20.0,210.0,1,0.02857142857142857
113548.0,80.0,2.0,4.2,13.0,11.0,252.0,1,0.051587301587301584
113549.0,71.0,2.0,3.9,9.0,17.0,234.0,1,0.038461538461538464
113550.0,27.0,1.0,4.0,20.0,48.0,240.0,1,0.08333333333333333
113551.0,37.0,2.0,4.5,12.0,12.0,270.0,1,0.044444444444444446
113552.0,80.0,1.0,3.9,15.0,19.0,234.0,1,0.0641025641025641
113553.0,50.0,2.0,3.9,22.0,75.0,234.0,2,0.09401709401709402
113556.0,23.0,2.0,3.1,9.0,8.0,186.0,1,0.04838709677419355
113557.0,13.0,2.0,4.3,9.0,20.0,258.0,1,0.03488372093023256
113558.0,33.0,1.0,4.6,11.0,17.0,276.0,1,0.03985507246376811
113559.0,63.0,1.0,4.6,25.0,19.0,276.0,1,0.09057971014492754
113560.0,61.0,2.0,4.1,10.0,13.0,245.99999999999997,1,0.04065040650406505
113562.0,36.0,1.0,4.4,16.0,13.0,264.0,1,0.06060606060606061
113564.0,14.0,2.0,4.4,9.0,13.0,264.0,1,0.03409090909090909
113565.0,46.0,2.0,4.2,15.0,11.0,252.0,1,0.05952380952380952
113566.0,52.0,2.0,4.1,12.0,11.0,245.99999999999997,1,0.04878048780487806
113569.0,46.0,1.0,4.4,34.0,60.0,264.0,2,0.12878787878787878
113571.0,15.0,1.0,4.4,12.0,17.0,264.0,1,0.045454545454545456
113573.0,53.0,2.0,3.7,109.0,118.0,222.0,3,0.49099099099099097
113574.0,33.0,1.0,4.4,16.0,28.0,264.0,1,0.06060606060606061
113575.0,58.0,1.0,3.7,62.0,35.0,222.0,2,0.27927927927927926
113576.0,43.0,1.0,4.6,33.0,12.0,276.0,1,0.11956521739130435
113577.0,42.0,2.0,3.5,11.0,17.0,210.0,1,0.05238095238095238
113578.0,26.0,1.0,4.5,13.0,20.0,270.0,1,0.04814814814814815
113579.0,14.0,2.0,4.2,12.0,13.0,252.0,1,0.047619047619047616
113580.0,77.0,2.0,3.5,10.0,15.0,210.0,1,0.047619047619047616
113581.0,75.0,2.0,4.0,14.0,16.0,240.0,1,0.058333333333333334
113582.0,55.0,1.0,3.9,15.0,30.0,234.0,1,0.0641025641025641
113583.0,33.0,2.0,4.0,14.0,5.0,240.0,1,0.058333333333333334
113584.0,54.0,2.0,3.7,19.0,20.0,222.0,1,0.08558558558558559
113586.0,70.0,1.0,4.7,21.0,15.0,282.0,1,0.07446808510638298
113587.0,60.0,1.0,4.3,14.0,52.0,258.0,2,0.05426356589147287
113588.0,61.0,1.0,4.0,15.0,19.0,240.0,1,0.0625
113590.0,65.0,1.0,3.0,6.0,28.0,180.0,1,0.03333333333333333
113592.0,16.0,2.0,4.3,11.0,9.0,258.0,1,0.04263565891472868
113593.0,18.0,2.0,4.4,16.0,18.0,264.0,1,0.06060606060606061
113595.0,13.0,2.0,4.4,12.0,6.0,264.0,1,0.045454545454545456
113597.0,72.0,2.0,4.1,17.0,34.0,245.99999999999997,1,0.06910569105691057
113599.0,31.0,1.0,4.3,156.0,103.0,258.0,3,0.6046511627906976
113600.0,80.0,2.0,4.1,14.0,19.0,245.99999999999997,1,0.05691056910569106
113602.0,45.0,1.0,3.7,24.0,198.0,222.0,2,0.10810810810810811
113611.0,14.0,2.0,3.8,13.0,11.0,228.0,1,0.05701754385964912
113613.0,20.0,2.0,2.9,7.0,7.0,174.0,1,0.040229885057471264
113614.0,30.0,1.0,4.6,63.0,35.0,276.0,2,0.22826086956521738
113615.0,54.0,2.0,4.0,14.0,17.0,240.0,1,0.058333333333333334
113616.0,66.0,1.0,3.9,22.0,25.0,234.0,1,0.09401709401709402
113618.0,12.0,2.0,4.5,13.0,7.0,270.0,1,0.04814814814814815
113619.0,80.0,2.0,4.0,17.0,20.0,240.0,1,0.07083333333333333
113620.0,48.0,2.0,3.8,8.0,14.0,228.0,1,0.03508771929824561
113621.0,58.0,2.0,4.0,15.0,61.0,240.0,2,0.0625
113624.0,45.0,1.0,4.7,25.0,27.0,282.0,1,0.08865248226950355
113626.0,14.0,2.0,4.2,14.0,13.0,252.0,1,0.05555555555555555
113627.0,33.0,1.0,4.2,28.0,28.0,252.0,1,0.1111111111111111
113628.0,37.0,2.0,3.7,10.0,32.0,222.0,1,0.04504504504504504
113630.0,39.0,1.0,4.1,21.0,17.0,245.99999999999997,1,0.08536585365853659
113631.0,64.0,2.0,3.8,11.0,22.0,228.0,1,0.04824561403508772
113632.0,50.0,2.0,4.2,20.0,17.0,252.0,1,0.07936507936507936
113633.0,29.0,1.0,4.3,34.0,20.0,258.0,1,0.13178294573643412
113634.0,14.0,1.0,4.8,8.0,9.0,288.0,1,0.027777777777777776
113635.0,80.0,2.0,4.0,18.0,86.0,240.0,2,0.075
113636.0,24.0,1.0,4.7,19.0,21.0,282.0,1,0.0673758865248227
113637.0,35.0,2.0,4.0,12.0,10.0,240.0,1,0.05
113639.0,67.0,1.0,4.2,32.0,98.0,252.0,2,0.12698412698412698
113641.0,24.0,2.0,4.3,9.0,10.0,258.0,1,0.03488372093023256
113642.0,47.0,1.0,4.5,86.0,31.0,270.0,2,0.31851851851851853
113644.0,19.0,2.0,4.2,4.0,9.0,252.0,1,0.015873015873015872
113645.0,15.0,2.0,4.3,9.0,13.0,258.0,1,0.03488372093023256
113646.0,47.0,2.0,3.8,18.0,31.0,228.0,1,0.07894736842105263
113647.0,58.0,1.0,4.5,14.0,12.0,270.0,1,0.05185185185185185
113648.0,61.0,1.0,3.8,16.0,21.0,228.0,1,0.07017543859649122
113649.0,55.0,1.0,3.7,29.0,41.0,222.0,1,0.13063063063063063
113651.0,62.0,2.0,3.4,13.0,28.0,204.0,1,0.06372549019607843
113652.0,26.0,1.0,4.7,66.0,26.0,282.0,2,0.23404255319148937
113653.0,80.0,2.0,3.7,8.0,14.0,222.0,1,0.036036036036036036
113654.0,19.0,2.0,3.0,8.0,7.0,180.0,1,0.044444444444444446
113656.0,17.0,1.0,4.3,21.0,15.0,258.0,1,0.08139534883720931
113658.0,37.0,2.0,3.9,22.0,24.0,234.0,1,0.09401709401709402
113659.0,16.0,2.0,4.2,10.0,11.0,252.0,1,0.03968253968253968
113661.0,24.0,2.0,3.7,10.0,11.0,222.0,1,0.04504504504504504
113663.0,55.0,1.0,4.0,11.0,61.0,240.0,2,0.04583333333333333
113664.0,80.0,1.0,4.3,51.0,23.0,258.0,2,0.19767441860465115
113666.0,34.0,1.0,3.9,33.0,41.0,234.0,1,0.14102564102564102
113667.0,50.0,1.0,4.0,27.0,39.0,240.0,1,0.1125
113668.0,75.0,1.0,4.1,26.0,15.0,245.99999999999997,1,0.10569105691056911
113669.0,63.0,1.0,4.0,26.0,24.0,240.0,1,0.10833333333333334
113670.0,16.0,2.0,4.2,9.0,9.0,252.0,1,0.03571428571428571
113672.0,54.0,2.0,4.1,20.0,24.0,245.99999999999997,1,0.0813008130081301
113673.0,18.0,2.0,4.2,7.0,10.0,252.0,1,0.027777777777777776
113674.0,80.0,1.0,4.3,20.0,14.0,258.0,1,0.07751937984496124
113676.0,34.0,2.0,4.1,11.0,8.0,245.99999999999997,1,0.04471544715447155
113677.0,33.0,2.0,4.4,10.0,9.0,264.0,1,0.03787878787878788
113678.0,47.0,2.0,3.3,15.0,8.0,198.0,1,0.07575757575757576
113679.0,16.0,1.0,4.2,29.0,15.0,252.0,1,0.11507936507936507
113680.0,36.0,2.0,4.3,11.0,12.0,258.0,1,0.04263565891472868
113681.0,62.0,1.0,4.4,20.0,14.0,264.0,1,0.07575757575757576
113682.0,58.0,1.0,4.2,12.0,18.0,252.0,1,0.047619047619047616
113683.0,25.0,1.0,4.4,54.0,24.0,264.0,2,0.20454545454545456
113684.0,71.0,1.0,4.0,27.0,39.0,240.0,1,0.1125
113686.0,17.0,2.0,4.3,13.0,8.0,258.0,1,0.050387596899224806
113687.0,45.0,2.0,3.7,14.0,22.0,222.0,1,0.06306306306306306
113690.0,24.0,2.0,4.2,8.0,19.0,252.0,1,0.031746031746031744
113691.0,63.0,2.0,4.2,13.0,18.0,252.0,1,0.051587301587301584
113692.0,23.0,2.0,3.9,10.0,9.0,234.0,1,0.042735042735042736
113695.0,25.0,1.0,5.1,58.0,80.0,306.0,3,0.1895424836601307
113696.0,39.0,1.0,4.5,20.0,9.0,270.0,1,0.07407407407407407
113698.0,13.0,1.0,4.3,17.0,20.0,258.0,1,0.06589147286821706
113699.0,61.0,2.0,4.2,11.0,8.0,252.0,1,0.04365079365079365
113700.0,14.0,1.0,4.7,15.0,13.0,282.0,1,0.05319148936170213
113701.0,27.0,1.0,4.2,54.0,21.0,252.0,2,0.21428571428571427
113702.0,57.0,1.0,4.8,20.0,33.0,288.0,1,0.06944444444444445
113703.0,23.0,2.0,3.9,19.0,14.0,234.0,1,0.0811965811965812
113704.0,43.0,1.0,4.0,49.0,41.0,240.0,2,0.20416666666666666
113705.0,18.0,2.0,4.1,16.0,30.0,245.99999999999997,1,0.06504065040650407
113706.0,48.0,1.0,4.0,10.0,34.0,240.0,1,0.041666666666666664
113707.0,73.0,1.0,3.3,9.0,14.0,198.0,1,0.045454545454545456
113708.0,30.0,2.0,4.2,11.0,21.0,252.0,1,0.04365079365079365
113709.0,38.0,1.0,4.3,34.0,43.0,258.0,1,0.13178294573643412
113710.0,14.0,1.0,4.4,16.0,13.0,264.0,1,0.06060606060606061
113711.0,14.0,2.0,4.2,10.0,10.0,252.0,1,0.03968253968253968
113714.0,37.0,1.0,4.4,40.0,12.0,264.0,1,0.15151515151515152
113715.0,80.0,1.0,3.4,14.0,22.0,204.0,1,0.06862745098039216
113716.0,47.0,2.0,4.3,21.0,26.0,258.0,1,0.08139534883720931
113717.0,51.0,1.0,4.2,15.0,20.0,252.0,1,0.05952380952380952
113721.0,13.0,2.0,4.6,11.0,9.0,276.0,1,0.03985507246376811
113723.0,38.0,1.0,4.0,18.0,26.0,240.0,1,0.075
113726.0,20.0,1.0,4.7,10.0,9.0,282.0,1,0.03546099290780142
113727.0,41.0,2.0,3.2,9.0,10.0,192.0,1,0.046875
113730.0,80.0,1.0,3.9,14.0,9.0,234.0,1,0.05982905982905983
113731.0,26.0,2.0,4.3,25.0,18.0,258.0,1,0.09689922480620156
113733.0,68.0,1.0,3.9,23.0,34.0,234.0,1,0.09829059829059829
113734.0,74.0,1.0,4.0,14.0,10.0,240.0,1,0.058333333333333334
113735.0,50.0,1.0,4.1,46.0,21.0,245.99999999999997,2,0.1869918699186992
113736.0,64.0,1.0,3.2,15.0,20.0,192.0,1,0.078125
113737.0,56.0,2.0,4.0,20.0,14.0,240.0,1,0.08333333333333333
113738.0,55.0,2.0,4.3,14.0,31.0,258.0,1,0.05426356589147287
113740.0,63.0,2.0,3.9,27.0,90.0,234.0,2,0.11538461538461539
113742.0,21.0,2.0,4.0,19.0,10.0,240.0,1,0.07916666666666666
113743.0,18.0,2.0,4.2,24.0,19.0,252.0,1,0.09523809523809523
113744.0,41.0,1.0,3.7,18.0,18.0,222.0,1,0.08108108108108109
113747.0,29.0,1.0,4.8,45.0,41.0,288.0,2,0.15625
113748.0,17.0,2.0,4.1,19.0,29.0,245.99999999999997,1,0.07723577235772358
113750.0,60.0,1.0,4.3,28.0,25.0,258.0,1,0.10852713178294573
113751.0,61.0,1.0,4.0,14.0,24.0,240.0,1,0.058333333333333334
113752.0,13.0,2.0,4.0,11.0,15.0,240.0,1,0.04583333333333333
113753.0,80.0,2.0,3.3,22.0,27.0,198.0,1,0.1111111111111111
113754.0,49.0,2.0,4.1,13.0,15.0,245.99999999999997,1,0.052845528455284556
113757.0,21.0,1.0,4.7,15.0,22.0,282.0,1,0.05319148936170213
113759.0,15.0,2.0,4.5,9.0,10.0,270.0,1,0.03333333333333333
113760.0,80.0,1.0,4.2,19.0,24.0,252.0,1,0.07539682539682539
113761.0,25.0,1.0,4.5,22.0,20.0,270.0,1,0.08148148148148149
113762.0,64.0,1.0,4.4,23.0,12.0,264.0,1,0.08712121212121213
113763.0,25.0,2.0,3.8,17.0,13.0,228.0,1,0.07456140350877193
113766.0,58.0,2.0,3.9,8.0,8.0,234.0,1,0.03418803418803419
113767.0,23.0,1.0,4.2,20.0,28.0,252.0,1,0.07936507936507936
113768.0,66.0,2.0,3.5,12.0,27.0,210.0,1,0.05714285714285714
113769.0,36.0,2.0,3.5,12.0,12.0,210.0,1,0.05714285714285714
113770.0,52.0,1.0,4.5,45.0,110.0,270.0,3,0.16666666666666666
113772.0,17.0,2.0,4.1,30.0,21.0,245.99999999999997,1,0.12195121951219513
113773.0,68.0,1.0,4.3,30.0,64.0,258.0,2,0.11627906976744186
113775.0,67.0,2.0,4.0,20.0,19.0,240.0,1,0.08333333333333333
113776.0,53.0,1.0,3.8,32.0,26.0,228.0,1,0.14035087719298245
113777.0,69.0,1.0,4.5,26.0,40.0,270.0,1,0.0962962962962963
113781.0,19.0,1.0,4.3,26.0,33.0,258.0,1,0.10077519379844961
113782.0,16.0,1.0,4.3,30.0,23.0,258.0,1,0.11627906976744186
113783.0,12.0,2.0,3.8,23.0,26.0,228.0,1,0.10087719298245613
113785.0,50.0,2.0,4.3,22.0,26.0,258.0,1,0.08527131782945736
113787.0,71.0,1.0,3.9,17.0,36.0,234.0,1,0.07264957264957266
113788.0,25.0,2.0,3.9,13.0,18.0,234.0,1,0.05555555555555555
113791.0,24.0,2.0,4.0,9.0,7.0,240.0,1,0.0375
113792.0,25.0,2.0,4.1,7.0,13.0,245.99999999999997,1,0.02845528455284553
113794.0,35.0,2.0,3.9,11.0,22.0,234.0,1,0.04700854700854701
113799.0,71.0,1.0,4.3,14.0,14.0,258.0,1,0.05426356589147287
113801.0,45.0,2.0,3.8,16.0,17.0,228.0,1,0.07017543859649122
113803.0,55.0,1.0,3.9,19.0,23.0,234.0,1,0.0811965811965812
113805.0,12.0,1.0,4.7,13.0,13.0,282.0,1,0.04609929078014184
113806.0,15.0,2.0,4.3,9.0,13.0,258.0,1,0.03488372093023256
113807.0,28.0,2.0,3.9,21.0,20.0,234.0,1,0.08974358974358974
113808.0,32.0,2.0,3.1,16.0,15.0,186.0,1,0.08602150537634409
113810.0,40.0,1.0,4.3,30.0,148.0,258.0,2,0.11627906976744186
113812.0,32.0,2.0,4.6,9.0,25.0,276.0,1,0.03260869565217391
113813.0,20.0,1.0,4.5,17.0,18.0,270.0,1,0.06296296296296296
113815.0,71.0,1.0,4.2,16.0,24.0,252.0,1,0.06349206349206349
113816.0,49.0,1.0,4.2,35.0,64.0,252.0,2,0.1388888888888889
113818.0,54.0,1.0,4.3,7.0,12.0,258.0,1,0.027131782945736434
113819.0,60.0,1.0,3.9,11.0,18.0,234.0,1,0.04700854700854701
113820.0,35.0,2.0,3.7,14.0,21.0,222.0,1,0.06306306306306306
113822.0,51.0,2.0,4.9,22.0,26.0,294.0,1,0.07482993197278912
113824.0,36.0,1.0,4.6,23.0,13.0,276.0,1,0.08333333333333333
113825.0,66.0,2.0,4.1,12.0,12.0,245.99999999999997,1,0.04878048780487806
113827.0,80.0,1.0,3.8,12.0,12.0,228.0,1,0.05263157894736842
113828.0,42.0,2.0,4.4,11.0,8.0,264.0,1,0.041666666666666664
113829.0,15.0,2.0,4.1,13.0,10.0,245.99999999999997,1,0.052845528455284556
113830.0,31.0,2.0,2.5,11.0,7.0,150.0,1,0.07333333333333333
113831.0,80.0,1.0,3.8,18.0,49.0,228.0,2,0.07894736842105263
113834.0,42.0,1.0,4.0,16.0,23.0,240.0,1,0.06666666666666667
113836.0,12.0,1.0,4.0,17.0,13.0,240.0,1,0.07083333333333333
113838.0,59.0,1.0,4.7,20.0,22.0,282.0,1,0.07092198581560284
113839.0,42.0,1.0,4.4,63.0,57.0,264.0,3,0.23863636363636365
113840.0,62.0,1.0,3.9,29.0,105.0,234.0,2,0.12393162393162394
113841.0,57.0,1.0,4.5,21.0,20.0,270.0,1,0.07777777777777778
113843.0,80.0,2.0,4.1,26.0,39.0,245.99999999999997,1,0.10569105691056911
113844.0,41.0,2.0,3.7,17.0,30.0,222.0,1,0.07657657657657657
113845.0,17.0,2.0,4.5,62.0,22.0,270.0,2,0.22962962962962963
113846.0,58.0,2.0,4.0,25.0,14.0,240.0,1,0.10416666666666667
113847.0,51.0,2.0,3.8,14.0,20.0,228.0,1,0.06140350877192982
113849.0,18.0,2.0,4.2,13.0,10.0,252.0,1,0.051587301587301584
113851.0,67.0,1.0,4.1,18.0,35.0,245.99999999999997,1,0.07317073170731708
113852.0,78.0,2.0,4.0,25.0,127.0,240.0,2,0.10416666666666667
113854.0,70.0,2.0,4.4,25.0,28.0,264.0,1,0.0946969696969697
113856.0,63.0,2.0,3.4,14.0,15.0,204.0,1,0.06862745098039216
113857.0,49.0,2.0,4.2,41.0,159.0,252.0,3,0.1626984126984127
113859.0,75.0,1.0,4.6,23.0,23.0,276.0,1,0.08333333333333333
113860.0,51.0,2.0,3.6,16.0,28.0,216.0,1,0.07407407407407407
113862.0,61.0,2.0,3.6,13.0,89.0,216.0,2,0.06018518518518518
113863.0,66.0,2.0,4.0,17.0,13.0,240.0,1,0.07083333333333333
113865.0,52.0,2.0,3.6,12.0,7.0,216.0,1,0.05555555555555555
113866.0,58.0,2.0,4.1,19.0,14.0,245.99999999999997,1,0.07723577235772358
113868.0,37.0,2.0,3.5,31.0,215.0,210.0,2,0.14761904761904762
113869.0,80.0,1.0,4.3,15.0,15.0,258.0,1,0.05813953488372093
113870.0,69.0,1.0,3.9,16.0,35.0,234.0,1,0.06837606837606838
113871.0,71.0,1.0,3.7,13.0,10.0,222.0,1,0.05855855855855856
113872.0,62.0,1.0,4.0,31.0,33.0,240.0,1,0.12916666666666668
113874.0,43.0,1.0,4.0,36.0,28.0,240.0,1,0.15
113880.0,74.0,2.0,3.8,13.0,14.0,228.0,1,0.05701754385964912
113884.0,47.0,1.0,4.0,21.0,14.0,240.0,1,0.0875
113886.0,28.0,1.0,4.5,9.0,7.0,270.0,1,0.03333333333333333
113888.0,73.0,1.0,3.8,17.0,43.0,228.0,1,0.07456140350877193
113889.0,60.0,1.0,3.9,47.0,50.0,234.0,3,0.20085470085470086
113891.0,40.0,2.0,4.0,13.0,12.0,240.0,1,0.05416666666666667
113894.0,18.0,1.0,5.2,24.0,19.0,312.0,1,0.07692307692307693
113895.0,69.0,2.0,3.8,14.0,15.0,228.0,1,0.06140350877192982
113897.0,69.0,1.0,4.4,12.0,20.0,264.0,1,0.045454545454545456
113898.0,46.0,1.0,4.3,48.0,43.0,258.0,2,0.18604651162790697
113899.0,37.0,2.0,4.0,51.0,17.0,240.0,2,0.2125
113900.0,58.0,1.0,3.4,17.0,19.0,204.0,1,0.08333333333333333
113903.0,65.0,2.0,4.2,15.0,14.0,252.0,1,0.05952380952380952
113906.0,33.0,1.0,3.9,20.0,28.0,234.0,1,0.08547008547008547
113910.0,38.0,1.0,4.4,28.0,50.0,264.0,2,0.10606060606060606
113911.0,70.0,2.0,3.5,33.0,40.0,210.0,1,0.15714285714285714
113913.0,63.0,2.0,4.4,12.0,9.0,264.0,1,0.045454545454545456
113914.0,18.0,2.0,4.3,10.0,9.0,258.0,1,0.03875968992248062
113915.0,36.0,2.0,3.5,6.0,17.0,210.0,1,0.02857142857142857
113917.0,31.0,1.0,4.4,41.0,37.0,264.0,2,0.1553030303030303
113921.0,55.0,2.0,4.1,32.0,19.0,245.99999999999997,1,0.13008130081300814
113922.0,58.0,1.0,4.1,25.0,31.0,245.99999999999997,1,0.10162601626016261
113924.0,41.0,2.0,4.0,32.0,8.0,240.0,1,0.13333333333333333
113925.0,19.0,2.0,4.7,16.0,12.0,282.0,1,0.05673758865248227
113926.0,77.0,1.0,4.0,25.0,29.0,240.0,1,0.10416666666666667
113928.0,34.0,2.0,4.4,8.0,8.0,264.0,1,0.030303030303030304
113934.0,41.0,1.0,4.2,29.0,20.0,252.0,1,0.11507936507936507
113936.0,80.0,1.0,4.2,15.0,14.0,252.0,1,0.05952380952380952
113938.0,19.0,1.0,4.3,60.0,45.0,258.0,2,0.23255813953488372
113939.0,17.0,1.0,4.9,12.0,23.0,294.0,1,0.04081632653061224
113941.0,66.0,2.0,3.3,21.0,30.0,198.0,1,0.10606060606060606
113943.0,62.0,1.0,4.5,22.0,22.0,270.0,1,0.08148148148148149
113944.0,57.0,1.0,4.1,28.0,26.0,245.99999999999997,1,0.11382113821138212
113945.0,55.0,1.0,4.4,24.0,45.0,264.0,1,0.09090909090909091
113946.0,22.0,2.0,4.3,54.0,26.0,258.0,2,0.20930232558139536
113947.0,31.0,2.0,3.7,13.0,15.0,222.0,1,0.05855855855855856
113948.0,16.0,1.0,4.3,13.0,16.0,258.0,1,0.050387596899224806
113949.0,67.0,2.0,4.3,14.0,32.0,258.0,1,0.05426356589147287
113950.0,15.0,1.0,4.5,10.0,12.0,270.0,1,0.037037037037037035
113951.0,36.0,2.0,3.7,11.0,14.0,222.0,1,0.04954954954954955
113952.0,14.0,1.0,4.4,16.0,14.0,264.0,1,0.06060606060606061
113953.0,45.0,2.0,3.9,14.0,6.0,234.0,1,0.05982905982905983
113954.0,47.0,2.0,4.0,32.0,79.0,240.0,2,0.13333333333333333
113957.0,51.0,1.0,4.0,26.0,34.0,240.0,1,0.10833333333333334
113958.0,43.0,1.0,4.2,37.0,35.0,252.0,1,0.14682539682539683
113961.0,16.0,1.0,4.5,14.0,14.0,270.0,1,0.05185185185185185
113965.0,39.0,2.0,3.5,14.0,16.0,210.0,1,0.06666666666666667
113967.0,36.0,1.0,5.0,14.0,27.0,300.0,1,0.04666666666666667
113968.0,77.0,2.0,3.8,20.0,25.0,228.0,1,0.08771929824561403
113969.0,24.0,2.0,3.9,14.0,21.0,234.0,1,0.05982905982905983
113971.0,71.0,1.0,4.1,21.0,15.0,245.99999999999997,1,0.08536585365853659
113972.0,35.0,1.0,4.1,27.0,29.0,245.99999999999997,1,0.10975609756097562
113973.0,62.0,2.0,3.8,28.0,46.0,228.0,1,0.12280701754385964
113976.0,21.0,1.0,4.3,33.0,50.0,258.0,2,0.12790697674418605
113977.0,60.0,1.0,4.1,16.0,27.0,245.99999999999997,1,0.06504065040650407
113978.0,77.0,2.0,4.0,24.0,26.0,240.0,1,0.1
113979.0,27.0,2.0,3.9,21.0,9.0,234.0,1,0.08974358974358974
113980.0,43.0,2.0,3.7,40.0,54.0,222.0,2,0.18018018018018017
113981.0,67.0,2.0,4.4,47.0,90.0,264.0,3,0.17803030303030304
113982.0,57.0,1.0,4.6,25.0,48.0,276.0,1,0.09057971014492754
113983.0,66.0,2.0,3.8,13.0,13.0,228.0,1,0.05701754385964912
113984.0,44.0,1.0,3.9,29.0,64.0,234.0,2,0.12393162393162394
113987.0,33.0,1.0,4.5,20.0,16.0,270.0,1,0.07407407407407407
113991.0,42.0,2.0,4.0,17.0,23.0,240.0,1,0.07083333333333333
113992.0,35.0,1.0,3.9,33.0,24.0,234.0,1,0.14102564102564102
113994.0,43.0,1.0,4.4,30.0,30.0,264.0,1,0.11363636363636363
113996.0,16.0,1.0,4.4,15.0,9.0,264.0,1,0.056818181818181816
113998.0,53.0,2.0,4.1,24.0,26.0,245.99999999999997,1,0.09756097560975611
113999.0,17.0,1.0,4.6,13.0,10.0,276.0,1,0.04710144927536232
114000.0,14.0,2.0,4.0,8.0,6.0,240.0,1,0.03333333333333333
114001.0,19.0,2.0,3.2,12.0,12.0,192.0,1,0.0625
114004.0,16.0,2.0,4.2,15.0,14.0,252.0,1,0.05952380952380952
114005.0,41.0,1.0,4.1,20.0,69.0,245.99999999999997,2,0.0813008130081301
114008.0,66.0,1.0,3.8,17.0,321.0,228.0,2,0.07456140350877193
114015.0,62.0,1.0,4.5,13.0,14.0,270.0,1,0.04814814814814815
114016.0,17.0,1.0,4.3,11.0,17.0,258.0,1,0.04263565891472868
114017.0,61.0,1.0,3.4,30.0,54.0,204.0,2,0.14705882352941177
114019.0,74.0,1.0,4.7,18.0,24.0,282.0,1,0.06382978723404255
114020.0,17.0,2.0,3.4,11.0,39.0,204.0,1,0.05392156862745098
114021.0,63.0,1.0,4.1,16.0,25.0,245.99999999999997,1,0.06504065040650407
114022.0,14.0,2.0,3.8,8.0,7.0,228.0,1,0.03508771929824561
114023.0,63.0,1.0,4.5,58.0,41.0,270.0,2,0.21481481481481482
114025.0,16.0,1.0,4.2,14.0,15.0,252.0,1,0.05555555555555555
114027.0,57.0,1.0,3.9,16.0,33.0,234.0,1,0.06837606837606838
114028.0,75.0,1.0,3.8,14.0,34.0,228.0,1,0.06140350877192982
114030.0,28.0,2.0,3.9,10.0,18.0,234.0,1,0.042735042735042736
114031.0,80.0,1.0,3.9,17.0,14.0,234.0,1,0.07264957264957266
114032.0,65.0,2.0,4.2,15.0,8.0,252.0,1,0.05952380952380952
114033.0,13.0,2.0,4.3,10.0,10.0,258.0,1,0.03875968992248062
114034.0,45.0,2.0,4.2,29.0,33.0,252.0,1,0.11507936507936507
114035.0,34.0,1.0,4.1,29.0,17.0,245.99999999999997,1,0.11788617886178863
114036.0,56.0,2.0,3.7,15.0,20.0,222.0,1,0.06756756756756757
114037.0,76.0,2.0,4.0,10.0,17.0,240.0,1,0.041666666666666664
114038.0,70.0,2.0,4.5,15.0,17.0,270.0,1,0.05555555555555555
114039.0,62.0,1.0,4.2,18.0,18.0,252.0,1,0.07142857142857142
114040.0,59.0,2.0,3.9,37.0,16.0,234.0,1,0.1581196581196581
114045.0,70.0,1.0,3.9,12.0,17.0,234.0,1,0.05128205128205128
114046.0,40.0,1.0,4.9,30.0,17.0,294.0,1,0.10204081632653061
114048.0,30.0,2.0,4.0,11.0,8.0,240.0,1,0.04583333333333333
114049.0,66.0,2.0,4.3,25.0,20.0,258.0,1,0.09689922480620156
114052.0,73.0,1.0,4.1,13.0,10.0,245.99999999999997,1,0.052845528455284556
114053.0,26.0,1.0,4.2,37.0,64.0,252.0,2,0.14682539682539683
114054.0,77.0,1.0,3.8,15.0,22.0,228.0,1,0.06578947368421052
114056.0,50.0,1.0,4.5,41.0,47.0,270.0,2,0.15185185185185185
114057.0,25.0,2.0,4.1,31.0,18.0,245.99999999999997,1,0.12601626016260165
114058.0,80.0,1.0,3.2,12.0,10.0,192.0,1,0.0625
114059.0,68.0,2.0,4.1,39.0,30.0,245.99999999999997,1,0.1585365853658537
114060.0,25.0,2.0,3.8,13.0,12.0,228.0,1,0.05701754385964912
114061.0,12.0,1.0,4.1,12.0,13.0,245.99999999999997,1,0.04878048780487806
114062.0,33.0,2.0,3.4,8.0,6.0,204.0,1,0.0392156862745098
114068.0,32.0,2.0,4.0,14.0,13.0,240.0,1,0.058333333333333334
114069.0,27.0,2.0,3.6,15.0,22.0,216.0,1,0.06944444444444445
114071.0,63.0,2.0,4.2,12.0,20.0,252.0,1,0.047619047619047616
114074.0,18.0,1.0,4.4,11.0,9.0,264.0,1,0.041666666666666664
114075.0,24.0,2.0,3.8,12.0,12.0,228.0,1,0.05263157894736842
114078.0,32.0,2.0,4.0,9.0,19.0,240.0,1,0.0375
114081.0,48.0,1.0,4.1,71.0,81.0,245.99999999999997,3,0.2886178861788618
114082.0,80.0,2.0,4.2,11.0,22.0,252.0,1,0.04365079365079365
114084.0,55.0,2.0,4.5,52.0,87.0,270.0,3,0.1925925925925926
114087.0,44.0,1.0,3.7,31.0,32.0,222.0,1,0.13963963963963963
114090.0,56.0,2.0,4.7,32.0,19.0,282.0,1,0.11347517730496454
114092.0,39.0,1.0,4.4,22.0,34.0,264.0,1,0.08333333333333333
114093.0,44.0,2.0,3.9,11.0,22.0,234.0,1,0.04700854700854701
114095.0,42.0,2.0,3.6,39.0,137.0,216.0,2,0.18055555555555555
114096.0,78.0,1.0,4.3,17.0,14.0,258.0,1,0.06589147286821706
114098.0,54.0,2.0,3.9,17.0,15.0,234.0,1,0.07264957264957266
114099.0,33.0,2.0,4.2,20.0,12.0,252.0,1,0.07936507936507936
114101.0,46.0,1.0,3.8,17.0,31.0,228.0,1,0.07456140350877193
114103.0,74.0,2.0,3.7,11.0,30.0,222.0,1,0.04954954954954955
114104.0,80.0,1.0,3.7,14.0,18.0,222.0,1,0.06306306306306306
114105.0,69.0,2.0,3.4,10.0,38.0,204.0,1,0.049019607843137254
114106.0,75.0,2.0,3.6,9.0,14.0,216.0,1,0.041666666666666664
114108.0,63.0,2.0,4.0,17.0,8.0,240.0,1,0.07083333333333333
114110.0,26.0,1.0,4.5,27.0,24.0,270.0,1,0.1
114111.0,19.0,2.0,4.6,62.0,9.0,276.0,2,0.2246376811594203
114113.0,60.0,1.0,4.2,28.0,39.0,252.0,1,0.1111111111111111
114114.0,49.0,2.0,3.9,22.0,38.0,234.0,1,0.09401709401709402
114117.0,54.0,2.0,4.3,17.0,7.0,258.0,1,0.06589147286821706
114118.0,62.0,1.0,4.0,16.0,19.0,240.0,1,0.06666666666666667
114122.0,33.0,1.0,4.5,27.0,39.0,270.0,1,0.1
114123.0,63.0,1.0,4.2,30.0,51.0,252.0,2,0.11904761904761904
114124.0,36.0,2.0,4.2,16.0,18.0,252.0,1,0.06349206349206349
114125.0,68.0,2.0,3.6,13.0,12.0,216.0,1,0.06018518518518518
114128.0,74.0,1.0,3.9,9.0,22.0,234.0,1,0.038461538461538464
114130.0,63.0,2.0,4.4,13.0,21.0,264.0,1,0.04924242424242424
114131.0,68.0,1.0,3.7,10.0,16.0,222.0,1,0.04504504504504504
114133.0,57.0,1.0,3.9,27.0,48.0,234.0,1,0.11538461538461539
114135.0,21.0,2.0,3.8,8.0,8.0,228.0,1,0.03508771929824561
114136.0,30.0,1.0,4.4,45.0,49.0,264.0,3,0.17045454545454544
114137.0,13.0,1.0,4.3,18.0,10.0,258.0,1,0.06976744186046512
114140.0,14.0,1.0,4.3,9.0,10.0,258.0,1,0.03488372093023256
114141.0,60.0,1.0,3.9,24.0,54.0,234.0,2,0.10256410256410256
114143.0,43.0,1.0,4.1,35.0,80.0,245.99999999999997,2,0.14227642276422767
114145.0,54.0,1.0,3.9,25.0,11.0,234.0,1,0.10683760683760683
114147.0,56.0,2.0,4.3,12.0,9.0,258.0,1,0.046511627906976744
114148.0,78.0,2.0,4.0,20.0,16.0,240.0,1,0.08333333333333333
114152.0,18.0,1.0,4.6,37.0,21.0,276.0,1,0.13405797101449277
114155.0,14.0,1.0,4.3,18.0,16.0,258.0,1,0.06976744186046512
114157.0,41.0,2.0,4.1,34.0,44.0,245.99999999999997,1,0.13821138211382114
114159.0,73.0,1.0,4.4,24.0,37.0,264.0,1,0.09090909090909091
114161.0,62.0,1.0,3.8,12.0,11.0,228.0,1,0.05263157894736842
114162.0,68.0,1.0,4.3,30.0,63.0,258.0,2,0.11627906976744186
114163.0,64.0,2.0,3.8,18.0,112.0,228.0,2,0.07894736842105263
114164.0,12.0,1.0,4.0,11.0,9.0,240.0,1,0.04583333333333333
114165.0,50.0,1.0,4.4,43.0,56.0,264.0,3,0.16287878787878787
114167.0,26.0,2.0,4.0,19.0,9.0,240.0,1,0.07916666666666666
114168.0,25.0,1.0,4.2,100.0,72.0,252.0,3,0.3968253968253968
114169.0,71.0,1.0,4.2,9.0,30.0,252.0,1,0.03571428571428571
114171.0,29.0,2.0,4.4,18.0,11.0,264.0,1,0.06818181818181818
114172.0,54.0,1.0,4.3,38.0,27.0,258.0,1,0.14728682170542637
114173.0,55.0,1.0,4.1,30.0,93.0,245.99999999999997,2,0.12195121951219513
114178.0,51.0,1.0,4.0,38.0,154.0,240.0,2,0.15833333333333333
114179.0,69.0,1.0,3.8,16.0,34.0,228.0,1,0.07017543859649122
114181.0,60.0,2.0,4.1,13.0,21.0,245.99999999999997,1,0.052845528455284556
114182.0,67.0,2.0,3.6,7.0,19.0,216.0,1,0.032407407407407406
114183.0,36.0,2.0,4.6,17.0,13.0,276.0,1,0.06159420289855073
114184.0,79.0,2.0,4.1,10.0,37.0,245.99999999999997,1,0.04065040650406505
114185.0,72.0,2.0,4.6,13.0,21.0,276.0,1,0.04710144927536232
114186.0,76.0,1.0,4.4,10.0,11.0,264.0,1,0.03787878787878788
114187.0,24.0,2.0,3.7,9.0,15.0,222.0,1,0.04054054054054054
114188.0,45.0,1.0,4.2,32.0,64.0,252.0,2,0.12698412698412698
114189.0,73.0,1.0,4.3,17.0,9.0,258.0,1,0.06589147286821706
114192.0,17.0,2.0,4.5,11.0,8.0,270.0,1,0.040740740740740744
114194.0,42.0,1.0,4.7,72.0,28.0,282.0,2,0.2553191489361702
114195.0,46.0,2.0,4.1,16.0,21.0,245.99999999999997,1,0.06504065040650407
114197.0,58.0,2.0,3.9,35.0,31.0,234.0,1,0.14957264957264957
114199.0,34.0,2.0,4.3,19.0,50.0,258.0,2,0.07364341085271318
114203.0,61.0,1.0,4.1,18.0,70.0,245.99999999999997,2,0.07317073170731708
114210.0,16.0,1.0,4.5,12.0,20.0,270.0,1,0.044444444444444446
114211.0,30.0,1.0,4.3,18.0,11.0,258.0,1,0.06976744186046512
114212.0,66.0,2.0,3.9,11.0,10.0,234.0,1,0.04700854700854701
114213.0,79.0,1.0,3.9,21.0,18.0,234.0,1,0.08974358974358974
114219.0,63.0,2.0,4.2,15.0,20.0,252.0,1,0.05952380952380952
114220.0,22.0,1.0,3.9,16.0,21.0,234.0,1,0.06837606837606838
114222.0,42.0,2.0,4.3,11.0,13.0,258.0,1,0.04263565891472868
114223.0,17.0,1.0,4.4,12.0,12.0,264.0,1,0.045454545454545456
114227.0,28.0,2.0,3.8,13.0,15.0,228.0,1,0.05701754385964912
114228.0,22.0,1.0,4.0,35.0,32.0,240.0,1,0.14583333333333334
114229.0,46.0,2.0,3.6,10.0,28.0,216.0,1,0.046296296296296294
114231.0,57.0,2.0,3.7,15.0,9.0,222.0,1,0.06756756756756757
114233.0,14.0,2.0,4.5,13.0,10.0,270.0,1,0.04814814814814815
114236.0,38.0,1.0,4.4,51.0,48.0,264.0,2,0.19318181818181818
114239.0,20.0,2.0,4.5,22.0,14.0,270.0,1,0.08148148148148149
114240.0,76.0,2.0,3.7,10.0,15.0,222.0,1,0.04504504504504504
114243.0,78.0,2.0,4.0,13.0,15.0,240.0,1,0.05416666666666667
114244.0,24.0,1.0,4.1,17.0,25.0,245.99999999999997,1,0.06910569105691057
114246.0,32.0,1.0,4.0,20.0,47.0,240.0,1,0.08333333333333333
114247.0,75.0,1.0,4.5,7.0,14.0,270.0,1,0.025925925925925925
114248.0,69.0,1.0,4.2,14.0,19.0,252.0,1,0.05555555555555555
114251.0,60.0,1.0,4.0,32.0,25.0,240.0,1,0.13333333333333333
114254.0,54.0,2.0,3.8,20.0,12.0,228.0,1,0.08771929824561403
114255.0,16.0,2.0,4.4,9.0,13.0,264.0,1,0.03409090909090909
114256.0,80.0,1.0,4.0,9.0,7.0,240.0,1,0.0375
114257.0,41.0,1.0,3.8,20.0,25.0,228.0,1,0.08771929824561403
114260.0,41.0,1.0,4.2,9.0,36.0,252.0,1,0.03571428571428571
114261.0,64.0,2.0,2.9,9.0,13.0,174.0,1,0.05172413793103448
114268.0,62.0,2.0,3.8,9.0,21.0,228.0,1,0.039473684210526314
114269.0,75.0,2.0,4.3,27.0,127.0,258.0,2,0.10465116279069768
114270.0,15.0,1.0,4.3,20.0,34.0,258.0,1,0.07751937984496124
114272.0,27.0,2.0,4.0,10.0,19.0,240.0,1,0.041666666666666664
114273.0,52.0,1.0,4.0,14.0,20.0,240.0,1,0.058333333333333334
114274.0,54.0,2.0,4.1,25.0,18.0,245.99999999999997,1,0.10162601626016261
114276.0,42.0,1.0,4.7,28.0,73.0,282.0,2,0.09929078014184398
114277.0,15.0,2.0,3.8,22.0,13.0,228.0,1,0.09649122807017543
114279.0,80.0,1.0,4.4,19.0,20.0,264.0,1,0.07196969696969698
114280.0,19.0,1.0,4.5,82.0,72.0,270.0,3,0.3037037037037037
114282.0,14.0,1.0,4.4,10.0,12.0,264.0,1,0.03787878787878788
114284.0,16.0,2.0,4.5,7.0,10.0,270.0,1,0.025925925925925925
114285.0,80.0,2.0,3.6,8.0,9.0,216.0,1,0.037037037037037035
114287.0,49.0,2.0,3.8,19.0,31.0,228.0,1,0.08333333333333333
114291.0,42.0,1.0,4.2,61.0,65.0,252.0,3,0.24206349206349206
114293.0,54.0,1.0,3.9,21.0,28.0,234.0,1,0.08974358974358974
114294.0,28.0,2.0,4.1,11.0,15.0,245.99999999999997,1,0.04471544715447155
114295.0,13.0,1.0,4.4,17.0,22.0,264.0,1,0.06439393939393939
114297.0,80.0,1.0,3.8,11.0,11.0,228.0,1,0.04824561403508772
114298.0,70.0,2.0,4.1,11.0,12.0,245.99999999999997,1,0.04471544715447155
114300.0,80.0,2.0,4.2,12.0,41.0,252.0,1,0.047619047619047616
114301.0,20.0,1.0,3.9,23.0,18.0,234.0,1,0.09829059829059829
114302.0,14.0,1.0,4.2,10.0,6.0,252.0,1,0.03968253968253968
114303.0,42.0,1.0,4.3,13.0,16.0,258.0,1,0.050387596899224806
114305.0,64.0,2.0,4.5,54.0,178.0,270.0,3,0.2
114306.0,19.0,1.0,4.6,12.0,15.0,276.0,1,0.043478260869565216
114311.0,58.0,1.0,3.5,16.0,27.0,210.0,1,0.0761904761904762
114312.0,33.0,2.0,4.2,12.0,11.0,252.0,1,0.047619047619047616
114314.0,21.0,2.0,3.8,39.0,21.0,228.0,1,0.17105263157894737
114319.0,19.0,2.0,4.5,11.0,10.0,270.0,1,0.040740740740740744
114320.0,55.0,2.0,4.2,32.0,29.0,252.0,1,0.12698412698412698
114323.0,70.0,2.0,4.0,18.0,9.0,240.0,1,0.075
114324.0,70.0,2.0,3.9,22.0,13.0,234.0,1,0.09401709401709402
114327.0,39.0,2.0,4.4,28.0,63.0,264.0,2,0.10606060606060606
114328.0,80.0,2.0,3.7,15.0,23.0,222.0,1,0.06756756756756757
114329.0,28.0,1.0,4.0,42.0,82.0,240.0,3,0.175
114331.0,63.0,2.0,4.4,16.0,14.0,264.0,1,0.06060606060606061
114332.0,80.0,2.0,4.4,21.0,51.0,264.0,2,0.07954545454545454
114333.0,21.0,2.0,4.4,22.0,10.0,264.0,1,0.08333333333333333
114334.0,51.0,2.0,3.8,8.0,43.0,228.0,1,0.03508771929824561
114337.0,62.0,2.0,4.0,29.0,25.0,240.0,1,0.12083333333333333
114338.0,40.0,2.0,3.9,12.0,18.0,234.0,1,0.05128205128205128
114339.0,33.0,1.0,4.1,25.0,13.0,245.99999999999997,1,0.10162601626016261
114340.0,30.0,1.0,3.8,33.0,24.0,228.0,1,0.14473684210526316
114343.0,18.0,1.0,4.5,11.0,15.0,270.0,1,0.040740740740740744
114345.0,37.0,2.0,3.8,23.0,24.0,228.0,1,0.10087719298245613
114346.0,74.0,2.0,3.6,14.0,21.0,216.0,1,0.06481481481481481
114349.0,63.0,2.0,3.9,17.0,23.0,234.0,1,0.07264957264957266
114351.0,74.0,2.0,3.9,12.0,13.0,234.0,1,0.05128205128205128
114352.0,55.0,2.0,4.2,13.0,13.0,252.0,1,0.051587301587301584
114353.0,59.0,1.0,4.2,27.0,47.0,252.0,1,0.10714285714285714
114354.0,37.0,1.0,4.4,25.0,48.0,264.0,1,0.0946969696969697
114357.0,75.0,2.0,4.2,15.0,32.0,252.0,1,0.05952380952380952
114360.0,28.0,2.0,4.4,10.0,10.0,264.0,1,0.03787878787878788
114361.0,21.0,1.0,4.2,78.0,46.0,252.0,2,0.30952380952380953
114362.0,15.0,2.0,4.5,12.0,10.0,270.0,1,0.044444444444444446
114363.0,80.0,1.0,4.1,15.0,15.0,245.99999999999997,1,0.06097560975609757
114364.0,71.0,1.0,4.2,12.0,14.0,252.0,1,0.047619047619047616
114366.0,79.0,2.0,4.1,25.0,67.0,245.99999999999997,2,0.10162601626016261
114367.0,54.0,2.0,4.0,19.0,15.0,240.0,1,0.07916666666666666
114369.0,56.0,2.0,4.0,43.0,37.0,240.0,2,0.17916666666666667
114371.0,80.0,1.0,4.5,31.0,22.0,270.0,1,0.11481481481481481
114373.0,17.0,1.0,4.6,30.0,20.0,276.0,1,0.10869565217391304
114374.0,25.0,1.0,4.2,14.0,12.0,252.0,1,0.05555555555555555
114376.0,33.0,1.0,4.9,13.0,13.0,294.0,1,0.04421768707482993
114377.0,41.0,2.0,4.1,11.0,9.0,245.99999999999997,1,0.04471544715447155
114378.0,14.0,1.0,4.3,19.0,21.0,258.0,1,0.07364341085271318
114379.0,33.0,1.0,4.3,16.0,14.0,258.0,1,0.06201550387596899
114380.0,47.0,1.0,4.3,10.0,13.0,258.0,1,0.03875968992248062
114383.0,80.0,1.0,3.6,12.0,27.0,216.0,1,0.05555555555555555
114384.0,80.0,2.0,3.8,13.0,21.0,228.0,1,0.05701754385964912
114385.0,23.0,2.0,3.9,20.0,15.0,234.0,1,0.08547008547008547
114386.0,80.0,1.0,3.6,10.0,23.0,216.0,1,0.046296296296296294
114387.0,30.0,2.0,4.4,16.0,6.0,264.0,1,0.06060606060606061
114388.0,52.0,2.0,4.3,17.0,15.0,258.0,1,0.06589147286821706
114389.0,63.0,1.0,3.8,10.0,13.0,228.0,1,0.043859649122807015
114391.0,47.0,1.0,3.7,25.0,21.0,222.0,1,0.11261261261261261
114393.0,23.0,1.0,4.4,25.0,25.0,264.0,1,0.0946969696969697
114396.0,18.0,1.0,4.5,53.0,32.0,270.0,2,0.1962962962962963
114403.0,54.0,2.0,3.3,15.0,110.0,198.0,2,0.07575757575757576
114404.0,60.0,1.0,4.4,15.0,25.0,264.0,1,0.056818181818181816
114405.0,36.0,2.0,4.0,17.0,11.0,240.0,1,0.07083333333333333
114406.0,60.0,2.0,4.3,59.0,91.0,258.0,3,0.22868217054263565
114407.0,66.0,1.0,4.1,20.0,19.0,245.99999999999997,1,0.0813008130081301
114408.0,12.0,2.0,4.5,9.0,9.0,270.0,1,0.03333333333333333
114409.0,50.0,2.0,4.4,20.0,24.0,264.0,1,0.07575757575757576
114410.0,68.0,1.0,4.1,30.0,28.0,245.99999999999997,1,0.12195121951219513
114411.0,16.0,2.0,3.5,14.0,19.0,210.0,1,0.06666666666666667
114412.0,45.0,2.0,4.0,15.0,19.0,240.0,1,0.0625
114413.0,59.0,2.0,4.3,17.0,25.0,258.0,1,0.06589147286821706
114415.0,36.0,1.0,4.2,36.0,35.0,252.0,1,0.14285714285714285
114417.0,42.0,1.0,4.2,35.0,25.0,252.0,1,0.1388888888888889
114419.0,47.0,1.0,3.8,30.0,86.0,228.0,2,0.13157894736842105
114420.0,77.0,2.0,4.1,19.0,9.0,245.99999999999997,1,0.07723577235772358
114422.0,38.0,2.0,4.1,34.0,21.0,245.99999999999997,1,0.13821138211382114
114423.0,63.0,2.0,3.9,28.0,18.0,234.0,1,0.11965811965811966
114425.0,43.0,2.0,4.1,43.0,47.0,245.99999999999997,2,0.17479674796747968
114427.0,48.0,2.0,3.5,12.0,20.0,210.0,1,0.05714285714285714
114429.0,69.0,2.0,4.2,8.0,23.0,252.0,1,0.031746031746031744
114430.0,36.0,2.0,4.2,8.0,21.0,252.0,1,0.031746031746031744
114431.0,55.0,2.0,3.8,13.0,20.0,228.0,1,0.05701754385964912
114437.0,18.0,2.0,4.4,10.0,16.0,264.0,1,0.03787878787878788
114438.0,48.0,1.0,4.1,18.0,20.0,245.99999999999997,1,0.07317073170731708
114440.0,80.0,2.0,4.0,10.0,76.0,240.0,2,0.041666666666666664
114444.0,68.0,1.0,3.6,26.0,18.0,216.0,1,0.12037037037037036
114445.0,69.0,2.0,3.9,7.0,20.0,234.0,1,0.029914529914529916
114446.0,49.0,1.0,3.9,19.0,45.0,234.0,1,0.0811965811965812
114448.0,40.0,2.0,4.3,12.0,7.0,258.0,1,0.046511627906976744
114449.0,48.0,2.0,4.7,19.0,17.0,282.0,1,0.0673758865248227
114450.0,65.0,1.0,3.8,13.0,25.0,228.0,1,0.05701754385964912
114452.0,52.0,2.0,4.2,11.0,12.0,252.0,1,0.04365079365079365
114453.0,39.0,2.0,3.6,8.0,10.0,216.0,1,0.037037037037037035
114458.0,45.0,1.0,4.3,14.0,20.0,258.0,1,0.05426356589147287
114461.0,69.0,2.0,4.2,14.0,20.0,252.0,1,0.05555555555555555
114462.0,74.0,2.0,3.7,12.0,19.0,222.0,1,0.05405405405405406
114463.0,19.0,1.0,4.3,38.0,27.0,258.0,1,0.14728682170542637
114466.0,27.0,2.0,3.7,12.0,11.0,222.0,1,0.05405405405405406
114467.0,52.0,1.0,4.1,20.0,35.0,245.99999999999997,1,0.0813008130081301
114468.0,14.0,1.0,4.3,22.0,15.0,258.0,1,0.08527131782945736
114471.0,15.0,1.0,4.3,11.0,12.0,258.0,1,0.04263565891472868
114472.0,29.0,1.0,4.4,31.0,80.0,264.0,2,0.11742424242424243
114473.0,73.0,1.0,3.8,16.0,20.0,228.0,1,0.07017543859649122
114475.0,60.0,1.0,4.2,16.0,9.0,252.0,1,0.06349206349206349
114478.0,30.0,2.0,4.3,14.0,12.0,258.0,1,0.05426356589147287
114479.0,13.0,2.0,4.5,12.0,14.0,270.0,1,0.044444444444444446
114480.0,52.0,2.0,4.1,10.0,9.0,245.99999999999997,1,0.04065040650406505
114481.0,50.0,1.0,4.0,14.0,15.0,240.0,1,0.058333333333333334
114482.0,74.0,2.0,3.7,16.0,22.0,222.0,1,0.07207207207207207
114483.0,69.0,2.0,3.6,23.0,34.0,216.0,1,0.10648148148148148
114485.0,16.0,1.0,4.7,13.0,8.0,282.0,1,0.04609929078014184
114486.0,80.0,1.0,4.2,23.0,12.0,252.0,1,0.09126984126984126
114487.0,55.0,1.0,4.3,18.0,26.0,258.0,1,0.06976744186046512
114490.0,80.0,2.0,3.6,10.0,8.0,216.0,1,0.046296296296296294
114491.0,63.0,1.0,3.7,15.0,14.0,222.0,1,0.06756756756756757
114493.0,45.0,2.0,4.0,10.0,24.0,240.0,1,0.041666666666666664
114496.0,16.0,2.0,3.5,10.0,15.0,210.0,1,0.047619047619047616
114497.0,56.0,1.0,4.2,26.0,28.0,252.0,1,0.10317460317460317
114498.0,43.0,1.0,4.1,38.0,30.0,245.99999999999997,1,0.15447154471544716
114499.0,65.0,2.0,3.9,19.0,16.0,234.0,1,0.0811965811965812
114500.0,67.0,1.0,4.3,18.0,26.0,258.0,1,0.06976744186046512
114504.0,80.0,1.0,4.2,19.0,24.0,252.0,1,0.07539682539682539
114505.0,41.0,2.0,4.2,11.0,14.0,252.0,1,0.04365079365079365
114507.0,46.0,2.0,3.8,32.0,19.0,228.0,1,0.14035087719298245
114510.0,32.0,2.0,3.8,22.0,17.0,228.0,1,0.09649122807017543
114512.0,30.0,2.0,3.6,10.0,31.0,216.0,1,0.046296296296296294
114514.0,29.0,1.0,4.0,17.0,32.0,240.0,1,0.07083333333333333
114517.0,80.0,1.0,4.1,22.0,17.0,245.99999999999997,1,0.0894308943089431
114519.0,50.0,1.0,4.3,19.0,31.0,258.0,1,0.07364341085271318
114520.0,43.0,2.0,3.9,7.0,16.0,234.0,1,0.029914529914529916
114521.0,54.0,2.0,4.1,15.0,23.0,245.99999999999997,1,0.06097560975609757
114523.0,38.0,2.0,4.0,10.0,7.0,240.0,1,0.041666666666666664
114526.0,80.0,2.0,3.4,13.0,27.0,204.0,1,0.06372549019607843
114527.0,55.0,2.0,5.0,27.0,20.0,300.0,1,0.09
114530.0,52.0,2.0,4.2,16.0,14.0,252.0,1,0.06349206349206349
114532.0,68.0,2.0,3.4,13.0,53.0,204.0,2,0.06372549019607843
114533.0,23.0,2.0,4.3,8.0,15.0,258.0,1,0.031007751937984496
114534.0,80.0,1.0,3.9,17.0,31.0,234.0,1,0.07264957264957266
114535.0,80.0,1.0,3.5,11.0,16.0,210.0,1,0.05238095238095238
114538.0,46.0,2.0,4.2,11.0,13.0,252.0,1,0.04365079365079365
114539.0,69.0,2.0,3.4,14.0,12.0,204.0,1,0.06862745098039216
114540.0,70.0,1.0,4.6,40.0,18.0,276.0,1,0.14492753623188406
114542.0,45.0,2.0,3.7,5.0,11.0,222.0,1,0.02252252252252252
114543.0,32.0,1.0,3.8,27.0,16.0,228.0,1,0.11842105263157894
114545.0,80.0,1.0,4.6,37.0,16.0,276.0,1,0.13405797101449277
114546.0,45.0,2.0,3.9,14.0,19.0,234.0,1,0.05982905982905983
114547.0,64.0,1.0,4.3,17.0,23.0,258.0,1,0.06589147286821706
114548.0,46.0,1.0,4.5,40.0,21.0,270.0,1,0.14814814814814814
114553.0,43.0,2.0,3.9,23.0,20.0,234.0,1,0.09829059829059829
114554.0,80.0,1.0,4.1,29.0,44.0,245.99999999999997,1,0.11788617886178863
114555.0,45.0,2.0,4.1,12.0,16.0,245.99999999999997,1,0.04878048780487806
114557.0,33.0,2.0,3.9,12.0,21.0,234.0,1,0.05128205128205128
114559.0,33.0,2.0,4.5,13.0,7.0,270.0,1,0.04814814814814815
114560.0,46.0,1.0,4.2,14.0,26.0,252.0,1,0.05555555555555555
114561.0,15.0,1.0,4.2,20.0,15.0,252.0,1,0.07936507936507936
114565.0,19.0,2.0,3.5,9.0,12.0,210.0,1,0.04285714285714286
114573.0,45.0,1.0,3.8,41.0,55.0,228.0,3,0.17982456140350878
114574.0,14.0,1.0,4.4,11.0,11.0,264.0,1,0.041666666666666664
114575.0,29.0,2.0,3.9,12.0,34.0,234.0,1,0.05128205128205128
114576.0,35.0,2.0,4.6,12.0,10.0,276.0,1,0.043478260869565216
114578.0,41.0,2.0,4.2,9.0,18.0,252.0,1,0.03571428571428571
114579.0,71.0,1.0,4.0,19.0,29.0,240.0,1,0.07916666666666666
114581.0,13.0,1.0,4.2,12.0,21.0,252.0,1,0.047619047619047616
114585.0,55.0,2.0,4.4,43.0,15.0,264.0,2,0.16287878787878787
114586.0,64.0,2.0,3.9,18.0,12.0,234.0,1,0.07692307692307693
114589.0,80.0,1.0,3.7,13.0,24.0,222.0,1,0.05855855855855856
114590.0,33.0,2.0,3.5,20.0,17.0,210.0,1,0.09523809523809523
114591.0,61.0,2.0,3.9,16.0,16.0,234.0,1,0.06837606837606838
114594.0,41.0,1.0,4.5,14.0,56.0,270.0,2,0.05185185185185185
114595.0,25.0,2.0,4.3,28.0,23.0,258.0,1,0.10852713178294573
114596.0,78.0,1.0,4.4,16.0,27.0,264.0,1,0.06060606060606061
114597.0,21.0,2.0,3.6,9.0,36.0,216.0,1,0.041666666666666664
114598.0,17.0,2.0,4.2,7.0,8.0,252.0,1,0.027777777777777776
114599.0,16.0,2.0,3.8,14.0,11.0,228.0,1,0.06140350877192982
114601.0,40.0,2.0,3.8,17.0,17.0,228.0,1,0.07456140350877193
114602.0,19.0,2.0,3.9,14.0,7.0,234.0,1,0.05982905982905983
114606.0,55.0,2.0,2.6,42.0,286.0,156.0,3,0.2692307692307692
114607.0,22.0,1.0,4.2,49.0,171.0,252.0,3,0.19444444444444445
114608.0,49.0,1.0,4.2,22.0,84.0,252.0,2,0.0873015873015873
114609.0,16.0,1.0,4.5,12.0,11.0,270.0,1,0.044444444444444446
114610.0,38.0,1.0,4.5,22.0,15.0,270.0,1,0.08148148148148149
114611.0,61.0,2.0,3.8,17.0,13.0,228.0,1,0.07456140350877193
114612.0,40.0,2.0,4.2,19.0,22.0,252.0,1,0.07539682539682539
114614.0,37.0,1.0,4.1,39.0,32.0,245.99999999999997,1,0.1585365853658537
114615.0,19.0,2.0,3.8,7.0,14.0,228.0,1,0.03070175438596491
114616.0,63.0,1.0,4.3,27.0,26.0,258.0,1,0.10465116279069768
114619.0,80.0,2.0,4.5,16.0,17.0,270.0,1,0.05925925925925926
114620.0,51.0,2.0,3.9,17.0,10.0,234.0,1,0.07264957264957266
114622.0,72.0,1.0,4.0,29.0,15.0,240.0,1,0.12083333333333333
114624.0,43.0,1.0,4.3,12.0,25.0,258.0,1,0.046511627906976744
114626.0,53.0,2.0,4.1,12.0,21.0,245.99999999999997,1,0.04878048780487806
114629.0,15.0,1.0,4.2,22.0,15.0,252.0,1,0.0873015873015873
114630.0,16.0,1.0,4.3,10.0,13.0,258.0,1,0.03875968992248062
114631.0,37.0,2.0,4.1,10.0,13.0,245.99999999999997,1,0.04065040650406505
114632.0,49.0,2.0,3.8,70.0,140.0,228.0,3,0.30701754385964913
114633.0,35.0,2.0,3.9,17.0,9.0,234.0,1,0.07264957264957266
114634.0,32.0,2.0,4.3,8.0,19.0,258.0,1,0.031007751937984496
114636.0,50.0,1.0,4.0,31.0,33.0,240.0,1,0.12916666666666668
114637.0,59.0,2.0,3.4,19.0,22.0,204.0,1,0.09313725490196079
114638.0,43.0,1.0,3.7,28.0,130.0,222.0,2,0.12612612612612611
114640.0,33.0,2.0,3.0,17.0,8.0,180.0,1,0.09444444444444444
114641.0,26.0,2.0,4.4,14.0,15.0,264.0,1,0.05303030303030303
114643.0,50.0,1.0,4.9,19.0,19.0,294.0,1,0.06462585034013606
114645.0,45.0,2.0,3.0,10.0,15.0,180.0,1,0.05555555555555555
114647.0,44.0,2.0,4.0,13.0,23.0,240.0,1,0.05416666666666667
114648.0,42.0,1.0,3.1,12.0,22.0,186.0,1,0.06451612903225806
114650.0,62.0,1.0,4.4,29.0,42.0,264.0,1,0.10984848484848485
114651.0,31.0,2.0,3.5,17.0,22.0,210.0,1,0.08095238095238096
114652.0,23.0,1.0,4.6,27.0,17.0,276.0,1,0.09782608695652174
114657.0,18.0,1.0,5.0,20.0,52.0,300.0,2,0.06666666666666667
114658.0,46.0,1.0,4.1,42.0,28.0,245.99999999999997,2,0.17073170731707318
114659.0,33.0,1.0,4.3,16.0,13.0,258.0,1,0.06201550387596899
114660.0,26.0,2.0,3.5,11.0,5.0,210.0,1,0.05238095238095238
114661.0,63.0,1.0,4.0,20.0,17.0,240.0,1,0.08333333333333333
114662.0,14.0,2.0,4.0,11.0,15.0,240.0,1,0.04583333333333333
114663.0,67.0,1.0,3.8,14.0,23.0,228.0,1,0.06140350877192982
114664.0,60.0,1.0,4.2,35.0,84.0,252.0,2,0.1388888888888889
114669.0,38.0,2.0,4.2,23.0,48.0,252.0,1,0.09126984126984126
114671.0,29.0,2.0,3.7,60.0,18.0,222.0,2,0.2702702702702703
114672.0,40.0,1.0,4.4,15.0,15.0,264.0,1,0.056818181818181816
114673.0,49.0,1.0,4.1,27.0,28.0,245.99999999999997,1,0.10975609756097562
114675.0,15.0,1.0,4.4,13.0,23.0,264.0,1,0.04924242424242424
114676.0,55.0,1.0,4.7,32.0,32.0,282.0,1,0.11347517730496454
114677.0,41.0,2.0,3.7,21.0,88.0,222.0,2,0.0945945945945946
114678.0,12.0,2.0,4.2,7.0,10.0,252.0,1,0.027777777777777776
114681.0,39.0,1.0,4.3,19.0,21.0,258.0,1,0.07364341085271318
114682.0,56.0,2.0,3.8,17.0,24.0,228.0,1,0.07456140350877193
114683.0,22.0,1.0,4.0,16.0,15.0,240.0,1,0.06666666666666667
114684.0,16.0,2.0,4.2,36.0,10.0,252.0,1,0.14285714285714285
114686.0,80.0,2.0,3.6,8.0,12.0,216.0,1,0.037037037037037035
114687.0,54.0,2.0,3.4,8.0,25.0,204.0,1,0.0392156862745098
114688.0,28.0,2.0,4.1,12.0,42.0,245.99999999999997,1,0.04878048780487806
114689.0,17.0,2.0,4.6,9.0,16.0,276.0,1,0.03260869565217391
114690.0,41.0,2.0,4.1,7.0,20.0,245.99999999999997,1,0.02845528455284553
114691.0,34.0,2.0,2.9,11.0,5.0,174.0,1,0.06321839080459771
114692.0,41.0,1.0,4.2,27.0,33.0,252.0,1,0.10714285714285714
114693.0,48.0,2.0,3.7,17.0,18.0,222.0,1,0.07657657657657657
114695.0,38.0,2.0,4.0,14.0,16.0,240.0,1,0.058333333333333334
114696.0,36.0,1.0,4.3,36.0,21.0,258.0,1,0.13953488372093023
114699.0,74.0,1.0,4.1,24.0,23.0,245.99999999999997,1,0.09756097560975611
114700.0,70.0,1.0,4.7,18.0,22.0,282.0,1,0.06382978723404255
114701.0,38.0,2.0,3.9,17.0,18.0,234.0,1,0.07264957264957266
114703.0,63.0,1.0,4.2,18.0,31.0,252.0,1,0.07142857142857142
114704.0,15.0,1.0,3.6,8.0,12.0,216.0,1,0.037037037037037035
114705.0,39.0,1.0,4.3,75.0,105.0,258.0,3,0.29069767441860467
114707.0,67.0,1.0,3.2,6.0,47.0,192.0,1,0.03125
114708.0,51.0,1.0,4.5,47.0,49.0,270.0,3,0.17407407407407408
114709.0,34.0,2.0,4.0,9.0,7.0,240.0,1,0.0375
114710.0,14.0,1.0,4.2,13.0,13.0,252.0,1,0.051587301587301584
114712.0,39.0,2.0,3.9,28.0,44.0,234.0,1,0.11965811965811966
114714.0,12.0,2.0,4.3,18.0,13.0,258.0,1,0.06976744186046512
114717.0,14.0,1.0,4.6,49.0,53.0,276.0,3,0.17753623188405798
114718.0,18.0,1.0,4.3,22.0,20.0,258.0,1,0.08527131782945736
114723.0,43.0,2.0,3.9,11.0,12.0,234.0,1,0.04700854700854701
114724.0,65.0,2.0,4.0,21.0,50.0,240.0,2,0.0875
114726.0,80.0,2.0,4.1,14.0,25.0,245.99999999999997,1,0.05691056910569106
114728.0,40.0,2.0,3.0,7.0,13.0,180.0,1,0.03888888888888889
114729.0,66.0,2.0,4.2,14.0,14.0,252.0,1,0.05555555555555555
114731.0,80.0,2.0,4.1,18.0,33.0,245.99999999999997,1,0.07317073170731708
114732.0,17.0,1.0,4.1,19.0,24.0,245.99999999999997,1,0.07723577235772358
114734.0,19.0,2.0,4.2,23.0,25.0,252.0,1,0.09126984126984126
114735.0,65.0,1.0,3.8,26.0,38.0,228.0,1,0.11403508771929824
114738.0,63.0,1.0,4.0,29.0,16.0,240.0,1,0.12083333333333333
114739.0,61.0,2.0,4.1,56.0,59.0,245.99999999999997,3,0.22764227642276424
114740.0,21.0,1.0,4.5,27.0,21.0,270.0,1,0.1
114741.0,27.0,1.0,4.1,106.0,96.0,245.99999999999997,3,0.4308943089430895
114744.0,75.0,2.0,3.9,13.0,23.0,234.0,1,0.05555555555555555
114745.0,58.0,1.0,4.2,33.0,49.0,252.0,2,0.13095238095238096
114746.0,33.0,1.0,4.9,22.0,21.0,294.0,1,0.07482993197278912
114747.0,34.0,1.0,4.4,12.0,23.0,264.0,1,0.045454545454545456
114748.0,17.0,2.0,4.1,5.0,9.0,245.99999999999997,1,0.020325203252032523
114749.0,14.0,2.0,3.9,13.0,41.0,234.0,1,0.05555555555555555
114750.0,13.0,2.0,4.0,6.0,13.0,240.0,1,0.025
114753.0,21.0,2.0,3.6,9.0,61.0,216.0,2,0.041666666666666664
114754.0,57.0,2.0,3.3,15.0,27.0,198.0,1,0.07575757575757576
114755.0,18.0,1.0,4.6,13.0,17.0,276.0,1,0.04710144927536232
114756.0,38.0,1.0,4.7,5.0,8.0,282.0,1,0.01773049645390071
114757.0,64.0,2.0,4.3,28.0,74.0,258.0,2,0.10852713178294573
114759.0,25.0,2.0,4.4,9.0,7.0,264.0,1,0.03409090909090909
114762.0,21.0,1.0,4.1,14.0,10.0,245.99999999999997,1,0.05691056910569106
114765.0,50.0,1.0,4.2,26.0,36.0,252.0,1,0.10317460317460317
114766.0,14.0,1.0,3.7,17.0,16.0,222.0,1,0.07657657657657657
114768.0,13.0,2.0,3.9,14.0,18.0,234.0,1,0.05982905982905983
114769.0,61.0,2.0,4.1,8.0,18.0,245.99999999999997,1,0.032520325203252036
114772.0,35.0,2.0,4.4,14.0,12.0,264.0,1,0.05303030303030303
114773.0,79.0,1.0,3.8,8.0,19.0,228.0,1,0.03508771929824561
114774.0,22.0,2.0,5.1,30.0,42.0,306.0,1,0.09803921568627451
114775.0,44.0,2.0,4.1,10.0,10.0,245.99999999999997,1,0.04065040650406505
114776.0,12.0,2.0,4.0,11.0,9.0,240.0,1,0.04583333333333333
114782.0,24.0,1.0,4.9,15.0,23.0,294.0,1,0.05102040816326531
114785.0,28.0,2.0,4.0,22.0,13.0,240.0,1,0.09166666666666666
114789.0,57.0,1.0,4.0,16.0,30.0,240.0,1,0.06666666666666667
114790.0,31.0,2.0,3.7,14.0,23.0,222.0,1,0.06306306306306306
114791.0,59.0,2.0,4.4,88.0,32.0,264.0,2,0.3333333333333333
114793.0,61.0,2.0,4.3,15.0,14.0,258.0,1,0.05813953488372093
114795.0,80.0,1.0,4.0,12.0,22.0,240.0,1,0.05
114797.0,78.0,1.0,4.1,17.0,26.0,245.99999999999997,1,0.06910569105691057
114798.0,55.0,2.0,4.1,17.0,10.0,245.99999999999997,1,0.06910569105691057
114799.0,63.0,1.0,4.1,30.0,17.0,245.99999999999997,1,0.12195121951219513
114801.0,70.0,1.0,4.1,25.0,32.0,245.99999999999997,1,0.10162601626016261
114802.0,41.0,2.0,4.5,54.0,63.0,270.0,3,0.2
114803.0,35.0,2.0,4.8,12.0,19.0,288.0,1,0.041666666666666664
114806.0,32.0,2.0,4.1,11.0,13.0,245.99999999999997,1,0.04471544715447155
114808.0,39.0,2.0,3.8,16.0,11.0,228.0,1,0.07017543859649122
114809.0,33.0,2.0,4.4,14.0,14.0,264.0,1,0.05303030303030303
114811.0,80.0,2.0,4.1,12.0,50.0,245.99999999999997,2,0.04878048780487806
114818.0,45.0,1.0,4.4,22.0,19.0,264.0,1,0.08333333333333333
114819.0,21.0,2.0,3.8,15.0,10.0,228.0,1,0.06578947368421052
114822.0,63.0,2.0,3.7,22.0,23.0,222.0,1,0.0990990990990991
114825.0,47.0,1.0,3.8,20.0,19.0,228.0,1,0.08771929824561403
114826.0,76.0,2.0,4.1,15.0,23.0,245.99999999999997,1,0.06097560975609757
114828.0,80.0,2.0,4.3,18.0,16.0,258.0,1,0.06976744186046512
114830.0,15.0,1.0,4.2,20.0,25.0,252.0,1,0.07936507936507936
114831.0,50.0,1.0,4.4,27.0,22.0,264.0,1,0.10227272727272728
114832.0,12.0,1.0,4.2,9.0,12.0,252.0,1,0.03571428571428571
114834.0,21.0,1.0,4.1,29.0,16.0,245.99999999999997,1,0.11788617886178863
114835.0,56.0,2.0,3.8,14.0,11.0,228.0,1,0.06140350877192982
114838.0,63.0,1.0,3.8,12.0,13.0,228.0,1,0.05263157894736842
114839.0,12.0,1.0,3.9,18.0,23.0,234.0,1,0.07692307692307693
114841.0,20.0,1.0,4.2,33.0,7.0,252.0,1,0.13095238095238096
114842.0,80.0,2.0,3.9,13.0,12.0,234.0,1,0.05555555555555555
114843.0,54.0,2.0,3.7,13.0,17.0,222.0,1,0.05855855855855856
114845.0,65.0,2.0,4.7,30.0,152.0,282.0,2,0.10638297872340426
114846.0,80.0,1.0,4.1,25.0,103.0,245.99999999999997,2,0.10162601626016261
114849.0,66.0,2.0,3.8,9.0,24.0,228.0,1,0.039473684210526314
114851.0,23.0,1.0,4.2,18.0,21.0,252.0,1,0.07142857142857142
114852.0,24.0,1.0,4.4,38.0,35.0,264.0,1,0.14393939393939395
114853.0,65.0,1.0,4.0,29.0,27.0,240.0,1,0.12083333333333333
114856.0,17.0,1.0,4.7,8.0,12.0,282.0,1,0.028368794326241134
114858.0,45.0,1.0,4.1,25.0,24.0,245.99999999999997,1,0.10162601626016261
114859.0,68.0,1.0,4.2,34.0,25.0,252.0,1,0.1349206349206349
114861.0,65.0,2.0,4.4,36.0,20.0,264.0,1,0.13636363636363635
114862.0,64.0,1.0,3.9,27.0,18.0,234.0,1,0.11538461538461539
114863.0,69.0,2.0,3.6,15.0,52.0,216.0,2,0.06944444444444445
114864.0,21.0,2.0,4.1,16.0,16.0,245.99999999999997,1,0.06504065040650407
114867.0,80.0,1.0,3.5,17.0,150.0,210.0,2,0.08095238095238096
114868.0,39.0,2.0,4.1,15.0,18.0,245.99999999999997,1,0.06097560975609757
114869.0,13.0,2.0,3.7,8.0,13.0,222.0,1,0.036036036036036036
114870.0,34.0,2.0,3.6,21.0,43.0,216.0,1,0.09722222222222222
114871.0,28.0,1.0,4.4,18.0,10.0,264.0,1,0.06818181818181818
114872.0,40.0,1.0,4.1,31.0,22.0,245.99999999999997,1,0.12601626016260165
114875.0,15.0,1.0,4.1,10.0,16.0,245.99999999999997,1,0.04065040650406505
114877.0,33.0,1.0,4.1,64.0,46.0,245.99999999999997,2,0.2601626016260163
114879.0,55.0,1.0,4.4,14.0,17.0,264.0,1,0.05303030303030303
114880.0,38.0,2.0,3.8,22.0,11.0,228.0,1,0.09649122807017543
114881.0,12.0,1.0,4.5,12.0,5.0,270.0,1,0.044444444444444446
114883.0,64.0,2.0,4.1,20.0,23.0,245.99999999999997,1,0.0813008130081301
114884.0,66.0,2.0,4.4,11.0,11.0,264.0,1,0.041666666666666664
114886.0,80.0,2.0,4.4,15.0,16.0,264.0,1,0.056818181818181816
114889.0,39.0,2.0,4.2,56.0,24.0,252.0,2,0.2222222222222222
114890.0,20.0,1.0,4.1,10.0,16.0,245.99999999999997,1,0.04065040650406505
114893.0,53.0,1.0,3.9,18.0,27.0,234.0,1,0.07692307692307693
114894.0,62.0,1.0,4.1,24.0,25.0,245.99999999999997,1,0.09756097560975611
114895.0,48.0,2.0,3.6,13.0,10.0,216.0,1,0.06018518518518518
114897.0,79.0,2.0,3.5,14.0,20.0,210.0,1,0.06666666666666667
114898.0,78.0,1.0,3.9,10.0,26.0,234.0,1,0.042735042735042736
114901.0,57.0,2.0,4.0,11.0,12.0,240.0,1,0.04583333333333333
114903.0,74.0,2.0,3.7,10.0,15.0,222.0,1,0.04504504504504504
114905.0,19.0,1.0,4.2,22.0,17.0,252.0,1,0.0873015873015873
114906.0,23.0,1.0,4.4,7.0,8.0,264.0,1,0.026515151515151516
114907.0,36.0,2.0,3.6,25.0,30.0,216.0,1,0.11574074074074074
114908.0,54.0,2.0,3.7,34.0,37.0,222.0,1,0.15315315315315314
114909.0,17.0,1.0,4.6,9.0,13.0,276.0,1,0.03260869565217391
114910.0,29.0,2.0,4.5,13.0,58.0,270.0,2,0.04814814814814815
114911.0,43.0,2.0,4.2,8.0,12.0,252.0,1,0.031746031746031744
114912.0,27.0,1.0,4.2,8.0,22.0,252.0,1,0.031746031746031744
114913.0,54.0,2.0,4.0,12.0,30.0,240.0,1,0.05
114915.0,44.0,2.0,4.3,16.0,14.0,258.0,1,0.06201550387596899
114916.0,56.0,2.0,3.9,14.0,24.0,234.0,1,0.05982905982905983
114917.0,75.0,1.0,4.4,14.0,16.0,264.0,1,0.05303030303030303
114919.0,58.0,2.0,3.6,20.0,23.0,216.0,1,0.09259259259259259
114922.0,64.0,1.0,4.1,13.0,24.0,245.99999999999997,1,0.052845528455284556
114924.0,64.0,2.0,4.2,28.0,19.0,252.0,1,0.1111111111111111
114925.0,19.0,1.0,4.7,9.0,10.0,282.0,1,0.031914893617021274
114926.0,61.0,2.0,4.3,33.0,54.0,258.0,2,0.12790697674418605
114927.0,50.0,2.0,3.9,15.0,19.0,234.0,1,0.0641025641025641
114929.0,43.0,1.0,3.8,17.0,24.0,228.0,1,0.07456140350877193
114931.0,40.0,2.0,3.9,23.0,16.0,234.0,1,0.09829059829059829
114932.0,42.0,2.0,4.5,21.0,16.0,270.0,1,0.07777777777777778
114933.0,31.0,1.0,4.7,20.0,13.0,282.0,1,0.07092198581560284
114934.0,50.0,1.0,4.1,33.0,93.0,245.99999999999997,2,0.13414634146341464
114935.0,56.0,2.0,4.0,16.0,14.0,240.0,1,0.06666666666666667
114937.0,58.0,1.0,4.5,39.0,32.0,270.0,1,0.14444444444444443
114940.0,39.0,1.0,4.0,21.0,17.0,240.0,1,0.0875
114941.0,59.0,2.0,3.9,29.0,23.0,234.0,1,0.12393162393162394
114942.0,34.0,1.0,3.7,18.0,33.0,222.0,1,0.08108108108108109
114943.0,19.0,2.0,3.9,17.0,14.0,234.0,1,0.07264957264957266
114944.0,37.0,1.0,4.4,85.0,50.0,264.0,3,0.32196969696969696
114950.0,78.0,1.0,3.7,16.0,22.0,222.0,1,0.07207207207207207
114952.0,16.0,2.0,4.8,9.0,7.0,288.0,1,0.03125
114953.0,29.0,1.0,4.6,15.0,40.0,276.0,1,0.05434782608695652
114954.0,32.0,2.0,4.0,13.0,11.0,240.0,1,0.05416666666666667
114958.0,59.0,1.0,4.1,16.0,110.0,245.99999999999997,2,0.06504065040650407
114961.0,80.0,2.0,4.8,17.0,13.0,288.0,1,0.059027777777777776
114962.0,61.0,1.0,4.0,17.0,17.0,240.0,1,0.07083333333333333
114963.0,74.0,1.0,3.6,3.0,10.0,216.0,1,0.013888888888888888
114964.0,14.0,2.0,4.2,11.0,10.0,252.0,1,0.04365079365079365
114965.0,80.0,2.0,3.9,16.0,18.0,234.0,1,0.06837606837606838
114966.0,22.0,1.0,4.4,10.0,21.0,264.0,1,0.03787878787878788
114967.0,61.0,2.0,3.3,7.0,11.0,198.0,1,0.03535353535353535
114968.0,19.0,1.0,4.9,50.0,26.0,294.0,2,0.17006802721088435
114970.0,34.0,2.0,3.9,17.0,25.0,234.0,1,0.07264957264957266
114971.0,80.0,1.0,3.9,13.0,12.0,234.0,1,0.05555555555555555
114973.0,80.0,1.0,4.5,12.0,24.0,270.0,1,0.044444444444444446
114974.0,17.0,1.0,4.7,8.0,16.0,282.0,1,0.028368794326241134
114977.0,80.0,2.0,3.3,11.0,14.0,198.0,1,0.05555555555555555
114978.0,22.0,2.0,3.8,10.0,5.0,228.0,1,0.043859649122807015
114979.0,80.0,1.0,3.4,10.0,12.0,204.0,1,0.049019607843137254
114980.0,58.0,1.0,4.6,10.0,31.0,276.0,1,0.036231884057971016
114982.0,69.0,1.0,3.5,31.0,65.0,210.0,2,0.14761904761904762
114984.0,31.0,2.0,3.5,10.0,8.0,210.0,1,0.047619047619047616
114985.0,80.0,1.0,3.1,11.0,33.0,186.0,1,0.05913978494623656
114986.0,42.0,2.0,3.6,31.0,21.0,216.0,1,0.14351851851851852
114987.0,12.0,2.0,4.2,6.0,14.0,252.0,1,0.023809523809523808
114988.0,60.0,1.0,4.1,17.0,24.0,245.99999999999997,1,0.06910569105691057
114989.0,56.0,1.0,4.4,30.0,18.0,264.0,1,0.11363636363636363
114991.0,37.0,2.0,4.2,16.0,59.0,252.0,2,0.06349206349206349
114993.0,36.0,2.0,3.4,21.0,14.0,204.0,1,0.10294117647058823
114994.0,33.0,1.0,4.4,24.0,22.0,264.0,1,0.09090909090909091
114995.0,62.0,2.0,3.9,16.0,14.0,234.0,1,0.06837606837606838
114996.0,55.0,2.0,3.9,24.0,40.0,234.0,1,0.10256410256410256
114997.0,41.0,1.0,3.9,23.0,17.0,234.0,1,0.09829059829059829
114998.0,80.0,1.0,4.3,9.0,18.0,258.0,1,0.03488372093023256
114999.0,20.0,2.0,3.4,9.0,12.0,204.0,1,0.04411764705882353
115001.0,16.0,1.0,4.6,16.0,15.0,276.0,1,0.057971014492753624
115002.0,13.0,2.0,4.4,15.0,10.0,264.0,1,0.056818181818181816
115003.0,48.0,2.0,4.1,13.0,14.0,245.99999999999997,1,0.052845528455284556
115004.0,23.0,2.0,4.6,15.0,11.0,276.0,1,0.05434782608695652
115005.0,52.0,1.0,4.3,17.0,18.0,258.0,1,0.06589147286821706
115006.0,29.0,2.0,3.6,15.0,13.0,216.0,1,0.06944444444444445
115007.0,72.0,2.0,3.7,13.0,28.0,222.0,1,0.05855855855855856
115009.0,17.0,2.0,4.0,12.0,10.0,240.0,1,0.05
115012.0,72.0,2.0,3.3,8.0,14.0,198.0,1,0.04040404040404041
115013.0,57.0,1.0,4.3,17.0,31.0,258.0,1,0.06589147286821706
115015.0,73.0,2.0,4.4,17.0,14.0,264.0,1,0.06439393939393939
115018.0,80.0,1.0,3.6,11.0,34.0,216.0,1,0.05092592592592592
115020.0,16.0,2.0,4.5,12.0,11.0,270.0,1,0.044444444444444446
115021.0,21.0,1.0,4.2,24.0,32.0,252.0,1,0.09523809523809523
115023.0,35.0,2.0,3.5,15.0,41.0,210.0,1,0.07142857142857142
115024.0,13.0,1.0,4.5,11.0,12.0,270.0,1,0.040740740740740744
115028.0,38.0,2.0,3.9,13.0,13.0,234.0,1,0.05555555555555555
115030.0,68.0,2.0,3.5,12.0,27.0,210.0,1,0.05714285714285714
115033.0,12.0,2.0,3.9,9.0,13.0,234.0,1,0.038461538461538464
115034.0,29.0,2.0,4.4,30.0,45.0,264.0,1,0.11363636363636363
115035.0,40.0,1.0,4.1,28.0,37.0,245.99999999999997,1,0.11382113821138212
115036.0,54.0,2.0,3.8,17.0,17.0,228.0,1,0.07456140350877193
115037.0,26.0,1.0,4.4,13.0,10.0,264.0,1,0.04924242424242424
115039.0,69.0,1.0,4.3,25.0,15.0,258.0,1,0.09689922480620156
115042.0,45.0,1.0,3.9,18.0,21.0,234.0,1,0.07692307692307693
115044.0,25.0,1.0,4.1,19.0,12.0,245.99999999999997,1,0.07723577235772358
115045.0,22.0,2.0,4.2,17.0,16.0,252.0,1,0.06746031746031746
115046.0,52.0,1.0,4.2,37.0,19.0,252.0,1,0.14682539682539683
115047.0,62.0,2.0,4.5,15.0,26.0,270.0,1,0.05555555555555555
115048.0,79.0,1.0,3.8,16.0,56.0,228.0,2,0.07017543859649122
115051.0,56.0,1.0,3.8,26.0,116.0,228.0,2,0.11403508771929824
115052.0,20.0,1.0,4.7,39.0,72.0,282.0,2,0.13829787234042554
115053.0,18.0,2.0,3.7,6.0,14.0,222.0,1,0.02702702702702703
115054.0,13.0,2.0,4.0,7.0,15.0,240.0,1,0.029166666666666667
115055.0,38.0,2.0,4.2,12.0,15.0,252.0,1,0.047619047619047616
115056.0,56.0,1.0,4.3,18.0,13.0,258.0,1,0.06976744186046512
115057.0,69.0,2.0,3.6,10.0,23.0,216.0,1,0.046296296296296294
115058.0,63.0,1.0,4.5,15.0,21.0,270.0,1,0.05555555555555555
115060.0,21.0,2.0,3.4,20.0,21.0,204.0,1,0.09803921568627451
115061.0,13.0,1.0,4.6,9.0,18.0,276.0,1,0.03260869565217391
115064.0,45.0,2.0,3.9,62.0,71.0,234.0,3,0.26495726495726496
115065.0,46.0,2.0,3.8,20.0,51.0,228.0,2,0.08771929824561403
115066.0,64.0,1.0,4.2,18.0,17.0,252.0,1,0.07142857142857142
115067.0,29.0,2.0,3.5,12.0,29.0,210.0,1,0.05714285714285714
115069.0,23.0,2.0,4.4,10.0,9.0,264.0,1,0.03787878787878788
115070.0,39.0,2.0,4.2,10.0,9.0,252.0,1,0.03968253968253968
115074.0,54.0,1.0,4.3,30.0,14.0,258.0,1,0.11627906976744186
115077.0,29.0,2.0,4.0,17.0,13.0,240.0,1,0.07083333333333333
115081.0,80.0,2.0,3.7,13.0,14.0,222.0,1,0.05855855855855856
115082.0,63.0,2.0,4.6,16.0,44.0,276.0,1,0.057971014492753624
115083.0,73.0,2.0,4.2,17.0,12.0,252.0,1,0.06746031746031746
115085.0,63.0,1.0,4.0,24.0,32.0,240.0,1,0.1
115088.0,18.0,2.0,3.9,9.0,9.0,234.0,1,0.038461538461538464
115089.0,59.0,2.0,3.7,15.0,21.0,222.0,1,0.06756756756756757
115090.0,56.0,1.0,4.6,22.0,38.0,276.0,1,0.07971014492753623
115091.0,62.0,1.0,4.1,20.0,12.0,245.99999999999997,1,0.0813008130081301
115094.0,28.0,2.0,3.9,30.0,20.0,234.0,1,0.1282051282051282
115095.0,50.0,1.0,4.0,22.0,24.0,240.0,1,0.09166666666666666
115096.0,80.0,1.0,4.2,16.0,38.0,252.0,1,0.06349206349206349
115097.0,64.0,2.0,4.4,12.0,18.0,264.0,1,0.045454545454545456
115099.0,38.0,2.0,4.5,9.0,22.0,270.0,1,0.03333333333333333
115100.0,60.0,1.0,3.8,13.0,20.0,228.0,1,0.05701754385964912
115101.0,80.0,1.0,3.9,7.0,10.0,234.0,1,0.029914529914529916
115103.0,32.0,1.0,4.1,21.0,21.0,245.99999999999997,1,0.08536585365853659
115104.0,80.0,2.0,3.8,11.0,14.0,228.0,1,0.04824561403508772
115105.0,22.0,2.0,3.7,21.0,13.0,222.0,1,0.0945945945945946
115106.0,15.0,2.0,4.1,13.0,14.0,245.99999999999997,1,0.052845528455284556
115109.0,80.0,1.0,3.7,33.0,23.0,222.0,1,0.14864864864864866
115110.0,42.0,1.0,3.9,25.0,26.0,234.0,1,0.10683760683760683
115114.0,14.0,2.0,4.3,10.0,9.0,258.0,1,0.03875968992248062
115115.0,14.0,2.0,4.4,15.0,10.0,264.0,1,0.056818181818181816
115118.0,12.0,1.0,4.4,12.0,16.0,264.0,1,0.045454545454545456
115120.0,60.0,1.0,3.7,20.0,81.0,222.0,2,0.09009009009009009
115121.0,13.0,1.0,4.4,11.0,11.0,264.0,1,0.041666666666666664
115122.0,41.0,2.0,4.0,17.0,20.0,240.0,1,0.07083333333333333
115123.0,80.0,2.0,3.7,11.0,11.0,222.0,1,0.04954954954954955
115124.0,17.0,1.0,4.2,47.0,81.0,252.0,3,0.1865079365079365
115126.0,59.0,1.0,4.3,14.0,16.0,258.0,1,0.05426356589147287
115127.0,49.0,1.0,3.9,16.0,12.0,234.0,1,0.06837606837606838
115129.0,19.0,2.0,4.1,37.0,8.0,245.99999999999997,1,0.15040650406504066
115130.0,21.0,2.0,3.9,7.0,7.0,234.0,1,0.029914529914529916
115133.0,55.0,2.0,3.9,18.0,16.0,234.0,1,0.07692307692307693
115138.0,48.0,1.0,2.5,21.0,73.0,150.0,2,0.14
115140.0,70.0,1.0,4.0,9.0,22.0,240.0,1,0.0375
115142.0,63.0,1.0,3.6,21.0,23.0,216.0,1,0.09722222222222222
115144.0,56.0,1.0,4.3,14.0,19.0,258.0,1,0.05426356589147287
115146.0,80.0,1.0,4.0,37.0,23.0,240.0,1,0.15416666666666667
115147.0,65.0,2.0,4.1,11.0,7.0,245.99999999999997,1,0.04471544715447155
115150.0,75.0,2.0,4.2,18.0,12.0,252.0,1,0.07142857142857142
115151.0,60.0,1.0,4.0,54.0,28.0,240.0,2,0.225
115152.0,16.0,2.0,4.5,8.0,9.0,270.0,1,0.02962962962962963
115154.0,70.0,1.0,4.6,19.0,33.0,276.0,1,0.06884057971014493
115155.0,26.0,2.0,4.1,6.0,16.0,245.99999999999997,1,0.02439024390243903
115156.0,61.0,1.0,4.0,15.0,17.0,240.0,1,0.0625
115158.0,15.0,1.0,4.7,12.0,13.0,282.0,1,0.0425531914893617
115159.0,80.0,1.0,3.5,10.0,13.0,210.0,1,0.047619047619047616
115161.0,69.0,1.0,3.9,12.0,30.0,234.0,1,0.05128205128205128
115163.0,15.0,1.0,4.6,13.0,15.0,276.0,1,0.04710144927536232
115164.0,45.0,1.0,4.3,37.0,29.0,258.0,1,0.1434108527131783
115165.0,16.0,1.0,4.8,13.0,9.0,288.0,1,0.04513888888888889
115168.0,46.0,1.0,4.1,31.0,43.0,245.99999999999997,1,0.12601626016260165
115169.0,17.0,1.0,4.4,20.0,9.0,264.0,1,0.07575757575757576
115170.0,66.0,1.0,4.1,12.0,16.0,245.99999999999997,1,0.04878048780487806
115171.0,77.0,1.0,3.9,20.0,16.0,234.0,1,0.08547008547008547
115172.0,20.0,1.0,4.1,16.0,16.0,245.99999999999997,1,0.06504065040650407
115173.0,80.0,1.0,3.7,18.0,13.0,222.0,1,0.08108108108108109
115181.0,45.0,1.0,4.6,16.0,27.0,276.0,1,0.057971014492753624
115185.0,55.0,2.0,4.4,41.0,75.0,264.0,3,0.1553030303030303
115186.0,29.0,2.0,4.2,8.0,6.0,252.0,1,0.031746031746031744
115187.0,63.0,1.0,3.9,23.0,51.0,234.0,2,0.09829059829059829
115188.0,19.0,2.0,4.6,32.0,22.0,276.0,1,0.11594202898550725
115189.0,70.0,1.0,4.0,14.0,45.0,240.0,1,0.058333333333333334
115190.0,62.0,1.0,4.4,25.0,77.0,264.0,2,0.0946969696969697
115191.0,19.0,2.0,4.2,9.0,13.0,252.0,1,0.03571428571428571
115192.0,67.0,2.0,4.0,17.0,16.0,240.0,1,0.07083333333333333
115193.0,29.0,2.0,4.6,32.0,31.0,276.0,1,0.11594202898550725
115194.0,16.0,1.0,4.5,13.0,15.0,270.0,1,0.04814814814814815
115196.0,55.0,2.0,3.9,14.0,21.0,234.0,1,0.05982905982905983
115199.0,12.0,1.0,4.2,18.0,12.0,252.0,1,0.07142857142857142
115200.0,17.0,1.0,4.1,39.0,56.0,245.99999999999997,2,0.1585365853658537
115201.0,80.0,1.0,3.9,16.0,11.0,234.0,1,0.06837606837606838
115202.0,80.0,2.0,3.9,18.0,21.0,234.0,1,0.07692307692307693
115203.0,60.0,1.0,3.6,14.0,15.0,216.0,1,0.06481481481481481
115205.0,31.0,2.0,4.0,18.0,23.0,240.0,1,0.075
115206.0,65.0,1.0,4.6,13.0,18.0,276.0,1,0.04710144927536232
115208.0,17.0,2.0,3.5,11.0,7.0,210.0,1,0.05238095238095238
115210.0,66.0,1.0,4.2,29.0,18.0,252.0,1,0.11507936507936507
115212.0,62.0,2.0,3.9,13.0,38.0,234.0,1,0.05555555555555555
115213.0,74.0,2.0,3.8,11.0,14.0,228.0,1,0.04824561403508772
115215.0,72.0,2.0,3.6,9.0,17.0,216.0,1,0.041666666666666664
115217.0,72.0,2.0,4.2,20.0,33.0,252.0,1,0.07936507936507936
115218.0,69.0,1.0,4.4,12.0,13.0,264.0,1,0.045454545454545456
115219.0,35.0,2.0,4.0,11.0,13.0,240.0,1,0.04583333333333333
115220.0,21.0,1.0,4.1,25.0,24.0,245.99999999999997,1,0.10162601626016261
115225.0,70.0,2.0,4.1,13.0,33.0,245.99999999999997,1,0.052845528455284556
115226.0,77.0,1.0,4.2,16.0,36.0,252.0,1,0.06349206349206349
115227.0,14.0,2.0,4.1,9.0,9.0,245.99999999999997,1,0.03658536585365854
115229.0,20.0,2.0,3.7,12.0,12.0,222.0,1,0.05405405405405406
115230.0,49.0,1.0,4.7,20.0,9.0,282.0,1,0.07092198581560284
115232.0,64.0,1.0,3.7,10.0,30.0,222.0,1,0.04504504504504504
115235.0,45.0,2.0,4.0,9.0,13.0,240.0,1,0.0375
115238.0,47.0,2.0,4.2,10.0,18.0,252.0,1,0.03968253968253968
115240.0,41.0,2.0,3.5,12.0,17.0,210.0,1,0.05714285714285714
115242.0,56.0,2.0,4.2,42.0,50.0,252.0,3,0.16666666666666666
115243.0,34.0,2.0,4.1,17.0,10.0,245.99999999999997,1,0.06910569105691057
115244.0,34.0,1.0,4.4,14.0,16.0,264.0,1,0.05303030303030303
115245.0,39.0,2.0,4.0,12.0,74.0,240.0,2,0.05
115247.0,80.0,2.0,4.1,22.0,37.0,245.99999999999997,1,0.0894308943089431
115249.0,57.0,2.0,4.2,28.0,34.0,252.0,1,0.1111111111111111
115250.0,26.0,1.0,4.8,41.0,17.0,288.0,2,0.1423611111111111
115252.0,40.0,2.0,2.5,25.0,18.0,150.0,1,0.16666666666666666
115253.0,39.0,2.0,4.0,13.0,26.0,240.0,1,0.05416666666666667
115254.0,66.0,1.0,3.7,4.0,16.0,222.0,1,0.018018018018018018
115255.0,40.0,1.0,4.4,27.0,26.0,264.0,1,0.10227272727272728
115257.0,39.0,2.0,4.5,10.0,15.0,270.0,1,0.037037037037037035
115258.0,23.0,2.0,3.6,8.0,9.0,216.0,1,0.037037037037037035
115260.0,20.0,1.0,4.1,9.0,16.0,245.99999999999997,1,0.03658536585365854
115261.0,57.0,2.0,3.6,8.0,21.0,216.0,1,0.037037037037037035
115263.0,78.0,1.0,4.1,15.0,15.0,245.99999999999997,1,0.06097560975609757
115264.0,12.0,1.0,4.2,16.0,10.0,252.0,1,0.06349206349206349
115266.0,80.0,1.0,4.0,11.0,16.0,240.0,1,0.04583333333333333
115267.0,16.0,1.0,4.5,16.0,22.0,270.0,1,0.05925925925925926
115269.0,36.0,2.0,4.1,12.0,36.0,245.99999999999997,1,0.04878048780487806
115270.0,41.0,2.0,3.9,13.0,13.0,234.0,1,0.05555555555555555
115272.0,58.0,1.0,3.9,25.0,38.0,234.0,1,0.10683760683760683
115273.0,73.0,1.0,4.1,14.0,70.0,245.99999999999997,2,0.05691056910569106
115275.0,16.0,1.0,4.7,16.0,18.0,282.0,1,0.05673758865248227
115276.0,19.0,1.0,4.5,16.0,26.0,270.0,1,0.05925925925925926
115277.0,56.0,2.0,4.0,23.0,37.0,240.0,1,0.09583333333333334
115279.0,73.0,1.0,4.3,56.0,146.0,258.0,3,0.21705426356589147
115280.0,25.0,1.0,4.6,14.0,17.0,276.0,1,0.050724637681159424
115281.0,51.0,2.0,4.4,26.0,28.0,264.0,1,0.09848484848484848
115282.0,15.0,2.0,4.1,37.0,20.0,245.99999999999997,1,0.15040650406504066
115283.0,55.0,1.0,4.0,17.0,51.0,240.0,2,0.07083333333333333
115284.0,28.0,1.0,4.3,8.0,29.0,258.0,1,0.031007751937984496
115287.0,72.0,1.0,4.3,18.0,17.0,258.0,1,0.06976744186046512
115288.0,56.0,2.0,4.4,31.0,16.0,264.0,1,0.11742424242424243
115289.0,33.0,2.0,4.3,16.0,11.0,258.0,1,0.06201550387596899
115290.0,60.0,1.0,4.8,16.0,22.0,288.0,1,0.05555555555555555
115292.0,62.0,1.0,4.8,26.0,29.0,288.0,1,0.09027777777777778
115294.0,34.0,2.0,4.2,10.0,9.0,252.0,1,0.03968253968253968
115295.0,41.0,1.0,3.9,13.0,24.0,234.0,1,0.05555555555555555
115296.0,14.0,2.0,4.1,17.0,9.0,245.99999999999997,1,0.06910569105691057
115300.0,42.0,2.0,4.1,24.0,27.0,245.99999999999997,1,0.09756097560975611
115303.0,50.0,2.0,3.0,11.0,17.0,180.0,1,0.06111111111111111
115304.0,80.0,2.0,3.4,13.0,21.0,204.0,1,0.06372549019607843
115305.0,54.0,2.0,4.1,22.0,82.0,245.99999999999997,2,0.0894308943089431
115307.0,29.0,2.0,4.1,14.0,13.0,245.99999999999997,1,0.05691056910569106
115308.0,41.0,1.0,4.0,24.0,19.0,240.0,1,0.1
115309.0,71.0,1.0,4.0,19.0,15.0,240.0,1,0.07916666666666666
115310.0,58.0,2.0,3.9,25.0,51.0,234.0,2,0.10683760683760683
115312.0,71.0,1.0,3.5,23.0,23.0,210.0,1,0.10952380952380952
115313.0,59.0,2.0,3.4,10.0,21.0,204.0,1,0.049019607843137254
115314.0,51.0,2.0,3.9,15.0,19.0,234.0,1,0.0641025641025641
115316.0,46.0,2.0,4.2,36.0,39.0,252.0,1,0.14285714285714285
115317.0,39.0,1.0,4.5,29.0,37.0,270.0,1,0.10740740740740741
115323.0,43.0,2.0,4.4,13.0,21.0,264.0,1,0.04924242424242424
115325.0,27.0,2.0,3.8,9.0,16.0,228.0,1,0.039473684210526314
115326.0,23.0,1.0,4.4,20.0,22.0,264.0,1,0.07575757575757576
115328.0,54.0,1.0,4.2,8.0,19.0,252.0,1,0.031746031746031744
115331.0,50.0,2.0,4.2,35.0,55.0,252.0,2,0.1388888888888889
115332.0,51.0,2.0,4.0,12.0,13.0,240.0,1,0.05
115333.0,26.0,1.0,4.7,16.0,11.0,282.0,1,0.05673758865248227
115334.0,73.0,1.0,4.5,7.0,13.0,270.0,1,0.025925925925925925
115335.0,35.0,1.0,4.9,16.0,22.0,294.0,1,0.05442176870748299
115337.0,47.0,1.0,4.3,40.0,46.0,258.0,1,0.15503875968992248
115338.0,49.0,2.0,3.8,12.0,13.0,228.0,1,0.05263157894736842
115341.0,80.0,2.0,4.3,11.0,10.0,258.0,1,0.04263565891472868
115342.0,36.0,1.0,4.2,20.0,57.0,252.0,2,0.07936507936507936
115343.0,13.0,1.0,4.3,10.0,10.0,258.0,1,0.03875968992248062
115346.0,39.0,2.0,3.7,15.0,33.0,222.0,1,0.06756756756756757
115348.0,70.0,1.0,3.9,50.0,218.0,234.0,3,0.21367521367521367
115350.0,23.0,2.0,3.9,16.0,19.0,234.0,1,0.06837606837606838
115351.0,76.0,2.0,4.1,33.0,39.0,245.99999999999997,1,0.13414634146341464
115354.0,34.0,2.0,3.7,13.0,13.0,222.0,1,0.05855855855855856
115355.0,46.0,1.0,3.8,13.0,20.0,228.0,1,0.05701754385964912
115356.0,21.0,2.0,4.3,16.0,15.0,258.0,1,0.06201550387596899
115358.0,80.0,2.0,4.4,13.0,19.0,264.0,1,0.04924242424242424
115359.0,30.0,1.0,4.4,13.0,22.0,264.0,1,0.04924242424242424
115363.0,60.0,2.0,3.9,12.0,8.0,234.0,1,0.05128205128205128
115365.0,38.0,2.0,4.2,13.0,18.0,252.0,1,0.051587301587301584
115369.0,44.0,2.0,4.2,14.0,13.0,252.0,1,0.05555555555555555
115370.0,34.0,2.0,4.4,11.0,11.0,264.0,1,0.041666666666666664
115371.0,74.0,2.0,4.5,16.0,15.0,270.0,1,0.05925925925925926
115374.0,42.0,2.0,4.0,8.0,12.0,240.0,1,0.03333333333333333
115375.0,36.0,1.0,4.2,14.0,17.0,252.0,1,0.05555555555555555
115376.0,63.0,1.0,4.2,11.0,15.0,252.0,1,0.04365079365079365
115377.0,40.0,1.0,4.6,23.0,34.0,276.0,1,0.08333333333333333
115379.0,21.0,1.0,4.3,28.0,40.0,258.0,1,0.10852713178294573
115380.0,48.0,1.0,4.2,31.0,24.0,252.0,1,0.12301587301587301
115382.0,37.0,1.0,4.1,20.0,50.0,245.99999999999997,2,0.0813008130081301
115384.0,15.0,1.0,4.4,26.0,12.0,264.0,1,0.09848484848484848
115386.0,40.0,2.0,3.6,43.0,28.0,216.0,2,0.19907407407407407
115387.0,34.0,1.0,4.1,24.0,103.0,245.99999999999997,2,0.09756097560975611
115390.0,45.0,2.0,4.8,21.0,18.0,288.0,1,0.07291666666666667
115391.0,17.0,2.0,4.0,11.0,15.0,240.0,1,0.04583333333333333
115393.0,64.0,2.0,4.1,10.0,16.0,245.99999999999997,1,0.04065040650406505
115394.0,49.0,1.0,4.2,29.0,19.0,252.0,1,0.11507936507936507
115395.0,80.0,1.0,4.6,29.0,27.0,276.0,1,0.10507246376811594
115396.0,68.0,1.0,4.3,26.0,42.0,258.0,1,0.10077519379844961
115398.0,38.0,2.0,3.4,15.0,37.0,204.0,1,0.07352941176470588
115401.0,32.0,1.0,4.3,30.0,53.0,258.0,2,0.11627906976744186
115402.0,63.0,2.0,4.1,22.0,41.0,245.99999999999997,1,0.0894308943089431
115403.0,17.0,2.0,4.2,11.0,7.0,252.0,1,0.04365079365079365
115404.0,13.0,2.0,3.9,17.0,14.0,234.0,1,0.07264957264957266
115406.0,21.0,2.0,4.0,10.0,9.0,240.0,1,0.041666666666666664
115407.0,73.0,2.0,4.1,10.0,9.0,245.99999999999997,1,0.04065040650406505
115409.0,37.0,1.0,4.5,60.0,31.0,270.0,2,0.2222222222222222
115410.0,21.0,2.0,4.0,6.0,15.0,240.0,1,0.025
115411.0,35.0,1.0,4.4,40.0,80.0,264.0,2,0.15151515151515152
115412.0,54.0,2.0,3.8,22.0,54.0,228.0,2,0.09649122807017543
115416.0,64.0,2.0,4.0,9.0,15.0,240.0,1,0.0375
115417.0,65.0,1.0,3.5,82.0,142.0,210.0,3,0.3904761904761905
115418.0,39.0,2.0,3.5,14.0,14.0,210.0,1,0.06666666666666667
115421.0,63.0,2.0,3.8,10.0,15.0,228.0,1,0.043859649122807015
115423.0,22.0,1.0,4.3,19.0,21.0,258.0,1,0.07364341085271318
115424.0,12.0,1.0,4.2,12.0,9.0,252.0,1,0.047619047619047616
115426.0,75.0,2.0,4.1,9.0,18.0,245.99999999999997,1,0.03658536585365854
115428.0,52.0,1.0,4.0,25.0,37.0,240.0,1,0.10416666666666667
115429.0,15.0,2.0,4.4,3.0,8.0,264.0,1,0.011363636363636364
115430.0,42.0,2.0,2.9,12.0,20.0,174.0,1,0.06896551724137931
115431.0,28.0,1.0,4.6,7.0,25.0,276.0,1,0.025362318840579712
115432.0,19.0,1.0,4.7,9.0,25.0,282.0,1,0.031914893617021274
115435.0,18.0,2.0,5.0,12.0,9.0,300.0,1,0.04
115437.0,79.0,1.0,4.2,19.0,18.0,252.0,1,0.07539682539682539
115438.0,40.0,1.0,4.3,15.0,25.0,258.0,1,0.05813953488372093
115440.0,80.0,2.0,3.8,19.0,197.0,228.0,2,0.08333333333333333
115441.0,79.0,2.0,4.1,13.0,11.0,245.99999999999997,1,0.052845528455284556
115442.0,80.0,2.0,3.9,11.0,13.0,234.0,1,0.04700854700854701
115443.0,39.0,2.0,3.6,28.0,23.0,216.0,1,0.12962962962962962
115444.0,30.0,2.0,3.8,10.0,28.0,228.0,1,0.043859649122807015
115445.0,61.0,1.0,3.6,17.0,13.0,216.0,1,0.0787037037037037
115447.0,18.0,1.0,4.1,11.0,12.0,245.99999999999997,1,0.04471544715447155
115450.0,26.0,2.0,4.1,5.0,15.0,245.99999999999997,1,0.020325203252032523
115454.0,73.0,2.0,4.2,14.0,15.0,252.0,1,0.05555555555555555
115455.0,41.0,2.0,3.8,15.0,22.0,228.0,1,0.06578947368421052
115458.0,63.0,2.0,4.4,33.0,22.0,264.0,1,0.125
115459.0,76.0,1.0,4.1,22.0,24.0,245.99999999999997,1,0.0894308943089431
115462.0,13.0,1.0,4.3,17.0,15.0,258.0,1,0.06589147286821706
115465.0,31.0,1.0,4.1,29.0,39.0,245.99999999999997,1,0.11788617886178863
115466.0,61.0,2.0,3.9,14.0,23.0,234.0,1,0.05982905982905983
115467.0,34.0,2.0,4.2,21.0,45.0,252.0,1,0.08333333333333333
115468.0,69.0,1.0,3.6,15.0,22.0,216.0,1,0.06944444444444445
115469.0,57.0,1.0,4.1,26.0,75.0,245.99999999999997,2,0.10569105691056911
115470.0,50.0,1.0,4.2,16.0,19.0,252.0,1,0.06349206349206349
115471.0,39.0,2.0,3.7,10.0,9.0,222.0,1,0.04504504504504504
115472.0,46.0,2.0,3.3,15.0,10.0,198.0,1,0.07575757575757576
115473.0,12.0,1.0,4.1,14.0,9.0,245.99999999999997,1,0.05691056910569106
115474.0,62.0,1.0,4.2,21.0,39.0,252.0,1,0.08333333333333333
115477.0,15.0,1.0,4.0,14.0,11.0,240.0,1,0.058333333333333334
115478.0,74.0,2.0,3.4,11.0,16.0,204.0,1,0.05392156862745098
115479.0,55.0,2.0,4.4,18.0,33.0,264.0,1,0.06818181818181818
115480.0,26.0,1.0,4.2,175.0,113.0,252.0,3,0.6944444444444444
115485.0,54.0,2.0,3.6,21.0,78.0,216.0,2,0.09722222222222222
115486.0,15.0,1.0,4.1,17.0,16.0,245.99999999999997,1,0.06910569105691057
115487.0,28.0,1.0,4.2,28.0,21.0,252.0,1,0.1111111111111111
115488.0,17.0,2.0,4.7,14.0,9.0,282.0,1,0.04964539007092199
115489.0,52.0,1.0,4.2,36.0,90.0,252.0,2,0.14285714285714285
115490.0,56.0,1.0,4.2,18.0,17.0,252.0,1,0.07142857142857142
115493.0,80.0,2.0,3.8,12.0,15.0,228.0,1,0.05263157894736842
115494.0,62.0,1.0,4.1,16.0,20.0,245.99999999999997,1,0.06504065040650407
115495.0,60.0,2.0,3.9,35.0,41.0,234.0,1,0.14957264957264957
115496.0,12.0,2.0,3.8,26.0,11.0,228.0,1,0.11403508771929824
115498.0,68.0,2.0,4.3,14.0,12.0,258.0,1,0.05426356589147287
115499.0,28.0,2.0,4.2,10.0,8.0,252.0,1,0.03968253968253968
115501.0,80.0,2.0,3.8,16.0,24.0,228.0,1,0.07017543859649122
115502.0,12.0,1.0,4.3,15.0,11.0,258.0,1,0.05813953488372093
115503.0,72.0,1.0,3.4,14.0,26.0,204.0,1,0.06862745098039216
115504.0,70.0,1.0,4.1,23.0,17.0,245.99999999999997,1,0.0934959349593496
115508.0,15.0,2.0,4.3,7.0,12.0,258.0,1,0.027131782945736434
115509.0,43.0,1.0,4.3,20.0,24.0,258.0,1,0.07751937984496124
115510.0,22.0,2.0,4.2,15.0,9.0,252.0,1,0.05952380952380952
115511.0,38.0,1.0,4.7,100.0,338.0,282.0,3,0.3546099290780142
115512.0,18.0,1.0,4.5,22.0,24.0,270.0,1,0.08148148148148149
115515.0,59.0,2.0,4.1,16.0,21.0,245.99999999999997,1,0.06504065040650407
115518.0,63.0,2.0,3.0,8.0,28.0,180.0,1,0.044444444444444446
115520.0,38.0,2.0,4.0,11.0,13.0,240.0,1,0.04583333333333333
115521.0,70.0,2.0,4.0,11.0,17.0,240.0,1,0.04583333333333333
115524.0,51.0,1.0,4.1,23.0,49.0,245.99999999999997,2,0.0934959349593496
115525.0,17.0,2.0,4.3,13.0,18.0,258.0,1,0.050387596899224806
115526.0,80.0,1.0,4.2,16.0,28.0,252.0,1,0.06349206349206349
115530.0,19.0,1.0,4.4,24.0,72.0,264.0,2,0.09090909090909091
115532.0,36.0,2.0,3.5,61.0,64.0,210.0,3,0.2904761904761905
115533.0,16.0,2.0,4.2,11.0,8.0,252.0,1,0.04365079365079365
115534.0,71.0,2.0,3.8,17.0,39.0,228.0,1,0.07456140350877193
115538.0,48.0,2.0,3.6,17.0,39.0,216.0,1,0.0787037037037037
115539.0,18.0,1.0,4.1,39.0,18.0,245.99999999999997,1,0.1585365853658537
115540.0,14.0,1.0,5.0,26.0,33.0,300.0,1,0.08666666666666667
115542.0,56.0,1.0,4.2,14.0,23.0,252.0,1,0.05555555555555555
115543.0,16.0,1.0,4.5,18.0,22.0,270.0,1,0.06666666666666667
115544.0,20.0,2.0,4.6,12.0,14.0,276.0,1,0.043478260869565216
115545.0,18.0,2.0,4.6,11.0,12.0,276.0,1,0.03985507246376811
115546.0,56.0,2.0,4.0,27.0,61.0,240.0,2,0.1125
115547.0,64.0,2.0,4.0,22.0,67.0,240.0,2,0.09166666666666666
115549.0,13.0,2.0,3.9,10.0,9.0,234.0,1,0.042735042735042736
115550.0,54.0,2.0,4.3,11.0,21.0,258.0,1,0.04263565891472868
115551.0,23.0,2.0,4.0,19.0,21.0,240.0,1,0.07916666666666666
115553.0,14.0,2.0,4.1,10.0,9.0,245.99999999999997,1,0.04065040650406505
115554.0,58.0,2.0,4.7,21.0,31.0,282.0,1,0.07446808510638298
115556.0,12.0,1.0,4.2,18.0,12.0,252.0,1,0.07142857142857142
115558.0,20.0,1.0,4.2,72.0,37.0,252.0,2,0.2857142857142857
115560.0,54.0,2.0,4.4,23.0,12.0,264.0,1,0.08712121212121213
115562.0,17.0,1.0,4.2,20.0,79.0,252.0,2,0.07936507936507936
115563.0,32.0,2.0,4.4,13.0,15.0,264.0,1,0.04924242424242424
115566.0,80.0,1.0,4.0,13.0,24.0,240.0,1,0.05416666666666667
115569.0,48.0,1.0,3.9,45.0,83.0,234.0,3,0.19230769230769232
115570.0,80.0,2.0,4.5,22.0,19.0,270.0,1,0.08148148148148149
115571.0,14.0,2.0,4.2,16.0,14.0,252.0,1,0.06349206349206349
115572.0,17.0,1.0,4.8,13.0,11.0,288.0,1,0.04513888888888889
115573.0,49.0,1.0,4.3,59.0,222.0,258.0,3,0.22868217054263565
115574.0,41.0,1.0,4.3,16.0,16.0,258.0,1,0.06201550387596899
115575.0,69.0,2.0,3.6,16.0,27.0,216.0,1,0.07407407407407407
115577.0,49.0,2.0,4.0,9.0,13.0,240.0,1,0.0375
115578.0,40.0,2.0,4.0,17.0,34.0,240.0,1,0.07083333333333333
115579.0,56.0,2.0,4.1,21.0,59.0,245.99999999999997,2,0.08536585365853659
115581.0,65.0,1.0,3.6,8.0,11.0,216.0,1,0.037037037037037035
115583.0,63.0,1.0,3.6,22.0,21.0,216.0,1,0.10185185185185185
115584.0,23.0,2.0,4.0,23.0,19.0,240.0,1,0.09583333333333334
115585.0,71.0,1.0,4.6,26.0,28.0,276.0,1,0.09420289855072464
115586.0,19.0,1.0,4.3,20.0,15.0,258.0,1,0.07751937984496124
115587.0,61.0,2.0,4.0,19.0,50.0,240.0,2,0.07916666666666666
115588.0,75.0,1.0,4.1,15.0,11.0,245.99999999999997,1,0.06097560975609757
115590.0,32.0,1.0,4.2,32.0,28.0,252.0,1,0.12698412698412698
115592.0,60.0,1.0,4.0,30.0,42.0,240.0,1,0.125
115593.0,16.0,2.0,4.1,9.0,7.0,245.99999999999997,1,0.03658536585365854
115595.0,80.0,1.0,3.8,14.0,13.0,228.0,1,0.06140350877192982
115598.0,27.0,1.0,4.0,48.0,27.0,240.0,2,0.2
115599.0,49.0,1.0,4.0,15.0,12.0,240.0,1,0.0625
115600.0,77.0,1.0,4.0,27.0,16.0,240.0,1,0.1125
115601.0,22.0,2.0,3.9,9.0,25.0,234.0,1,0.038461538461538464
115603.0,60.0,2.0,4.0,11.0,41.0,240.0,1,0.04583333333333333
115604.0,68.0,1.0,3.9,12.0,17.0,234.0,1,0.05128205128205128
115605.0,55.0,2.0,3.4,25.0,61.0,204.0,2,0.12254901960784313
115606.0,64.0,1.0,4.3,27.0,27.0,258.0,1,0.10465116279069768
115608.0,55.0,1.0,4.2,20.0,9.0,252.0,1,0.07936507936507936
115609.0,39.0,2.0,4.3,6.0,13.0,258.0,1,0.023255813953488372
115611.0,59.0,2.0,3.9,23.0,147.0,234.0,2,0.09829059829059829
115613.0,64.0,2.0,3.7,16.0,41.0,222.0,1,0.07207207207207207
115614.0,40.0,2.0,4.4,14.0,12.0,264.0,1,0.05303030303030303
115615.0,47.0,2.0,4.1,12.0,8.0,245.99999999999997,1,0.04878048780487806
115617.0,59.0,1.0,4.6,23.0,35.0,276.0,1,0.08333333333333333
115618.0,12.0,1.0,4.2,10.0,15.0,252.0,1,0.03968253968253968
115621.0,50.0,2.0,4.0,14.0,19.0,240.0,1,0.058333333333333334
115623.0,14.0,2.0,4.1,10.0,22.0,245.99999999999997,1,0.04065040650406505
115624.0,56.0,1.0,3.8,23.0,34.0,228.0,1,0.10087719298245613
115629.0,60.0,1.0,4.3,15.0,17.0,258.0,1,0.05813953488372093
115632.0,43.0,1.0,4.0,51.0,34.0,240.0,2,0.2125
115634.0,32.0,1.0,4.5,31.0,19.0,270.0,1,0.11481481481481481
115636.0,64.0,1.0,4.0,15.0,23.0,240.0,1,0.0625
115643.0,41.0,1.0,4.0,15.0,30.0,240.0,1,0.0625
115644.0,63.0,2.0,3.8,13.0,30.0,228.0,1,0.05701754385964912
115645.0,21.0,2.0,4.1,14.0,15.0,245.99999999999997,1,0.05691056910569106
115646.0,27.0,1.0,4.2,43.0,62.0,252.0,3,0.17063492063492064
115647.0,73.0,2.0,4.5,33.0,28.0,270.0,1,0.12222222222222222
115651.0,22.0,1.0,4.2,68.0,34.0,252.0,2,0.2698412698412698
115656.0,71.0,2.0,3.9,23.0,22.0,234.0,1,0.09829059829059829
115659.0,72.0,2.0,4.2,11.0,12.0,252.0,1,0.04365079365079365
115661.0,79.0,1.0,4.5,13.0,21.0,270.0,1,0.04814814814814815
115662.0,74.0,1.0,4.3,17.0,14.0,258.0,1,0.06589147286821706
115663.0,66.0,1.0,3.9,22.0,24.0,234.0,1,0.09401709401709402
115666.0,56.0,1.0,4.3,34.0,41.0,258.0,1,0.13178294573643412
115668.0,34.0,2.0,4.4,21.0,26.0,264.0,1,0.07954545454545454
115669.0,59.0,2.0,4.4,22.0,28.0,264.0,1,0.08333333333333333
115670.0,73.0,2.0,4.0,16.0,8.0,240.0,1,0.06666666666666667
115671.0,67.0,2.0,4.0,10.0,11.0,240.0,1,0.041666666666666664
115673.0,27.0,2.0,4.2,9.0,16.0,252.0,1,0.03571428571428571
115674.0,65.0,1.0,3.6,20.0,27.0,216.0,1,0.09259259259259259
115675.0,23.0,2.0,4.0,15.0,15.0,240.0,1,0.0625
115676.0,75.0,2.0,4.0,25.0,69.0,240.0,2,0.10416666666666667
115679.0,56.0,2.0,3.0,11.0,10.0,180.0,1,0.06111111111111111
115680.0,28.0,2.0,3.5,17.0,17.0,210.0,1,0.08095238095238096
115683.0,51.0,2.0,4.2,12.0,17.0,252.0,1,0.047619047619047616
115687.0,28.0,1.0,4.2,17.0,23.0,252.0,1,0.06746031746031746
115690.0,17.0,2.0,4.8,15.0,21.0,288.0,1,0.052083333333333336
115692.0,80.0,2.0,4.1,15.0,13.0,245.99999999999997,1,0.06097560975609757
115698.0,49.0,1.0,4.4,19.0,37.0,264.0,1,0.07196969696969698
115700.0,14.0,1.0,4.3,11.0,14.0,258.0,1,0.04263565891472868
115701.0,80.0,2.0,4.4,15.0,15.0,264.0,1,0.056818181818181816
115702.0,39.0,2.0,4.2,27.0,43.0,252.0,1,0.10714285714285714
115705.0,65.0,1.0,4.3,19.0,25.0,258.0,1,0.07364341085271318
115706.0,17.0,1.0,4.1,34.0,36.0,245.99999999999997,1,0.13821138211382114
115709.0,80.0,2.0,4.2,15.0,11.0,252.0,1,0.05952380952380952
115710.0,53.0,1.0,3.8,17.0,19.0,228.0,1,0.07456140350877193
115711.0,66.0,2.0,4.3,14.0,12.0,258.0,1,0.05426356589147287
115712.0,80.0,1.0,3.8,13.0,24.0,228.0,1,0.05701754385964912
115714.0,61.0,1.0,4.3,9.0,23.0,258.0,1,0.03488372093023256
115715.0,62.0,1.0,4.2,15.0,33.0,252.0,1,0.05952380952380952
115718.0,69.0,1.0,3.0,27.0,149.0,180.0,2,0.15
115720.0,67.0,1.0,4.3,73.0,28.0,258.0,2,0.28294573643410853
115724.0,19.0,1.0,4.1,9.0,21.0,245.99999999999997,1,0.03658536585365854
115727.0,72.0,2.0,3.4,20.0,22.0,204.0,1,0.09803921568627451
115728.0,41.0,2.0,4.1,12.0,17.0,245.99999999999997,1,0.04878048780487806
115731.0,18.0,1.0,4.1,10.0,17.0,245.99999999999997,1,0.04065040650406505
115732.0,63.0,1.0,3.4,32.0,25.0,204.0,1,0.1568627450980392
115736.0,62.0,2.0,4.1,24.0,75.0,245.99999999999997,2,0.09756097560975611
115737.0,70.0,2.0,3.8,21.0,21.0,228.0,1,0.09210526315789473
115739.0,67.0,2.0,3.8,12.0,13.0,228.0,1,0.05263157894736842
115740.0,66.0,1.0,3.8,21.0,34.0,228.0,1,0.09210526315789473
115741.0,19.0,1.0,4.3,19.0,16.0,258.0,1,0.07364341085271318
115742.0,41.0,2.0,3.2,10.0,13.0,192.0,1,0.052083333333333336
115743.0,74.0,2.0,4.5,10.0,29.0,270.0,1,0.037037037037037035
115744.0,67.0,1.0,3.9,14.0,35.0,234.0,1,0.05982905982905983
115746.0,70.0,2.0,4.1,8.0,12.0,245.99999999999997,1,0.032520325203252036
115747.0,69.0,1.0,3.9,13.0,15.0,234.0,1,0.05555555555555555
115749.0,66.0,1.0,3.9,15.0,17.0,234.0,1,0.0641025641025641
115750.0,53.0,2.0,4.5,20.0,15.0,270.0,1,0.07407407407407407
115751.0,61.0,2.0,4.4,25.0,20.0,264.0,1,0.0946969696969697
115752.0,67.0,1.0,4.4,22.0,19.0,264.0,1,0.08333333333333333
115753.0,71.0,1.0,4.4,52.0,22.0,264.0,2,0.19696969696969696
115754.0,43.0,2.0,3.5,12.0,34.0,210.0,1,0.05714285714285714
115756.0,18.0,1.0,3.8,15.0,15.0,228.0,1,0.06578947368421052
115757.0,80.0,1.0,3.9,15.0,7.0,234.0,1,0.0641025641025641
115759.0,53.0,2.0,4.1,7.0,25.0,245.99999999999997,1,0.02845528455284553
115760.0,80.0,2.0,2.7,17.0,48.0,162.0,1,0.10493827160493827
115762.0,59.0,1.0,4.1,29.0,72.0,245.99999999999997,2,0.11788617886178863
115764.0,34.0,2.0,2.9,10.0,12.0,174.0,1,0.05747126436781609
115766.0,29.0,1.0,4.1,28.0,28.0,245.99999999999997,1,0.11382113821138212
115767.0,47.0,2.0,3.8,19.0,25.0,228.0,1,0.08333333333333333
115770.0,42.0,1.0,4.3,56.0,29.0,258.0,2,0.21705426356589147
115772.0,34.0,2.0,4.0,26.0,33.0,240.0,1,0.10833333333333334
115775.0,12.0,1.0,4.2,15.0,16.0,252.0,1,0.05952380952380952
115776.0,18.0,1.0,4.0,19.0,16.0,240.0,1,0.07916666666666666
115777.0,23.0,2.0,3.9,36.0,33.0,234.0,1,0.15384615384615385
115778.0,57.0,2.0,4.0,11.0,9.0,240.0,1,0.04583333333333333
115780.0,41.0,2.0,3.7,10.0,14.0,222.0,1,0.04504504504504504
115782.0,68.0,2.0,4.4,15.0,17.0,264.0,1,0.056818181818181816
115785.0,22.0,2.0,4.1,11.0,10.0,245.99999999999997,1,0.04471544715447155
115788.0,65.0,2.0,4.4,16.0,22.0,264.0,1,0.06060606060606061
115791.0,63.0,1.0,4.1,22.0,27.0,245.99999999999997,1,0.0894308943089431
115792.0,33.0,2.0,4.6,15.0,10.0,276.0,1,0.05434782608695652
115793.0,39.0,1.0,3.4,37.0,88.0,204.0,2,0.18137254901960784
115796.0,40.0,2.0,3.6,27.0,44.0,216.0,1,0.125
115798.0,47.0,1.0,4.0,56.0,27.0,240.0,2,0.23333333333333334
115800.0,45.0,2.0,3.7,15.0,23.0,222.0,1,0.06756756756756757
115801.0,45.0,2.0,3.7,13.0,19.0,222.0,1,0.05855855855855856
115803.0,40.0,1.0,4.3,35.0,32.0,258.0,1,0.13565891472868216
115804.0,80.0,2.0,4.0,21.0,30.0,240.0,1,0.0875
115805.0,32.0,1.0,4.5,22.0,18.0,270.0,1,0.08148148148148149
115806.0,18.0,2.0,3.9,13.0,7.0,234.0,1,0.05555555555555555
115807.0,65.0,1.0,4.8,42.0,24.0,288.0,2,0.14583333333333334
115808.0,80.0,1.0,4.1,15.0,83.0,245.99999999999997,2,0.06097560975609757
115809.0,70.0,1.0,3.5,18.0,25.0,210.0,1,0.08571428571428572
115811.0,16.0,2.0,3.5,8.0,10.0,210.0,1,0.0380952380952381
115812.0,12.0,1.0,4.3,14.0,15.0,258.0,1,0.05426356589147287
115813.0,49.0,2.0,4.5,20.0,22.0,270.0,1,0.07407407407407407
115814.0,80.0,2.0,4.2,16.0,9.0,252.0,1,0.06349206349206349
115816.0,66.0,1.0,4.5,27.0,19.0,270.0,1,0.1
115817.0,69.0,2.0,3.9,22.0,59.0,234.0,2,0.09401709401709402
115818.0,68.0,1.0,4.5,30.0,35.0,270.0,1,0.1111111111111111
115820.0,48.0,1.0,4.0,30.0,21.0,240.0,1,0.125
115822.0,67.0,2.0,3.6,17.0,22.0,216.0,1,0.0787037037037037
115825.0,22.0,2.0,4.0,28.0,28.0,240.0,1,0.11666666666666667
115826.0,14.0,1.0,4.5,9.0,13.0,270.0,1,0.03333333333333333
115827.0,41.0,1.0,4.1,50.0,25.0,245.99999999999997,2,0.20325203252032523
115829.0,23.0,1.0,4.2,21.0,20.0,252.0,1,0.08333333333333333
115831.0,28.0,2.0,4.3,9.0,13.0,258.0,1,0.03488372093023256
115832.0,14.0,1.0,4.3,22.0,17.0,258.0,1,0.08527131782945736
115833.0,37.0,1.0,4.4,10.0,19.0,264.0,1,0.03787878787878788
115834.0,72.0,2.0,4.5,9.0,27.0,270.0,1,0.03333333333333333
115839.0,14.0,2.0,4.2,10.0,10.0,252.0,1,0.03968253968253968
115841.0,52.0,2.0,3.8,10.0,35.0,228.0,1,0.043859649122807015
115842.0,41.0,2.0,3.2,17.0,19.0,192.0,1,0.08854166666666667
115843.0,76.0,2.0,3.9,14.0,15.0,234.0,1,0.05982905982905983
115846.0,57.0,2.0,4.0,23.0,12.0,240.0,1,0.09583333333333334
115847.0,13.0,2.0,4.0,16.0,13.0,240.0,1,0.06666666666666667
115848.0,57.0,1.0,3.9,16.0,13.0,234.0,1,0.06837606837606838
115849.0,49.0,1.0,4.5,21.0,28.0,270.0,1,0.07777777777777778
115850.0,56.0,2.0,4.0,31.0,16.0,240.0,1,0.12916666666666668
115851.0,55.0,2.0,4.0,21.0,22.0,240.0,1,0.0875
115853.0,32.0,1.0,4.3,18.0,24.0,258.0,1,0.06976744186046512
115854.0,27.0,1.0,4.0,16.0,12.0,240.0,1,0.06666666666666667
115855.0,41.0,1.0,4.0,67.0,31.0,240.0,2,0.2791666666666667
115856.0,61.0,2.0,3.8,14.0,13.0,228.0,1,0.06140350877192982
115858.0,68.0,1.0,3.8,19.0,20.0,228.0,1,0.08333333333333333
115859.0,27.0,1.0,4.7,26.0,26.0,282.0,1,0.09219858156028368
115860.0,57.0,1.0,4.6,20.0,16.0,276.0,1,0.07246376811594203
115861.0,70.0,1.0,4.1,28.0,27.0,245.99999999999997,1,0.11382113821138212
115862.0,24.0,1.0,4.7,24.0,19.0,282.0,1,0.0851063829787234
115864.0,56.0,1.0,4.6,17.0,18.0,276.0,1,0.06159420289855073
115868.0,53.0,1.0,4.2,53.0,173.0,252.0,3,0.21031746031746032
115875.0,67.0,2.0,3.9,11.0,15.0,234.0,1,0.04700854700854701
115876.0,68.0,2.0,3.8,16.0,27.0,228.0,1,0.07017543859649122
115878.0,26.0,2.0,4.7,10.0,14.0,282.0,1,0.03546099290780142
115879.0,41.0,1.0,3.7,21.0,35.0,222.0,1,0.0945945945945946
115880.0,22.0,1.0,4.3,23.0,18.0,258.0,1,0.08914728682170543
115882.0,66.0,2.0,3.9,13.0,20.0,234.0,1,0.05555555555555555
115883.0,36.0,1.0,4.3,32.0,25.0,258.0,1,0.12403100775193798
115885.0,20.0,1.0,3.8,35.0,40.0,228.0,1,0.15350877192982457
115886.0,73.0,2.0,3.8,13.0,25.0,228.0,1,0.05701754385964912
115887.0,68.0,2.0,4.0,25.0,12.0,240.0,1,0.10416666666666667
115888.0,75.0,2.0,4.1,20.0,12.0,245.99999999999997,1,0.0813008130081301
115889.0,62.0,2.0,3.9,21.0,19.0,234.0,1,0.08974358974358974
115891.0,60.0,2.0,4.3,35.0,26.0,258.0,1,0.13565891472868216
115892.0,16.0,2.0,4.3,17.0,15.0,258.0,1,0.06589147286821706
115895.0,70.0,1.0,4.2,14.0,16.0,252.0,1,0.05555555555555555
115896.0,15.0,1.0,4.3,13.0,11.0,258.0,1,0.050387596899224806
115898.0,59.0,1.0,3.8,15.0,54.0,228.0,2,0.06578947368421052
115902.0,31.0,2.0,3.3,12.0,6.0,198.0,1,0.06060606060606061
115903.0,12.0,2.0,4.0,13.0,7.0,240.0,1,0.05416666666666667
115904.0,67.0,1.0,3.8,10.0,40.0,228.0,1,0.043859649122807015
115907.0,63.0,1.0,4.6,18.0,26.0,276.0,1,0.06521739130434782
115908.0,65.0,1.0,3.8,11.0,12.0,228.0,1,0.04824561403508772
115909.0,55.0,2.0,4.4,18.0,501.0,264.0,2,0.06818181818181818
115910.0,74.0,1.0,3.8,14.0,124.0,228.0,2,0.06140350877192982
115912.0,35.0,1.0,3.6,18.0,30.0,216.0,1,0.08333333333333333
115913.0,25.0,1.0,4.4,23.0,20.0,264.0,1,0.08712121212121213
115915.0,37.0,1.0,4.1,14.0,25.0,245.99999999999997,1,0.05691056910569106
115917.0,21.0,2.0,4.5,25.0,22.0,270.0,1,0.09259259259259259
115923.0,31.0,2.0,3.5,13.0,20.0,210.0,1,0.06190476190476191
115926.0,18.0,1.0,4.0,33.0,18.0,240.0,1,0.1375
115928.0,80.0,1.0,4.3,22.0,21.0,258.0,1,0.08527131782945736
115929.0,44.0,2.0,3.9,11.0,8.0,234.0,1,0.04700854700854701
115930.0,16.0,2.0,4.0,23.0,13.0,240.0,1,0.09583333333333334
115933.0,17.0,2.0,3.7,13.0,20.0,222.0,1,0.05855855855855856
115934.0,75.0,2.0,4.1,22.0,16.0,245.99999999999997,1,0.0894308943089431
115935.0,57.0,1.0,4.5,42.0,80.0,270.0,3,0.15555555555555556
115936.0,70.0,2.0,3.8,19.0,17.0,228.0,1,0.08333333333333333
115939.0,55.0,1.0,3.9,32.0,19.0,234.0,1,0.13675213675213677
115942.0,73.0,1.0,3.8,38.0,41.0,228.0,1,0.16666666666666666
115943.0,74.0,2.0,4.0,25.0,33.0,240.0,1,0.10416666666666667
115944.0,43.0,2.0,3.6,11.0,36.0,216.0,1,0.05092592592592592
115947.0,72.0,2.0,3.7,15.0,31.0,222.0,1,0.06756756756756757
115948.0,17.0,2.0,4.2,22.0,23.0,252.0,1,0.0873015873015873
115949.0,13.0,2.0,4.2,14.0,10.0,252.0,1,0.05555555555555555
115950.0,44.0,2.0,3.9,26.0,29.0,234.0,1,0.1111111111111111
115951.0,48.0,2.0,4.5,10.0,12.0,270.0,1,0.037037037037037035
115953.0,34.0,2.0,3.9,60.0,34.0,234.0,2,0.2564102564102564
115955.0,53.0,2.0,4.4,32.0,97.0,264.0,2,0.12121212121212122
115956.0,41.0,2.0,4.1,13.0,6.0,245.99999999999997,1,0.052845528455284556
115957.0,80.0,1.0,4.5,14.0,12.0,270.0,1,0.05185185185185185
115959.0,20.0,1.0,4.6,11.0,7.0,276.0,1,0.03985507246376811
115961.0,52.0,1.0,4.3,24.0,21.0,258.0,1,0.09302325581395349
115962.0,20.0,2.0,2.6,11.0,9.0,156.0,1,0.07051282051282051
115963.0,79.0,1.0,4.4,20.0,17.0,264.0,1,0.07575757575757576
115965.0,68.0,2.0,4.4,18.0,18.0,264.0,1,0.06818181818181818
115968.0,74.0,2.0,4.1,14.0,12.0,245.99999999999997,1,0.05691056910569106
115969.0,56.0,2.0,4.3,117.0,205.0,258.0,3,0.45348837209302323
115972.0,74.0,1.0,4.2,12.0,11.0,252.0,1,0.047619047619047616
115978.0,40.0,1.0,4.5,32.0,16.0,270.0,1,0.11851851851851852
115979.0,24.0,2.0,3.9,13.0,12.0,234.0,1,0.05555555555555555
115981.0,14.0,2.0,3.9,8.0,13.0,234.0,1,0.03418803418803419
115982.0,30.0,2.0,3.1,21.0,7.0,186.0,1,0.11290322580645161
115983.0,72.0,2.0,4.1,22.0,15.0,245.99999999999997,1,0.0894308943089431
115985.0,66.0,1.0,4.2,8.0,26.0,252.0,1,0.031746031746031744
115986.0,55.0,2.0,4.4,14.0,11.0,264.0,1,0.05303030303030303
115988.0,57.0,2.0,3.8,32.0,56.0,228.0,2,0.14035087719298245
115989.0,64.0,1.0,4.0,14.0,33.0,240.0,1,0.058333333333333334
115990.0,29.0,1.0,4.7,12.0,16.0,282.0,1,0.0425531914893617
115991.0,19.0,2.0,4.1,9.0,7.0,245.99999999999997,1,0.03658536585365854
115992.0,68.0,1.0,3.6,18.0,23.0,216.0,1,0.08333333333333333
115993.0,67.0,1.0,4.2,30.0,20.0,252.0,1,0.11904761904761904
115994.0,64.0,1.0,4.3,37.0,22.0,258.0,1,0.1434108527131783
115995.0,49.0,1.0,4.3,19.0,32.0,258.0,1,0.07364341085271318
115996.0,74.0,1.0,3.5,37.0,207.0,210.0,2,0.1761904761904762
115998.0,44.0,2.0,4.2,20.0,14.0,252.0,1,0.07936507936507936
116000.0,19.0,2.0,3.9,18.0,27.0,234.0,1,0.07692307692307693
116001.0,45.0,2.0,4.0,18.0,15.0,240.0,1,0.075
116002.0,20.0,1.0,4.8,12.0,20.0,288.0,1,0.041666666666666664
116003.0,25.0,2.0,4.2,3.0,8.0,252.0,1,0.011904761904761904
116004.0,55.0,2.0,4.2,11.0,10.0,252.0,1,0.04365079365079365
116005.0,38.0,1.0,4.3,14.0,28.0,258.0,1,0.05426356589147287
116008.0,77.0,2.0,4.3,15.0,17.0,258.0,1,0.05813953488372093
116010.0,73.0,2.0,4.0,53.0,46.0,240.0,2,0.22083333333333333
116012.0,60.0,2.0,3.8,23.0,27.0,228.0,1,0.10087719298245613
116013.0,58.0,2.0,4.3,25.0,12.0,258.0,1,0.09689922480620156
116014.0,34.0,1.0,4.1,16.0,24.0,245.99999999999997,1,0.06504065040650407
116016.0,56.0,1.0,3.8,18.0,19.0,228.0,1,0.07894736842105263
116018.0,73.0,1.0,3.4,18.0,18.0,204.0,1,0.08823529411764706
116019.0,63.0,2.0,4.8,14.0,17.0,288.0,1,0.04861111111111111
116021.0,59.0,1.0,4.3,12.0,9.0,258.0,1,0.046511627906976744
116022.0,34.0,1.0,4.3,26.0,83.0,258.0,2,0.10077519379844961
116026.0,18.0,1.0,4.7,10.0,17.0,282.0,1,0.03546099290780142
116027.0,59.0,1.0,4.2,27.0,27.0,252.0,1,0.10714285714285714
116028.0,43.0,2.0,3.7,12.0,19.0,222.0,1,0.05405405405405406
116029.0,26.0,1.0,4.1,50.0,35.0,245.99999999999997,2,0.20325203252032523
116030.0,70.0,1.0,4.1,17.0,20.0,245.99999999999997,1,0.06910569105691057
116031.0,29.0,1.0,5.2,38.0,49.0,312.0,2,0.12179487179487179
116035.0,19.0,1.0,4.4,26.0,19.0,264.0,1,0.09848484848484848
116036.0,59.0,2.0,4.3,43.0,154.0,258.0,3,0.16666666666666666
116038.0,68.0,1.0,4.7,20.0,26.0,282.0,1,0.07092198581560284
116041.0,69.0,1.0,3.3,15.0,17.0,198.0,1,0.07575757575757576
116042.0,19.0,1.0,5.1,19.0,16.0,306.0,1,0.06209150326797386
116043.0,80.0,1.0,4.3,14.0,25.0,258.0,1,0.05426356589147287
116044.0,75.0,2.0,3.4,23.0,174.0,204.0,2,0.11274509803921569
116045.0,30.0,1.0,4.4,16.0,18.0,264.0,1,0.06060606060606061
116046.0,18.0,2.0,3.5,18.0,23.0,210.0,1,0.08571428571428572
116050.0,45.0,1.0,4.4,22.0,31.0,264.0,1,0.08333333333333333
116051.0,62.0,2.0,3.7,11.0,21.0,222.0,1,0.04954954954954955
116052.0,33.0,1.0,4.2,50.0,61.0,252.0,3,0.1984126984126984
116053.0,19.0,1.0,4.9,15.0,21.0,294.0,1,0.05102040816326531
116054.0,17.0,1.0,4.3,19.0,17.0,258.0,1,0.07364341085271318
116055.0,15.0,2.0,4.4,7.0,13.0,264.0,1,0.026515151515151516
116056.0,70.0,2.0,4.1,22.0,32.0,245.99999999999997,1,0.0894308943089431
116057.0,79.0,1.0,3.9,16.0,81.0,234.0,2,0.06837606837606838
116061.0,74.0,1.0,4.2,15.0,21.0,252.0,1,0.05952380952380952
116062.0,40.0,1.0,4.4,53.0,58.0,264.0,3,0.20075757575757575
116065.0,56.0,1.0,4.1,24.0,37.0,245.99999999999997,1,0.09756097560975611
116066.0,74.0,1.0,4.1,22.0,22.0,245.99999999999997,1,0.0894308943089431
116067.0,44.0,2.0,4.5,57.0,21.0,270.0,2,0.2111111111111111
116069.0,16.0,2.0,4.1,13.0,17.0,245.99999999999997,1,0.052845528455284556
116070.0,70.0,2.0,4.0,8.0,11.0,240.0,1,0.03333333333333333
116071.0,29.0,2.0,4.2,14.0,19.0,252.0,1,0.05555555555555555
116072.0,30.0,1.0,4.6,10.0,11.0,276.0,1,0.036231884057971016
116073.0,53.0,1.0,4.0,17.0,63.0,240.0,2,0.07083333333333333
116074.0,27.0,2.0,4.4,10.0,10.0,264.0,1,0.03787878787878788
116075.0,38.0,2.0,3.4,10.0,23.0,204.0,1,0.049019607843137254
116076.0,32.0,2.0,4.1,22.0,15.0,245.99999999999997,1,0.0894308943089431
116077.0,57.0,1.0,4.1,22.0,28.0,245.99999999999997,1,0.0894308943089431
116078.0,27.0,1.0,4.3,16.0,12.0,258.0,1,0.06201550387596899
116079.0,38.0,1.0,4.3,46.0,29.0,258.0,2,0.17829457364341086
116080.0,14.0,2.0,4.4,16.0,15.0,264.0,1,0.06060606060606061
116084.0,54.0,2.0,3.0,15.0,14.0,180.0,1,0.08333333333333333
116088.0,33.0,1.0,4.5,30.0,20.0,270.0,1,0.1111111111111111
116089.0,20.0,1.0,4.5,22.0,19.0,270.0,1,0.08148148148148149
116090.0,32.0,2.0,4.0,10.0,20.0,240.0,1,0.041666666666666664
116092.0,22.0,1.0,4.5,22.0,20.0,270.0,1,0.08148148148148149
116094.0,42.0,1.0,4.6,32.0,56.0,276.0,2,0.11594202898550725
116095.0,66.0,2.0,3.8,27.0,47.0,228.0,1,0.11842105263157894
116097.0,35.0,1.0,3.7,56.0,102.0,222.0,3,0.25225225225225223
116099.0,41.0,2.0,4.0,50.0,51.0,240.0,3,0.20833333333333334
116100.0,29.0,1.0,4.0,17.0,15.0,240.0,1,0.07083333333333333
116101.0,80.0,1.0,4.1,14.0,25.0,245.99999999999997,1,0.05691056910569106
116103.0,42.0,2.0,4.0,15.0,24.0,240.0,1,0.0625
116104.0,53.0,2.0,4.1,11.0,19.0,245.99999999999997,1,0.04471544715447155
116106.0,12.0,1.0,3.6,14.0,23.0,216.0,1,0.06481481481481481
116107.0,74.0,2.0,3.4,6.0,9.0,204.0,1,0.029411764705882353
116108.0,14.0,2.0,4.2,7.0,7.0,252.0,1,0.027777777777777776
116109.0,54.0,2.0,3.2,25.0,37.0,192.0,1,0.13020833333333334
116110.0,39.0,2.0,4.6,16.0,14.0,276.0,1,0.057971014492753624
116112.0,63.0,2.0,4.1,14.0,16.0,245.99999999999997,1,0.05691056910569106
116113.0,46.0,1.0,4.6,16.0,42.0,276.0,1,0.057971014492753624
116114.0,44.0,2.0,3.4,13.0,22.0,204.0,1,0.06372549019607843
116116.0,23.0,1.0,4.0,43.0,212.0,240.0,3,0.17916666666666667
116118.0,56.0,2.0,4.3,11.0,9.0,258.0,1,0.04263565891472868
116119.0,37.0,2.0,2.7,32.0,9.0,162.0,1,0.19753086419753085
116120.0,71.0,2.0,3.9,28.0,17.0,234.0,1,0.11965811965811966
116121.0,34.0,2.0,3.7,10.0,16.0,222.0,1,0.04504504504504504
116123.0,48.0,1.0,4.0,14.0,18.0,240.0,1,0.058333333333333334
116125.0,69.0,1.0,4.0,10.0,8.0,240.0,1,0.041666666666666664
116126.0,17.0,2.0,4.0,11.0,15.0,240.0,1,0.04583333333333333
116127.0,73.0,1.0,4.3,28.0,18.0,258.0,1,0.10852713178294573
116129.0,62.0,1.0,3.9,21.0,71.0,234.0,2,0.08974358974358974
116131.0,38.0,1.0,4.0,30.0,34.0,240.0,1,0.125
116133.0,44.0,2.0,4.3,15.0,4.0,258.0,1,0.05813953488372093
116134.0,17.0,2.0,3.9,14.0,11.0,234.0,1,0.05982905982905983
116135.0,75.0,1.0,3.7,16.0,20.0,222.0,1,0.07207207207207207
116138.0,71.0,2.0,3.7,8.0,17.0,222.0,1,0.036036036036036036
116140.0,38.0,1.0,4.3,33.0,39.0,258.0,1,0.12790697674418605
116141.0,59.0,1.0,4.5,18.0,16.0,270.0,1,0.06666666666666667
116142.0,46.0,1.0,4.3,24.0,39.0,258.0,1,0.09302325581395349
116144.0,67.0,1.0,4.4,22.0,42.0,264.0,1,0.08333333333333333
116145.0,31.0,2.0,4.7,17.0,19.0,282.0,1,0.06028368794326241
116147.0,38.0,1.0,4.4,30.0,31.0,264.0,1,0.11363636363636363
116148.0,40.0,2.0,3.5,35.0,24.0,210.0,1,0.16666666666666666
116149.0,46.0,2.0,4.1,15.0,14.0,245.99999999999997,1,0.06097560975609757
116150.0,49.0,1.0,4.1,35.0,33.0,245.99999999999997,1,0.14227642276422767
116151.0,48.0,1.0,4.8,21.0,59.0,288.0,2,0.07291666666666667
116152.0,31.0,1.0,4.6,18.0,9.0,276.0,1,0.06521739130434782
116153.0,57.0,2.0,4.2,22.0,31.0,252.0,1,0.0873015873015873
116155.0,17.0,2.0,4.5,20.0,57.0,270.0,2,0.07407407407407407
116157.0,52.0,2.0,4.1,20.0,17.0,245.99999999999997,1,0.0813008130081301
116159.0,41.0,2.0,3.6,13.0,16.0,216.0,1,0.06018518518518518
116160.0,38.0,2.0,3.9,131.0,143.0,234.0,3,0.5598290598290598
116163.0,37.0,2.0,3.8,12.0,16.0,228.0,1,0.05263157894736842
116164.0,33.0,2.0,3.7,16.0,15.0,222.0,1,0.07207207207207207
116165.0,60.0,2.0,4.0,21.0,17.0,240.0,1,0.0875
116166.0,57.0,1.0,3.9,27.0,23.0,234.0,1,0.11538461538461539
116167.0,52.0,2.0,4.4,14.0,15.0,264.0,1,0.05303030303030303
116169.0,57.0,2.0,4.0,29.0,29.0,240.0,1,0.12083333333333333
116171.0,33.0,1.0,4.6,14.0,14.0,276.0,1,0.050724637681159424
116174.0,50.0,2.0,4.0,41.0,21.0,240.0,2,0.17083333333333334
116178.0,20.0,1.0,4.6,15.0,22.0,276.0,1,0.05434782608695652
116180.0,33.0,1.0,4.6,17.0,18.0,276.0,1,0.06159420289855073
116181.0,45.0,1.0,4.1,26.0,69.0,245.99999999999997,2,0.10569105691056911
116182.0,18.0,2.0,5.1,9.0,9.0,306.0,1,0.029411764705882353
116183.0,38.0,2.0,4.1,11.0,13.0,245.99999999999997,1,0.04471544715447155
116184.0,33.0,1.0,4.1,37.0,74.0,245.99999999999997,2,0.15040650406504066
116186.0,32.0,1.0,4.1,22.0,20.0,245.99999999999997,1,0.0894308943089431
116187.0,65.0,2.0,4.0,29.0,18.0,240.0,1,0.12083333333333333
116190.0,23.0,1.0,4.6,7.0,16.0,276.0,1,0.025362318840579712
116192.0,14.0,2.0,4.4,14.0,12.0,264.0,1,0.05303030303030303
116196.0,57.0,2.0,3.8,17.0,14.0,228.0,1,0.07456140350877193
116200.0,62.0,1.0,3.8,9.0,16.0,228.0,1,0.039473684210526314
116201.0,18.0,1.0,4.1,9.0,12.0,245.99999999999997,1,0.03658536585365854
116202.0,31.0,1.0,4.1,24.0,18.0,245.99999999999997,1,0.09756097560975611
116203.0,61.0,2.0,3.8,17.0,14.0,228.0,1,0.07456140350877193
116205.0,36.0,1.0,3.1,16.0,11.0,186.0,1,0.08602150537634409
116206.0,64.0,1.0,4.2,17.0,12.0,252.0,1,0.06746031746031746
116207.0,34.0,2.0,3.9,13.0,27.0,234.0,1,0.05555555555555555
116208.0,67.0,1.0,4.0,15.0,19.0,240.0,1,0.0625
116210.0,52.0,2.0,3.8,24.0,14.0,228.0,1,0.10526315789473684
116211.0,60.0,2.0,4.1,22.0,84.0,245.99999999999997,2,0.0894308943089431
116212.0,15.0,1.0,4.2,23.0,22.0,252.0,1,0.09126984126984126
116213.0,62.0,1.0,4.3,16.0,24.0,258.0,1,0.06201550387596899
116214.0,14.0,1.0,4.7,16.0,22.0,282.0,1,0.05673758865248227
116216.0,80.0,2.0,4.1,9.0,23.0,245.99999999999997,1,0.03658536585365854
116219.0,22.0,1.0,4.4,17.0,16.0,264.0,1,0.06439393939393939
116221.0,14.0,2.0,4.3,12.0,12.0,258.0,1,0.046511627906976744
116224.0,12.0,1.0,4.1,9.0,14.0,245.99999999999997,1,0.03658536585365854
116225.0,43.0,1.0,3.9,30.0,40.0,234.0,1,0.1282051282051282
116226.0,25.0,1.0,4.2,15.0,13.0,252.0,1,0.05952380952380952
116228.0,30.0,2.0,3.8,11.0,9.0,228.0,1,0.04824561403508772
116230.0,16.0,2.0,4.4,9.0,10.0,264.0,1,0.03409090909090909
116231.0,19.0,2.0,4.2,10.0,16.0,252.0,1,0.03968253968253968
116232.0,60.0,2.0,4.2,13.0,24.0,252.0,1,0.051587301587301584
116235.0,19.0,1.0,4.1,33.0,39.0,245.99999999999997,1,0.13414634146341464
116236.0,27.0,1.0,4.5,181.0,67.0,270.0,3,0.6703703703703704
116237.0,14.0,1.0,4.6,20.0,27.0,276.0,1,0.07246376811594203
116238.0,47.0,2.0,3.9,15.0,16.0,234.0,1,0.0641025641025641
116240.0,74.0,1.0,4.2,28.0,34.0,252.0,1,0.1111111111111111
116241.0,28.0,2.0,3.6,47.0,27.0,216.0,2,0.2175925925925926
116242.0,42.0,2.0,3.7,6.0,12.0,222.0,1,0.02702702702702703
116243.0,60.0,2.0,3.9,18.0,37.0,234.0,1,0.07692307692307693
116245.0,13.0,1.0,4.6,8.0,15.0,276.0,1,0.028985507246376812
116246.0,13.0,1.0,4.3,12.0,13.0,258.0,1,0.046511627906976744
116247.0,27.0,2.0,3.7,40.0,35.0,222.0,1,0.18018018018018017
116251.0,60.0,2.0,4.2,15.0,26.0,252.0,1,0.05952380952380952
116254.0,62.0,1.0,4.0,28.0,15.0,240.0,1,0.11666666666666667
116255.0,14.0,2.0,4.0,15.0,10.0,240.0,1,0.0625
116258.0,15.0,1.0,4.5,8.0,9.0,270.0,1,0.02962962962962963
116260.0,36.0,1.0,4.5,49.0,49.0,270.0,3,0.1814814814814815
116261.0,15.0,1.0,4.8,12.0,9.0,288.0,1,0.041666666666666664
116264.0,39.0,2.0,3.5,14.0,16.0,210.0,1,0.06666666666666667
116265.0,52.0,1.0,3.8,17.0,19.0,228.0,1,0.07456140350877193
116267.0,56.0,1.0,4.7,25.0,23.0,282.0,1,0.08865248226950355
116268.0,56.0,2.0,4.0,27.0,74.0,240.0,2,0.1125
116269.0,34.0,2.0,4.1,16.0,10.0,245.99999999999997,1,0.06504065040650407
116270.0,55.0,1.0,4.1,21.0,19.0,245.99999999999997,1,0.08536585365853659
116271.0,52.0,2.0,4.2,12.0,14.0,252.0,1,0.047619047619047616
116274.0,45.0,1.0,4.3,58.0,39.0,258.0,2,0.2248062015503876
116276.0,49.0,2.0,4.1,10.0,26.0,245.99999999999997,1,0.04065040650406505
116277.0,60.0,2.0,3.7,13.0,35.0,222.0,1,0.05855855855855856
116280.0,69.0,2.0,4.0,29.0,34.0,240.0,1,0.12083333333333333
116281.0,80.0,1.0,4.0,18.0,18.0,240.0,1,0.075
116283.0,52.0,1.0,4.1,17.0,22.0,245.99999999999997,1,0.06910569105691057
116284.0,32.0,1.0,4.1,31.0,114.0,245.99999999999997,2,0.12601626016260165
116285.0,14.0,1.0,4.5,8.0,13.0,270.0,1,0.02962962962962963
116286.0,58.0,1.0,4.6,15.0,36.0,276.0,1,0.05434782608695652
116287.0,47.0,2.0,3.7,19.0,12.0,222.0,1,0.08558558558558559
116290.0,31.0,2.0,3.8,12.0,14.0,228.0,1,0.05263157894736842
116291.0,48.0,2.0,4.4,16.0,18.0,264.0,1,0.06060606060606061
116292.0,50.0,1.0,3.9,17.0,15.0,234.0,1,0.07264957264957266
116293.0,43.0,2.0,4.1,6.0,20.0,245.99999999999997,1,0.02439024390243903
116294.0,29.0,2.0,3.7,10.0,9.0,222.0,1,0.04504504504504504
116295.0,78.0,2.0,4.1,9.0,11.0,245.99999999999997,1,0.03658536585365854
116296.0,19.0,1.0,5.1,22.0,25.0,306.0,1,0.0718954248366013
116299.0,58.0,2.0,3.8,34.0,38.0,228.0,1,0.14912280701754385
116300.0,34.0,1.0,4.7,29.0,32.0,282.0,1,0.10283687943262411
116302.0,29.0,1.0,4.1,14.0,19.0,245.99999999999997,1,0.05691056910569106
116303.0,64.0,2.0,4.2,22.0,14.0,252.0,1,0.0873015873015873
116305.0,26.0,1.0,4.1,9.0,14.0,245.99999999999997,1,0.03658536585365854
116306.0,25.0,2.0,3.9,20.0,26.0,234.0,1,0.08547008547008547
116307.0,80.0,1.0,3.9,17.0,19.0,234.0,1,0.07264957264957266
116310.0,42.0,1.0,4.1,48.0,75.0,245.99999999999997,3,0.19512195121951223
116312.0,55.0,2.0,3.5,12.0,14.0,210.0,1,0.05714285714285714
116313.0,72.0,2.0,3.6,31.0,295.0,216.0,2,0.14351851851851852
116314.0,35.0,2.0,4.3,17.0,15.0,258.0,1,0.06589147286821706
116315.0,68.0,1.0,3.8,42.0,47.0,228.0,2,0.18421052631578946
116318.0,13.0,2.0,4.4,11.0,14.0,264.0,1,0.041666666666666664
116319.0,45.0,1.0,3.9,47.0,31.0,234.0,2,0.20085470085470086
116320.0,47.0,1.0,4.4,34.0,68.0,264.0,2,0.12878787878787878
116322.0,59.0,2.0,4.1,20.0,31.0,245.99999999999997,1,0.0813008130081301
116325.0,62.0,1.0,4.0,16.0,22.0,240.0,1,0.06666666666666667
116327.0,51.0,1.0,4.6,16.0,24.0,276.0,1,0.057971014492753624
116328.0,39.0,1.0,3.8,34.0,42.0,228.0,1,0.14912280701754385
116330.0,41.0,1.0,4.6,19.0,49.0,276.0,2,0.06884057971014493
116333.0,36.0,2.0,3.9,12.0,18.0,234.0,1,0.05128205128205128
116334.0,80.0,1.0,4.1,16.0,14.0,245.99999999999997,1,0.06504065040650407
116335.0,61.0,1.0,4.1,9.0,20.0,245.99999999999997,1,0.03658536585365854
116336.0,40.0,2.0,3.6,17.0,39.0,216.0,1,0.0787037037037037
116338.0,18.0,2.0,3.7,7.0,10.0,222.0,1,0.03153153153153153
116339.0,69.0,1.0,4.1,24.0,25.0,245.99999999999997,1,0.09756097560975611
116341.0,80.0,2.0,3.9,12.0,19.0,234.0,1,0.05128205128205128
116344.0,80.0,1.0,4.5,15.0,35.0,270.0,1,0.05555555555555555
116345.0,50.0,2.0,4.2,20.0,56.0,252.0,2,0.07936507936507936
116347.0,79.0,1.0,4.2,47.0,27.0,252.0,2,0.1865079365079365
116348.0,47.0,2.0,3.9,6.0,10.0,234.0,1,0.02564102564102564
116349.0,59.0,1.0,3.8,11.0,16.0,228.0,1,0.04824561403508772
116351.0,63.0,2.0,3.7,16.0,16.0,222.0,1,0.07207207207207207
116352.0,26.0,1.0,4.6,25.0,10.0,276.0,1,0.09057971014492754
116354.0,56.0,2.0,3.7,16.0,56.0,222.0,2,0.07207207207207207
116355.0,42.0,2.0,4.4,17.0,12.0,264.0,1,0.06439393939393939
116356.0,18.0,2.0,4.5,8.0,11.0,270.0,1,0.02962962962962963
116357.0,55.0,2.0,4.3,15.0,14.0,258.0,1,0.05813953488372093
116360.0,48.0,1.0,4.3,18.0,15.0,258.0,1,0.06976744186046512
116361.0,13.0,2.0,4.3,14.0,11.0,258.0,1,0.05426356589147287
116362.0,23.0,1.0,4.5,87.0,37.0,270.0,2,0.32222222222222224
116369.0,46.0,1.0,3.9,18.0,53.0,234.0,2,0.07692307692307693
116372.0,18.0,1.0,4.4,8.0,11.0,264.0,1,0.030303030303030304
116373.0,71.0,1.0,3.7,12.0,10.0,222.0,1,0.05405405405405406
116374.0,52.0,1.0,4.5,21.0,14.0,270.0,1,0.07777777777777778
116375.0,54.0,1.0,4.2,49.0,75.0,252.0,3,0.19444444444444445
116376.0,80.0,1.0,3.8,24.0,23.0,228.0,1,0.10526315789473684
116378.0,55.0,1.0,4.1,26.0,41.0,245.99999999999997,1,0.10569105691056911
116380.0,57.0,1.0,3.8,22.0,54.0,228.0,2,0.09649122807017543
116381.0,59.0,1.0,4.2,46.0,24.0,252.0,2,0.18253968253968253
116382.0,36.0,1.0,4.0,26.0,26.0,240.0,1,0.10833333333333334
116383.0,67.0,2.0,4.2,10.0,12.0,252.0,1,0.03968253968253968
116384.0,61.0,2.0,4.0,10.0,22.0,240.0,1,0.041666666666666664
116385.0,60.0,2.0,3.6,11.0,33.0,216.0,1,0.05092592592592592
116386.0,20.0,1.0,4.3,23.0,20.0,258.0,1,0.08914728682170543
116387.0,56.0,2.0,2.8,10.0,31.0,168.0,1,0.05952380952380952
116389.0,75.0,2.0,4.0,43.0,20.0,240.0,2,0.17916666666666667
116390.0,80.0,2.0,3.7,13.0,15.0,222.0,1,0.05855855855855856
116397.0,74.0,2.0,4.3,38.0,15.0,258.0,1,0.14728682170542637
116398.0,28.0,2.0,4.4,11.0,12.0,264.0,1,0.041666666666666664
116401.0,16.0,2.0,4.5,8.0,9.0,270.0,1,0.02962962962962963
116404.0,70.0,2.0,3.9,13.0,11.0,234.0,1,0.05555555555555555
116405.0,66.0,2.0,4.0,16.0,28.0,240.0,1,0.06666666666666667
116406.0,60.0,1.0,4.2,19.0,29.0,252.0,1,0.07539682539682539
116407.0,49.0,2.0,3.7,12.0,23.0,222.0,1,0.05405405405405406
116410.0,20.0,2.0,4.1,19.0,24.0,245.99999999999997,1,0.07723577235772358
116411.0,80.0,1.0,4.4,16.0,38.0,264.0,1,0.06060606060606061
116414.0,80.0,1.0,3.4,11.0,13.0,204.0,1,0.05392156862745098
116415.0,50.0,2.0,3.8,21.0,14.0,228.0,1,0.09210526315789473
116416.0,32.0,2.0,4.2,23.0,21.0,252.0,1,0.09126984126984126
116417.0,27.0,2.0,4.2,20.0,20.0,252.0,1,0.07936507936507936
116419.0,15.0,1.0,4.3,15.0,12.0,258.0,1,0.05813953488372093
116420.0,25.0,1.0,4.5,40.0,57.0,270.0,2,0.14814814814814814
116421.0,69.0,1.0,3.7,14.0,13.0,222.0,1,0.06306306306306306
116423.0,65.0,2.0,4.2,19.0,46.0,252.0,1,0.07539682539682539
116424.0,37.0,1.0,4.6,16.0,11.0,276.0,1,0.057971014492753624
116426.0,43.0,2.0,3.7,7.0,23.0,222.0,1,0.03153153153153153
116427.0,15.0,2.0,3.9,12.0,19.0,234.0,1,0.05128205128205128
116428.0,47.0,1.0,4.2,19.0,23.0,252.0,1,0.07539682539682539
116430.0,53.0,1.0,4.4,14.0,13.0,264.0,1,0.05303030303030303
116432.0,80.0,1.0,3.7,14.0,13.0,222.0,1,0.06306306306306306
116433.0,28.0,2.0,4.5,12.0,18.0,270.0,1,0.044444444444444446
116434.0,30.0,2.0,3.7,8.0,9.0,222.0,1,0.036036036036036036
116435.0,51.0,2.0,4.2,16.0,29.0,252.0,1,0.06349206349206349
116436.0,18.0,2.0,4.4,20.0,10.0,264.0,1,0.07575757575757576
116437.0,71.0,1.0,4.6,70.0,42.0,276.0,2,0.2536231884057971
116439.0,80.0,2.0,3.5,42.0,69.0,210.0,3,0.2
116441.0,68.0,1.0,4.2,25.0,26.0,252.0,1,0.0992063492063492
116442.0,74.0,1.0,3.9,15.0,16.0,234.0,1,0.0641025641025641
116444.0,62.0,2.0,3.7,13.0,21.0,222.0,1,0.05855855855855856
116446.0,18.0,2.0,3.9,10.0,11.0,234.0,1,0.042735042735042736
116447.0,75.0,1.0,4.1,20.0,13.0,245.99999999999997,1,0.0813008130081301
116448.0,21.0,2.0,4.5,11.0,23.0,270.0,1,0.040740740740740744
116449.0,65.0,2.0,4.0,8.0,14.0,240.0,1,0.03333333333333333
116451.0,36.0,2.0,3.6,16.0,17.0,216.0,1,0.07407407407407407
116453.0,31.0,2.0,3.8,15.0,41.0,228.0,1,0.06578947368421052
116454.0,31.0,2.0,4.0,14.0,19.0,240.0,1,0.058333333333333334
116455.0,56.0,2.0,4.3,13.0,20.0,258.0,1,0.050387596899224806
116456.0,73.0,1.0,3.9,19.0,24.0,234.0,1,0.0811965811965812
116457.0,75.0,2.0,4.4,10.0,15.0,264.0,1,0.03787878787878788
116459.0,69.0,1.0,4.2,15.0,12.0,252.0,1,0.05952380952380952
116461.0,80.0,1.0,4.1,14.0,16.0,245.99999999999997,1,0.05691056910569106
116464.0,48.0,1.0,4.4,81.0,72.0,264.0,3,0.3068181818181818
116466.0,16.0,2.0,4.7,10.0,11.0,282.0,1,0.03546099290780142
116467.0,55.0,1.0,4.2,24.0,16.0,252.0,1,0.09523809523809523
116468.0,74.0,1.0,3.9,27.0,48.0,234.0,1,0.11538461538461539
116472.0,64.0,2.0,4.0,16.0,19.0,240.0,1,0.06666666666666667
116474.0,72.0,1.0,4.0,18.0,14.0,240.0,1,0.075
116475.0,33.0,1.0,4.4,12.0,9.0,264.0,1,0.045454545454545456
116477.0,16.0,2.0,4.0,31.0,15.0,240.0,1,0.12916666666666668
116478.0,14.0,2.0,4.4,8.0,19.0,264.0,1,0.030303030303030304
116480.0,43.0,1.0,4.9,76.0,45.0,294.0,2,0.2585034013605442
116484.0,71.0,1.0,3.8,15.0,18.0,228.0,1,0.06578947368421052
116485.0,50.0,1.0,4.1,19.0,11.0,245.99999999999997,1,0.07723577235772358
116486.0,66.0,1.0,3.9,10.0,15.0,234.0,1,0.042735042735042736
116487.0,48.0,1.0,4.2,18.0,47.0,252.0,1,0.07142857142857142
116488.0,72.0,1.0,3.6,15.0,23.0,216.0,1,0.06944444444444445
116489.0,49.0,2.0,4.5,21.0,11.0,270.0,1,0.07777777777777778
116490.0,36.0,2.0,3.4,11.0,23.0,204.0,1,0.05392156862745098
116491.0,14.0,2.0,3.7,12.0,10.0,222.0,1,0.05405405405405406
116492.0,20.0,1.0,4.4,13.0,23.0,264.0,1,0.04924242424242424
116493.0,67.0,1.0,4.0,12.0,13.0,240.0,1,0.05
116495.0,55.0,2.0,3.9,13.0,9.0,234.0,1,0.05555555555555555
116497.0,15.0,2.0,4.2,19.0,14.0,252.0,1,0.07539682539682539
116498.0,13.0,1.0,4.6,14.0,12.0,276.0,1,0.050724637681159424
116499.0,53.0,2.0,4.2,38.0,35.0,252.0,1,0.15079365079365079
116500.0,50.0,1.0,3.9,17.0,17.0,234.0,1,0.07264957264957266
116502.0,70.0,2.0,4.2,11.0,13.0,252.0,1,0.04365079365079365
116503.0,69.0,1.0,4.3,22.0,37.0,258.0,1,0.08527131782945736
116504.0,80.0,2.0,4.0,12.0,13.0,240.0,1,0.05
116505.0,20.0,2.0,4.0,11.0,15.0,240.0,1,0.04583333333333333
116506.0,43.0,1.0,3.3,13.0,22.0,198.0,1,0.06565656565656566
116507.0,53.0,2.0,3.9,12.0,19.0,234.0,1,0.05128205128205128
116508.0,37.0,2.0,3.8,9.0,8.0,228.0,1,0.039473684210526314
116509.0,49.0,1.0,4.7,26.0,41.0,282.0,1,0.09219858156028368
116510.0,55.0,2.0,4.1,11.0,13.0,245.99999999999997,1,0.04471544715447155
116511.0,58.0,2.0,4.2,10.0,15.0,252.0,1,0.03968253968253968
116514.0,16.0,2.0,4.2,14.0,10.0,252.0,1,0.05555555555555555
116518.0,21.0,1.0,4.4,37.0,26.0,264.0,1,0.14015151515151514
116520.0,45.0,2.0,4.2,23.0,64.0,252.0,2,0.09126984126984126
116521.0,16.0,1.0,4.1,18.0,32.0,245.99999999999997,1,0.07317073170731708
116522.0,59.0,1.0,3.9,28.0,40.0,234.0,1,0.11965811965811966
116525.0,16.0,1.0,5.0,14.0,16.0,300.0,1,0.04666666666666667
116526.0,56.0,1.0,3.7,17.0,32.0,222.0,1,0.07657657657657657
116528.0,42.0,2.0,3.9,22.0,17.0,234.0,1,0.09401709401709402
116529.0,19.0,2.0,4.0,40.0,16.0,240.0,1,0.16666666666666666
116531.0,63.0,1.0,4.4,19.0,66.0,264.0,2,0.07196969696969698
116532.0,29.0,2.0,3.9,7.0,6.0,234.0,1,0.029914529914529916
116533.0,50.0,2.0,3.5,7.0,6.0,210.0,1,0.03333333333333333
116534.0,18.0,1.0,4.5,19.0,21.0,270.0,1,0.07037037037037037
116535.0,32.0,2.0,3.8,10.0,7.0,228.0,1,0.043859649122807015
116537.0,23.0,1.0,4.6,18.0,17.0,276.0,1,0.06521739130434782
116539.0,16.0,1.0,5.2,13.0,12.0,312.0,1,0.041666666666666664
116542.0,64.0,1.0,4.2,27.0,22.0,252.0,1,0.10714285714285714
116546.0,21.0,1.0,4.1,19.0,27.0,245.99999999999997,1,0.07723577235772358
116547.0,59.0,2.0,4.2,12.0,10.0,252.0,1,0.047619047619047616
116551.0,38.0,2.0,4.0,10.0,11.0,240.0,1,0.041666666666666664
116552.0,80.0,2.0,4.2,15.0,23.0,252.0,1,0.05952380952380952
116556.0,63.0,2.0,4.1,14.0,12.0,245.99999999999997,1,0.05691056910569106
116557.0,35.0,1.0,4.6,30.0,18.0,276.0,1,0.10869565217391304
116558.0,17.0,2.0,4.0,13.0,26.0,240.0,1,0.05416666666666667
116560.0,39.0,1.0,4.3,34.0,70.0,258.0,2,0.13178294573643412
116561.0,33.0,1.0,4.4,29.0,16.0,264.0,1,0.10984848484848485
116562.0,69.0,1.0,4.5,82.0,52.0,270.0,3,0.3037037037037037
116563.0,29.0,1.0,4.2,67.0,21.0,252.0,2,0.26587301587301587
116564.0,58.0,1.0,4.2,29.0,25.0,252.0,1,0.11507936507936507
116565.0,75.0,2.0,3.4,21.0,18.0,204.0,1,0.10294117647058823
116569.0,63.0,1.0,3.9,22.0,34.0,234.0,1,0.09401709401709402
116572.0,63.0,1.0,3.9,13.0,15.0,234.0,1,0.05555555555555555
116574.0,73.0,2.0,4.2,13.0,18.0,252.0,1,0.051587301587301584
116575.0,18.0,2.0,3.8,13.0,11.0,228.0,1,0.05701754385964912
116577.0,13.0,1.0,4.1,16.0,14.0,245.99999999999997,1,0.06504065040650407
116579.0,19.0,2.0,4.0,7.0,10.0,240.0,1,0.029166666666666667
116580.0,80.0,2.0,4.0,14.0,16.0,240.0,1,0.058333333333333334
116582.0,63.0,1.0,4.1,13.0,35.0,245.99999999999997,1,0.052845528455284556
116583.0,24.0,1.0,4.3,11.0,15.0,258.0,1,0.04263565891472868
116584.0,70.0,1.0,4.1,14.0,19.0,245.99999999999997,1,0.05691056910569106
116587.0,57.0,1.0,4.4,19.0,37.0,264.0,1,0.07196969696969698
116588.0,56.0,1.0,4.3,30.0,31.0,258.0,1,0.11627906976744186
116589.0,70.0,1.0,4.3,38.0,48.0,258.0,1,0.14728682170542637
116593.0,14.0,1.0,4.9,15.0,14.0,294.0,1,0.05102040816326531
116594.0,14.0,1.0,4.4,10.0,8.0,264.0,1,0.03787878787878788
116595.0,26.0,2.0,3.8,47.0,40.0,228.0,2,0.20614035087719298
116596.0,52.0,1.0,4.3,37.0,39.0,258.0,1,0.1434108527131783
116597.0,14.0,2.0,4.3,6.0,8.0,258.0,1,0.023255813953488372
116598.0,49.0,1.0,3.8,85.0,49.0,228.0,3,0.37280701754385964
116600.0,62.0,1.0,3.7,13.0,15.0,222.0,1,0.05855855855855856
116601.0,63.0,1.0,3.8,23.0,60.0,228.0,2,0.10087719298245613
116602.0,21.0,1.0,4.2,22.0,26.0,252.0,1,0.0873015873015873
116603.0,15.0,1.0,4.2,12.0,9.0,252.0,1,0.047619047619047616
116605.0,59.0,2.0,4.0,14.0,54.0,240.0,2,0.058333333333333334
116606.0,14.0,1.0,4.4,13.0,13.0,264.0,1,0.04924242424242424
116607.0,69.0,2.0,4.0,20.0,22.0,240.0,1,0.08333333333333333
116608.0,74.0,2.0,4.1,32.0,29.0,245.99999999999997,1,0.13008130081300814
116609.0,43.0,1.0,4.4,32.0,27.0,264.0,1,0.12121212121212122
116610.0,55.0,2.0,3.9,11.0,11.0,234.0,1,0.04700854700854701
116613.0,26.0,1.0,3.9,12.0,10.0,234.0,1,0.05128205128205128
116614.0,22.0,1.0,4.3,11.0,15.0,258.0,1,0.04263565891472868
116616.0,52.0,1.0,3.9,21.0,19.0,234.0,1,0.08974358974358974
116617.0,64.0,1.0,4.0,14.0,24.0,240.0,1,0.058333333333333334
116620.0,80.0,1.0,4.3,19.0,44.0,258.0,1,0.07364341085271318
116623.0,65.0,2.0,3.9,16.0,18.0,234.0,1,0.06837606837606838
116625.0,80.0,2.0,3.9,10.0,10.0,234.0,1,0.042735042735042736
116627.0,31.0,1.0,4.1,59.0,40.0,245.99999999999997,2,0.23983739837398377
116628.0,74.0,1.0,4.0,23.0,22.0,240.0,1,0.09583333333333334
116629.0,30.0,2.0,4.5,13.0,22.0,270.0,1,0.04814814814814815
116631.0,35.0,1.0,4.1,32.0,36.0,245.99999999999997,1,0.13008130081300814
116632.0,80.0,1.0,3.7,46.0,86.0,222.0,3,0.2072072072072072
116634.0,80.0,1.0,3.8,9.0,19.0,228.0,1,0.039473684210526314
116635.0,47.0,2.0,4.1,4.0,11.0,245.99999999999997,1,0.016260162601626018
116637.0,30.0,2.0,3.1,10.0,7.0,186.0,1,0.053763440860215055
116644.0,20.0,1.0,4.0,34.0,14.0,240.0,1,0.14166666666666666
116646.0,60.0,2.0,4.1,12.0,37.0,245.99999999999997,1,0.04878048780487806
116649.0,56.0,2.0,4.1,21.0,14.0,245.99999999999997,1,0.08536585365853659
116650.0,58.0,2.0,4.1,57.0,27.0,245.99999999999997,2,0.23170731707317077
116653.0,33.0,2.0,3.9,12.0,10.0,234.0,1,0.05128205128205128
116654.0,50.0,2.0,4.5,16.0,58.0,270.0,2,0.05925925925925926
116655.0,41.0,1.0,4.1,28.0,39.0,245.99999999999997,1,0.11382113821138212
116656.0,40.0,1.0,4.6,27.0,22.0,276.0,1,0.09782608695652174
116657.0,49.0,2.0,4.3,17.0,14.0,258.0,1,0.06589147286821706
116659.0,15.0,2.0,4.1,12.0,10.0,245.99999999999997,1,0.04878048780487806
116660.0,63.0,2.0,4.4,27.0,18.0,264.0,1,0.10227272727272728
116662.0,69.0,2.0,4.1,15.0,20.0,245.99999999999997,1,0.06097560975609757
116663.0,14.0,1.0,4.1,14.0,11.0,245.99999999999997,1,0.05691056910569106
116664.0,18.0,2.0,4.6,10.0,10.0,276.0,1,0.036231884057971016
116666.0,60.0,1.0,3.7,19.0,23.0,222.0,1,0.08558558558558559
116667.0,62.0,1.0,3.5,18.0,66.0,210.0,2,0.08571428571428572
116668.0,22.0,1.0,4.0,34.0,33.0,240.0,1,0.14166666666666666
116672.0,30.0,2.0,4.2,35.0,17.0,252.0,1,0.1388888888888889
116673.0,49.0,2.0,4.1,81.0,27.0,245.99999999999997,2,0.32926829268292684
116675.0,42.0,2.0,3.6,10.0,10.0,216.0,1,0.046296296296296294
116677.0,50.0,1.0,3.1,14.0,16.0,186.0,1,0.07526881720430108
116678.0,20.0,2.0,4.3,9.0,8.0,258.0,1,0.03488372093023256
116680.0,46.0,2.0,4.0,19.0,200.0,240.0,2,0.07916666666666666
116681.0,12.0,1.0,4.6,24.0,11.0,276.0,1,0.08695652173913043
116682.0,17.0,1.0,4.4,16.0,11.0,264.0,1,0.06060606060606061
116687.0,29.0,2.0,3.8,15.0,18.0,228.0,1,0.06578947368421052
116690.0,17.0,2.0,3.8,10.0,12.0,228.0,1,0.043859649122807015
116691.0,53.0,2.0,3.7,23.0,54.0,222.0,2,0.1036036036036036
116693.0,72.0,1.0,4.0,20.0,26.0,240.0,1,0.08333333333333333
116694.0,57.0,2.0,3.8,19.0,20.0,228.0,1,0.08333333333333333
116696.0,48.0,2.0,3.7,14.0,16.0,222.0,1,0.06306306306306306
116698.0,49.0,2.0,4.2,11.0,19.0,252.0,1,0.04365079365079365
116699.0,51.0,1.0,4.1,32.0,52.0,245.99999999999997,2,0.13008130081300814
116700.0,24.0,2.0,3.8,39.0,36.0,228.0,1,0.17105263157894737
116703.0,42.0,2.0,3.6,7.0,22.0,216.0,1,0.032407407407407406
116704.0,29.0,2.0,3.8,17.0,12.0,228.0,1,0.07456140350877193
116705.0,21.0,1.0,4.5,12.0,7.0,270.0,1,0.044444444444444446
116706.0,42.0,2.0,3.8,15.0,20.0,228.0,1,0.06578947368421052
116707.0,65.0,2.0,3.2,16.0,29.0,192.0,1,0.08333333333333333
116709.0,74.0,2.0,3.9,12.0,21.0,234.0,1,0.05128205128205128
116710.0,67.0,1.0,4.0,28.0,29.0,240.0,1,0.11666666666666667
116713.0,47.0,2.0,3.9,9.0,12.0,234.0,1,0.038461538461538464
116716.0,38.0,1.0,4.3,25.0,20.0,258.0,1,0.09689922480620156
116720.0,33.0,2.0,4.4,17.0,14.0,264.0,1,0.06439393939393939
116721.0,35.0,2.0,4.0,30.0,24.0,240.0,1,0.125
116724.0,43.0,2.0,3.7,32.0,12.0,222.0,1,0.14414414414414414
116725.0,24.0,1.0,4.2,24.0,22.0,252.0,1,0.09523809523809523
116727.0,31.0,2.0,4.2,10.0,19.0,252.0,1,0.03968253968253968
116728.0,59.0,2.0,4.0,17.0,17.0,240.0,1,0.07083333333333333
116729.0,17.0,2.0,4.2,8.0,8.0,252.0,1,0.031746031746031744
116730.0,64.0,1.0,4.3,37.0,111.0,258.0,2,0.1434108527131783
116732.0,60.0,1.0,3.4,15.0,17.0,204.0,1,0.07352941176470588
116733.0,46.0,1.0,3.6,13.0,54.0,216.0,2,0.06018518518518518
116734.0,56.0,2.0,4.1,23.0,13.0,245.99999999999997,1,0.0934959349593496
116735.0,13.0,2.0,4.0,13.0,9.0,240.0,1,0.05416666666666667
116739.0,69.0,2.0,4.6,16.0,11.0,276.0,1,0.057971014492753624
116741.0,22.0,1.0,3.7,56.0,119.0,222.0,3,0.25225225225225223
116744.0,24.0,2.0,4.2,10.0,13.0,252.0,1,0.03968253968253968
116745.0,46.0,1.0,3.9,27.0,29.0,234.0,1,0.11538461538461539
116746.0,67.0,1.0,4.6,27.0,38.0,276.0,1,0.09782608695652174
116747.0,59.0,2.0,4.6,13.0,13.0,276.0,1,0.04710144927536232
116749.0,19.0,1.0,4.4,74.0,32.0,264.0,2,0.2803030303030303
116750.0,39.0,2.0,4.4,10.0,13.0,264.0,1,0.03787878787878788
116751.0,15.0,2.0,4.2,47.0,25.0,252.0,2,0.1865079365079365
116752.0,55.0,2.0,3.1,20.0,287.0,186.0,2,0.10752688172043011
116756.0,34.0,1.0,4.2,39.0,26.0,252.0,1,0.15476190476190477
116757.0,50.0,1.0,4.0,58.0,31.0,240.0,2,0.24166666666666667
116759.0,17.0,2.0,4.1,11.0,9.0,245.99999999999997,1,0.04471544715447155
116760.0,55.0,2.0,4.7,64.0,59.0,282.0,3,0.22695035460992907
116761.0,30.0,2.0,4.4,13.0,23.0,264.0,1,0.04924242424242424
116762.0,61.0,2.0,4.3,22.0,56.0,258.0,2,0.08527131782945736
116764.0,69.0,2.0,4.1,21.0,17.0,245.99999999999997,1,0.08536585365853659
116766.0,51.0,2.0,3.6,37.0,189.0,216.0,2,0.1712962962962963
116767.0,26.0,1.0,4.5,13.0,12.0,270.0,1,0.04814814814814815
116768.0,22.0,2.0,3.8,8.0,9.0,228.0,1,0.03508771929824561
116769.0,40.0,2.0,4.1,14.0,18.0,245.99999999999997,1,0.05691056910569106
116770.0,69.0,2.0,4.1,17.0,39.0,245.99999999999997,1,0.06910569105691057
116773.0,52.0,1.0,4.2,23.0,19.0,252.0,1,0.09126984126984126
116774.0,13.0,2.0,4.0,11.0,9.0,240.0,1,0.04583333333333333
116775.0,80.0,1.0,3.6,7.0,14.0,216.0,1,0.032407407407407406
116776.0,52.0,1.0,4.3,65.0,27.0,258.0,2,0.25193798449612403
116779.0,17.0,1.0,4.5,19.0,13.0,270.0,1,0.07037037037037037
116780.0,52.0,1.0,4.1,14.0,21.0,245.99999999999997,1,0.05691056910569106
116782.0,28.0,2.0,3.8,15.0,13.0,228.0,1,0.06578947368421052
116783.0,65.0,1.0,3.9,27.0,9.0,234.0,1,0.11538461538461539
116784.0,54.0,1.0,3.9,23.0,20.0,234.0,1,0.09829059829059829
116785.0,49.0,1.0,4.4,26.0,23.0,264.0,1,0.09848484848484848
116786.0,55.0,1.0,4.2,24.0,25.0,252.0,1,0.09523809523809523
116790.0,17.0,1.0,4.4,13.0,16.0,264.0,1,0.04924242424242424
116791.0,62.0,2.0,3.8,19.0,30.0,228.0,1,0.08333333333333333
116793.0,76.0,2.0,4.2,8.0,8.0,252.0,1,0.031746031746031744
116794.0,65.0,1.0,4.1,27.0,104.0,245.99999999999997,2,0.10975609756097562
116795.0,13.0,2.0,4.4,15.0,10.0,264.0,1,0.056818181818181816
116796.0,31.0,2.0,4.2,11.0,8.0,252.0,1,0.04365079365079365
116797.0,15.0,2.0,4.6,12.0,15.0,276.0,1,0.043478260869565216
116799.0,57.0,2.0,3.7,7.0,20.0,222.0,1,0.03153153153153153
116802.0,59.0,2.0,3.5,29.0,124.0,210.0,2,0.1380952380952381
116803.0,15.0,1.0,4.4,9.0,5.0,264.0,1,0.03409090909090909
116805.0,70.0,2.0,3.8,26.0,38.0,228.0,1,0.11403508771929824
116806.0,49.0,2.0,4.0,21.0,17.0,240.0,1,0.0875
116807.0,78.0,1.0,4.2,12.0,10.0,252.0,1,0.047619047619047616
116808.0,33.0,2.0,3.3,13.0,18.0,198.0,1,0.06565656565656566
116809.0,80.0,1.0,4.2,3.0,25.0,252.0,1,0.011904761904761904
116810.0,24.0,1.0,4.7,20.0,12.0,282.0,1,0.07092198581560284
116811.0,16.0,2.0,4.5,14.0,8.0,270.0,1,0.05185185185185185
116812.0,27.0,2.0,4.5,18.0,13.0,270.0,1,0.06666666666666667
116813.0,21.0,1.0,4.4,32.0,18.0,264.0,1,0.12121212121212122
116814.0,48.0,2.0,3.8,15.0,57.0,228.0,2,0.06578947368421052
116816.0,76.0,1.0,3.9,16.0,14.0,234.0,1,0.06837606837606838
116818.0,12.0,2.0,4.6,15.0,11.0,276.0,1,0.05434782608695652
116819.0,51.0,1.0,4.3,32.0,62.0,258.0,2,0.12403100775193798
116820.0,40.0,2.0,4.0,13.0,19.0,240.0,1,0.05416666666666667
116822.0,20.0,2.0,4.4,13.0,10.0,264.0,1,0.04924242424242424
116823.0,79.0,2.0,4.0,12.0,25.0,240.0,1,0.05
116824.0,80.0,2.0,3.9,11.0,19.0,234.0,1,0.04700854700854701
116826.0,46.0,1.0,4.4,58.0,105.0,264.0,3,0.2196969696969697
116827.0,17.0,2.0,3.8,6.0,9.0,228.0,1,0.02631578947368421
116828.0,24.0,1.0,4.4,22.0,14.0,264.0,1,0.08333333333333333
116829.0,25.0,1.0,4.3,44.0,30.0,258.0,2,0.17054263565891473
116831.0,67.0,2.0,4.1,24.0,11.0,245.99999999999997,1,0.09756097560975611
116833.0,30.0,2.0,4.3,19.0,12.0,258.0,1,0.07364341085271318
116834.0,30.0,1.0,4.8,22.0,18.0,288.0,1,0.0763888888888889
116836.0,48.0,2.0,3.4,8.0,13.0,204.0,1,0.0392156862745098
116838.0,13.0,1.0,4.5,11.0,10.0,270.0,1,0.040740740740740744
116841.0,26.0,2.0,3.9,21.0,12.0,234.0,1,0.08974358974358974
116843.0,35.0,2.0,4.1,11.0,8.0,245.99999999999997,1,0.04471544715447155
116844.0,27.0,2.0,4.0,10.0,11.0,240.0,1,0.041666666666666664
116846.0,52.0,1.0,3.8,15.0,17.0,228.0,1,0.06578947368421052
116847.0,27.0,1.0,4.4,58.0,65.0,264.0,3,0.2196969696969697
116855.0,67.0,2.0,3.9,25.0,42.0,234.0,1,0.10683760683760683
116856.0,45.0,1.0,4.0,24.0,23.0,240.0,1,0.1
116857.0,70.0,2.0,3.6,16.0,26.0,216.0,1,0.07407407407407407
116859.0,63.0,1.0,3.8,20.0,28.0,228.0,1,0.08771929824561403
116861.0,44.0,2.0,4.0,21.0,38.0,240.0,1,0.0875
116862.0,49.0,2.0,3.5,13.0,23.0,210.0,1,0.06190476190476191
116864.0,64.0,1.0,3.7,20.0,16.0,222.0,1,0.09009009009009009
116865.0,24.0,1.0,4.8,48.0,49.0,288.0,3,0.16666666666666666
116866.0,80.0,2.0,4.3,15.0,12.0,258.0,1,0.05813953488372093
116867.0,52.0,2.0,3.7,8.0,5.0,222.0,1,0.036036036036036036
116869.0,70.0,2.0,3.9,19.0,27.0,234.0,1,0.0811965811965812
116871.0,56.0,2.0,4.0,16.0,31.0,240.0,1,0.06666666666666667
116873.0,33.0,2.0,3.7,27.0,79.0,222.0,2,0.12162162162162163
116876.0,15.0,1.0,4.0,15.0,8.0,240.0,1,0.0625
116879.0,12.0,2.0,4.1,8.0,10.0,245.99999999999997,1,0.032520325203252036
116881.0,56.0,1.0,4.0,20.0,19.0,240.0,1,0.08333333333333333
116884.0,68.0,1.0,3.9,8.0,18.0,234.0,1,0.03418803418803419
116886.0,44.0,2.0,4.1,7.0,9.0,245.99999999999997,1,0.02845528455284553
116887.0,17.0,1.0,4.5,38.0,24.0,270.0,1,0.14074074074074075
116888.0,51.0,2.0,4.5,13.0,10.0,270.0,1,0.04814814814814815
116889.0,46.0,2.0,3.4,13.0,16.0,204.0,1,0.06372549019607843
116890.0,41.0,2.0,3.9,61.0,66.0,234.0,3,0.2606837606837607
116892.0,37.0,2.0,3.3,37.0,10.0,198.0,1,0.18686868686868688
116893.0,22.0,1.0,4.0,23.0,33.0,240.0,1,0.09583333333333334
116894.0,66.0,1.0,3.5,7.0,11.0,210.0,1,0.03333333333333333
116895.0,35.0,1.0,4.0,49.0,30.0,240.0,2,0.20416666666666666
116896.0,51.0,2.0,4.4,12.0,14.0,264.0,1,0.045454545454545456
116898.0,61.0,2.0,4.1,21.0,19.0,245.99999999999997,1,0.08536585365853659
116899.0,40.0,1.0,4.2,25.0,59.0,252.0,2,0.0992063492063492
116900.0,55.0,1.0,3.9,42.0,50.0,234.0,3,0.1794871794871795
116901.0,78.0,2.0,4.1,12.0,10.0,245.99999999999997,1,0.04878048780487806
116904.0,60.0,2.0,4.2,31.0,29.0,252.0,1,0.12301587301587301
116905.0,80.0,2.0,3.8,18.0,30.0,228.0,1,0.07894736842105263
116906.0,66.0,2.0,4.4,16.0,21.0,264.0,1,0.06060606060606061
116907.0,76.0,1.0,4.0,17.0,11.0,240.0,1,0.07083333333333333
116909.0,33.0,2.0,3.9,9.0,15.0,234.0,1,0.038461538461538464
116911.0,63.0,1.0,3.8,17.0,28.0,228.0,1,0.07456140350877193
116912.0,28.0,2.0,4.6,9.0,8.0,276.0,1,0.03260869565217391
116913.0,63.0,2.0,3.7,13.0,15.0,222.0,1,0.05855855855855856
116915.0,72.0,2.0,4.2,16.0,23.0,252.0,1,0.06349206349206349
116916.0,22.0,2.0,4.3,38.0,25.0,258.0,1,0.14728682170542637
116917.0,79.0,2.0,3.3,16.0,13.0,198.0,1,0.08080808080808081
116920.0,70.0,2.0,4.0,12.0,16.0,240.0,1,0.05
116923.0,55.0,2.0,4.4,43.0,24.0,264.0,2,0.16287878787878787
116927.0,16.0,1.0,4.3,18.0,11.0,258.0,1,0.06976744186046512
116928.0,54.0,1.0,3.9,21.0,22.0,234.0,1,0.08974358974358974
116929.0,51.0,2.0,4.0,9.0,11.0,240.0,1,0.0375
116931.0,22.0,1.0,4.5,12.0,14.0,270.0,1,0.044444444444444446
116935.0,18.0,1.0,4.2,16.0,12.0,252.0,1,0.06349206349206349
116940.0,22.0,1.0,4.2,19.0,25.0,252.0,1,0.07539682539682539
116941.0,27.0,2.0,4.1,13.0,18.0,245.99999999999997,1,0.052845528455284556
116943.0,54.0,2.0,3.6,26.0,32.0,216.0,1,0.12037037037037036
116947.0,27.0,2.0,4.0,14.0,20.0,240.0,1,0.058333333333333334
116952.0,60.0,2.0,4.2,17.0,14.0,252.0,1,0.06746031746031746
116955.0,80.0,1.0,3.7,12.0,9.0,222.0,1,0.05405405405405406
116956.0,50.0,2.0,4.7,66.0,29.0,282.0,2,0.23404255319148937
116959.0,68.0,1.0,4.4,18.0,74.0,264.0,2,0.06818181818181818
116961.0,60.0,1.0,3.7,18.0,16.0,222.0,1,0.08108108108108109
116962.0,27.0,1.0,4.5,40.0,55.0,270.0,2,0.14814814814814814
116963.0,47.0,2.0,3.9,12.0,13.0,234.0,1,0.05128205128205128
116964.0,19.0,1.0,4.8,20.0,20.0,288.0,1,0.06944444444444445
116966.0,51.0,1.0,4.5,23.0,37.0,270.0,1,0.08518518518518518
116967.0,21.0,1.0,3.9,23.0,43.0,234.0,1,0.09829059829059829
116968.0,80.0,1.0,4.3,15.0,44.0,258.0,1,0.05813953488372093
116969.0,19.0,2.0,3.6,10.0,6.0,216.0,1,0.046296296296296294
116970.0,21.0,1.0,4.5,14.0,11.0,270.0,1,0.05185185185185185
116971.0,18.0,1.0,4.0,18.0,13.0,240.0,1,0.075
116972.0,48.0,2.0,3.9,31.0,26.0,234.0,1,0.13247863247863248
116975.0,45.0,1.0,4.0,14.0,14.0,240.0,1,0.058333333333333334
116976.0,65.0,1.0,3.5,13.0,20.0,210.0,1,0.06190476190476191
116978.0,67.0,1.0,4.1,21.0,33.0,245.99999999999997,1,0.08536585365853659
116979.0,28.0,1.0,4.0,24.0,39.0,240.0,1,0.1
116980.0,61.0,2.0,3.9,12.0,15.0,234.0,1,0.05128205128205128
116981.0,37.0,1.0,4.0,20.0,68.0,240.0,2,0.08333333333333333
116982.0,14.0,1.0,4.6,13.0,15.0,276.0,1,0.04710144927536232
116984.0,56.0,2.0,3.9,23.0,10.0,234.0,1,0.09829059829059829
116986.0,31.0,2.0,4.0,13.0,9.0,240.0,1,0.05416666666666667
116988.0,31.0,1.0,4.2,27.0,18.0,252.0,1,0.10714285714285714
116989.0,52.0,1.0,4.1,17.0,15.0,245.99999999999997,1,0.06910569105691057
116990.0,25.0,1.0,4.3,120.0,34.0,258.0,2,0.46511627906976744
116991.0,55.0,1.0,4.5,30.0,49.0,270.0,2,0.1111111111111111
116992.0,26.0,1.0,4.4,28.0,29.0,264.0,1,0.10606060606060606
116993.0,23.0,1.0,4.1,69.0,60.0,245.99999999999997,3,0.2804878048780488
116994.0,77.0,1.0,3.9,12.0,14.0,234.0,1,0.05128205128205128
116997.0,80.0,1.0,4.4,12.0,17.0,264.0,1,0.045454545454545456
116999.0,63.0,2.0,3.9,29.0,25.0,234.0,1,0.12393162393162394
117000.0,64.0,1.0,3.9,17.0,19.0,234.0,1,0.07264957264957266
117001.0,16.0,2.0,4.4,11.0,13.0,264.0,1,0.041666666666666664
117002.0,34.0,1.0,4.3,49.0,15.0,258.0,2,0.18992248062015504
117003.0,14.0,2.0,4.7,12.0,11.0,282.0,1,0.0425531914893617
117004.0,49.0,1.0,3.5,11.0,16.0,210.0,1,0.05238095238095238
117005.0,16.0,1.0,4.5,21.0,26.0,270.0,1,0.07777777777777778
117006.0,64.0,2.0,3.9,33.0,28.0,234.0,1,0.14102564102564102
117009.0,55.0,2.0,3.8,28.0,70.0,228.0,2,0.12280701754385964
117010.0,74.0,2.0,3.9,11.0,17.0,234.0,1,0.04700854700854701
117011.0,67.0,2.0,4.1,16.0,17.0,245.99999999999997,1,0.06504065040650407
117013.0,80.0,2.0,3.5,9.0,10.0,210.0,1,0.04285714285714286
117014.0,47.0,2.0,3.6,31.0,76.0,216.0,2,0.14351851851851852
117015.0,57.0,1.0,3.5,91.0,124.0,210.0,3,0.43333333333333335
117016.0,21.0,1.0,4.0,27.0,22.0,240.0,1,0.1125
117017.0,49.0,2.0,4.3,26.0,40.0,258.0,1,0.10077519379844961
117019.0,71.0,1.0,4.2,38.0,25.0,252.0,1,0.15079365079365079
117020.0,50.0,2.0,4.2,20.0,17.0,252.0,1,0.07936507936507936
117021.0,28.0,1.0,4.4,18.0,23.0,264.0,1,0.06818181818181818
117022.0,75.0,2.0,3.9,19.0,34.0,234.0,1,0.0811965811965812
117023.0,71.0,2.0,4.2,10.0,26.0,252.0,1,0.03968253968253968
117026.0,32.0,2.0,4.6,73.0,64.0,276.0,3,0.2644927536231884
117028.0,59.0,2.0,3.8,13.0,21.0,228.0,1,0.05701754385964912
117031.0,62.0,1.0,2.8,40.0,341.0,168.0,2,0.23809523809523808
117032.0,36.0,1.0,4.3,22.0,22.0,258.0,1,0.08527131782945736
117033.0,28.0,1.0,4.2,25.0,31.0,252.0,1,0.0992063492063492
117034.0,17.0,2.0,3.8,10.0,9.0,228.0,1,0.043859649122807015
117035.0,19.0,1.0,4.8,15.0,23.0,288.0,1,0.052083333333333336
117036.0,70.0,1.0,4.4,19.0,21.0,264.0,1,0.07196969696969698
117037.0,61.0,1.0,4.2,21.0,35.0,252.0,1,0.08333333333333333
117038.0,30.0,2.0,4.0,11.0,12.0,240.0,1,0.04583333333333333
117039.0,25.0,1.0,4.5,29.0,44.0,270.0,1,0.10740740740740741
117040.0,35.0,2.0,4.5,23.0,20.0,270.0,1,0.08518518518518518
117042.0,13.0,1.0,3.8,11.0,11.0,228.0,1,0.04824561403508772
117044.0,70.0,1.0,4.3,17.0,16.0,258.0,1,0.06589147286821706
117045.0,57.0,2.0,3.7,62.0,66.0,222.0,3,0.27927927927927926
117046.0,58.0,2.0,4.4,35.0,46.0,264.0,1,0.13257575757575757
117048.0,74.0,2.0,3.7,15.0,48.0,222.0,1,0.06756756756756757
117049.0,21.0,2.0,3.7,13.0,12.0,222.0,1,0.05855855855855856
117050.0,80.0,1.0,4.0,16.0,21.0,240.0,1,0.06666666666666667
117052.0,80.0,1.0,3.6,9.0,21.0,216.0,1,0.041666666666666664
117053.0,22.0,1.0,4.5,5.0,17.0,270.0,1,0.018518518518518517
117054.0,38.0,2.0,4.4,13.0,22.0,264.0,1,0.04924242424242424
117055.0,68.0,1.0,4.3,15.0,22.0,258.0,1,0.05813953488372093
117058.0,60.0,2.0,3.9,39.0,41.0,234.0,1,0.16666666666666666
117059.0,39.0,1.0,4.2,16.0,21.0,252.0,1,0.06349206349206349
117060.0,40.0,1.0,4.6,16.0,13.0,276.0,1,0.057971014492753624
117061.0,21.0,2.0,3.9,7.0,9.0,234.0,1,0.029914529914529916
117062.0,43.0,2.0,3.8,19.0,19.0,228.0,1,0.08333333333333333
117063.0,28.0,1.0,4.6,19.0,12.0,276.0,1,0.06884057971014493
117064.0,61.0,2.0,3.8,9.0,14.0,228.0,1,0.039473684210526314
117067.0,58.0,2.0,4.3,21.0,39.0,258.0,1,0.08139534883720931
117068.0,24.0,1.0,4.5,47.0,57.0,270.0,3,0.17407407407407408
117070.0,12.0,1.0,4.7,18.0,12.0,282.0,1,0.06382978723404255
117071.0,48.0,2.0,4.3,9.0,8.0,258.0,1,0.03488372093023256
117073.0,40.0,1.0,4.1,73.0,256.0,245.99999999999997,3,0.29674796747967486
117076.0,61.0,2.0,3.6,13.0,17.0,216.0,1,0.06018518518518518
117077.0,65.0,1.0,4.1,18.0,15.0,245.99999999999997,1,0.07317073170731708
117081.0,39.0,2.0,3.4,30.0,7.0,204.0,1,0.14705882352941177
117082.0,47.0,2.0,4.2,14.0,9.0,252.0,1,0.05555555555555555
117084.0,22.0,1.0,4.6,12.0,17.0,276.0,1,0.043478260869565216
117085.0,13.0,1.0,4.2,31.0,15.0,252.0,1,0.12301587301587301
117086.0,28.0,2.0,4.3,13.0,16.0,258.0,1,0.050387596899224806
117089.0,41.0,1.0,4.2,19.0,18.0,252.0,1,0.07539682539682539
117090.0,68.0,2.0,4.0,17.0,18.0,240.0,1,0.07083333333333333
117091.0,51.0,1.0,4.0,9.0,22.0,240.0,1,0.0375
117092.0,69.0,2.0,4.7,15.0,33.0,282.0,1,0.05319148936170213
117095.0,32.0,2.0,4.5,10.0,10.0,270.0,1,0.037037037037037035
117096.0,15.0,2.0,4.2,12.0,11.0,252.0,1,0.047619047619047616
117100.0,15.0,1.0,4.3,14.0,17.0,258.0,1,0.05426356589147287
117101.0,35.0,2.0,3.5,18.0,11.0,210.0,1,0.08571428571428572
117102.0,31.0,2.0,4.0,15.0,29.0,240.0,1,0.0625
117104.0,15.0,1.0,4.7,39.0,37.0,282.0,1,0.13829787234042554
117105.0,14.0,2.0,4.5,18.0,8.0,270.0,1,0.06666666666666667
117107.0,77.0,1.0,3.9,20.0,169.0,234.0,2,0.08547008547008547
117108.0,69.0,1.0,4.7,24.0,15.0,282.0,1,0.0851063829787234
117114.0,35.0,2.0,4.4,33.0,32.0,264.0,1,0.125
117116.0,21.0,2.0,3.7,20.0,30.0,222.0,1,0.09009009009009009
117117.0,68.0,2.0,3.6,11.0,17.0,216.0,1,0.05092592592592592
117118.0,35.0,2.0,4.3,18.0,21.0,258.0,1,0.06976744186046512
117120.0,59.0,1.0,4.2,31.0,24.0,252.0,1,0.12301587301587301
117122.0,16.0,2.0,4.4,8.0,11.0,264.0,1,0.030303030303030304
117124.0,23.0,2.0,3.6,27.0,21.0,216.0,1,0.125
117126.0,17.0,1.0,4.5,19.0,12.0,270.0,1,0.07037037037037037
117128.0,19.0,1.0,4.3,12.0,13.0,258.0,1,0.046511627906976744
117129.0,23.0,2.0,4.4,9.0,13.0,264.0,1,0.03409090909090909
117130.0,51.0,2.0,4.2,53.0,219.0,252.0,3,0.21031746031746032
117131.0,56.0,2.0,3.9,31.0,33.0,234.0,1,0.13247863247863248
117132.0,66.0,2.0,4.3,17.0,16.0,258.0,1,0.06589147286821706
117133.0,71.0,2.0,4.0,16.0,14.0,240.0,1,0.06666666666666667
117134.0,72.0,1.0,3.9,9.0,11.0,234.0,1,0.038461538461538464
117138.0,57.0,2.0,3.6,14.0,31.0,216.0,1,0.06481481481481481
117139.0,38.0,1.0,4.2,44.0,63.0,252.0,3,0.1746031746031746
117141.0,17.0,2.0,3.9,11.0,18.0,234.0,1,0.04700854700854701
117146.0,34.0,2.0,4.1,22.0,37.0,245.99999999999997,1,0.0894308943089431
117147.0,49.0,2.0,4.5,26.0,117.0,270.0,2,0.0962962962962963
117150.0,64.0,1.0,4.3,54.0,28.0,258.0,2,0.20930232558139536
117153.0,56.0,1.0,4.1,12.0,19.0,245.99999999999997,1,0.04878048780487806
117156.0,22.0,2.0,4.5,11.0,22.0,270.0,1,0.040740740740740744
117158.0,75.0,2.0,3.7,15.0,31.0,222.0,1,0.06756756756756757
117159.0,31.0,2.0,3.8,13.0,12.0,228.0,1,0.05701754385964912
117161.0,67.0,2.0,3.8,12.0,10.0,228.0,1,0.05263157894736842
117164.0,58.0,2.0,4.0,15.0,17.0,240.0,1,0.0625
117165.0,75.0,1.0,3.7,21.0,24.0,222.0,1,0.0945945945945946
117166.0,55.0,1.0,4.4,108.0,95.0,264.0,3,0.4090909090909091
117168.0,44.0,2.0,3.3,20.0,53.0,198.0,2,0.10101010101010101
117170.0,36.0,1.0,4.5,13.0,14.0,270.0,1,0.04814814814814815
117171.0,68.0,1.0,3.9,14.0,16.0,234.0,1,0.05982905982905983
117172.0,21.0,1.0,4.4,15.0,16.0,264.0,1,0.056818181818181816
117173.0,67.0,1.0,3.7,20.0,16.0,222.0,1,0.09009009009009009
117174.0,34.0,2.0,4.2,25.0,21.0,252.0,1,0.0992063492063492
117177.0,19.0,1.0,4.4,25.0,7.0,264.0,1,0.0946969696969697
117178.0,25.0,2.0,3.6,36.0,19.0,216.0,1,0.16666666666666666
117181.0,47.0,2.0,4.0,12.0,8.0,240.0,1,0.05
117182.0,29.0,1.0,4.0,19.0,23.0,240.0,1,0.07916666666666666
117184.0,42.0,2.0,3.9,25.0,14.0,234.0,1,0.10683760683760683
117186.0,26.0,1.0,4.0,17.0,28.0,240.0,1,0.07083333333333333
117187.0,72.0,2.0,4.7,17.0,33.0,282.0,1,0.06028368794326241
117188.0,60.0,1.0,3.9,11.0,10.0,234.0,1,0.04700854700854701
117190.0,32.0,2.0,4.0,11.0,18.0,240.0,1,0.04583333333333333
117191.0,36.0,2.0,4.0,15.0,12.0,240.0,1,0.0625
117192.0,60.0,1.0,3.6,37.0,45.0,216.0,1,0.1712962962962963
117193.0,69.0,2.0,3.9,13.0,14.0,234.0,1,0.05555555555555555
117195.0,26.0,2.0,4.3,18.0,15.0,258.0,1,0.06976744186046512
117196.0,16.0,1.0,4.1,9.0,12.0,245.99999999999997,1,0.03658536585365854
117198.0,36.0,1.0,4.2,32.0,24.0,252.0,1,0.12698412698412698
117200.0,33.0,1.0,4.3,90.0,79.0,258.0,3,0.3488372093023256
117204.0,72.0,2.0,4.2,15.0,13.0,252.0,1,0.05952380952380952
117208.0,62.0,2.0,3.9,17.0,27.0,234.0,1,0.07264957264957266
117209.0,35.0,2.0,4.2,21.0,20.0,252.0,1,0.08333333333333333
117210.0,63.0,2.0,3.8,17.0,17.0,228.0,1,0.07456140350877193
117212.0,30.0,2.0,4.0,15.0,18.0,240.0,1,0.0625
117215.0,32.0,1.0,4.1,56.0,32.0,245.99999999999997,2,0.22764227642276424
117216.0,23.0,2.0,3.4,7.0,12.0,204.0,1,0.03431372549019608
117217.0,73.0,1.0,3.6,20.0,13.0,216.0,1,0.09259259259259259
117219.0,61.0,2.0,3.7,28.0,24.0,222.0,1,0.12612612612612611
117220.0,80.0,1.0,4.5,15.0,24.0,270.0,1,0.05555555555555555
117222.0,67.0,1.0,4.7,11.0,17.0,282.0,1,0.03900709219858156
117224.0,59.0,1.0,4.6,12.0,19.0,276.0,1,0.043478260869565216
117226.0,64.0,2.0,4.4,19.0,19.0,264.0,1,0.07196969696969698
117227.0,18.0,1.0,4.2,11.0,12.0,252.0,1,0.04365079365079365
117228.0,15.0,2.0,4.1,10.0,9.0,245.99999999999997,1,0.04065040650406505
117230.0,65.0,2.0,4.3,11.0,62.0,258.0,2,0.04263565891472868
117231.0,15.0,1.0,4.6,19.0,22.0,276.0,1,0.06884057971014493
117232.0,48.0,1.0,4.4,22.0,21.0,264.0,1,0.08333333333333333
117234.0,62.0,1.0,3.8,18.0,10.0,228.0,1,0.07894736842105263
117235.0,53.0,2.0,3.7,24.0,84.0,222.0,2,0.10810810810810811
117236.0,62.0,1.0,3.6,10.0,14.0,216.0,1,0.046296296296296294
117238.0,53.0,1.0,4.0,21.0,40.0,240.0,1,0.0875
117241.0,51.0,1.0,3.9,22.0,42.0,234.0,1,0.09401709401709402
117242.0,58.0,1.0,3.9,10.0,20.0,234.0,1,0.042735042735042736
117243.0,59.0,2.0,4.3,14.0,9.0,258.0,1,0.05426356589147287
117244.0,44.0,2.0,3.7,22.0,22.0,222.0,1,0.0990990990990991
117245.0,14.0,1.0,4.7,16.0,13.0,282.0,1,0.05673758865248227
117246.0,16.0,2.0,4.6,19.0,23.0,276.0,1,0.06884057971014493
117247.0,12.0,1.0,3.9,11.0,10.0,234.0,1,0.04700854700854701
117248.0,16.0,1.0,4.3,13.0,10.0,258.0,1,0.050387596899224806
117249.0,65.0,2.0,4.0,30.0,65.0,240.0,2,0.125
117250.0,62.0,2.0,4.3,16.0,13.0,258.0,1,0.06201550387596899
117251.0,67.0,1.0,4.2,13.0,14.0,252.0,1,0.051587301587301584
117253.0,63.0,2.0,3.7,12.0,13.0,222.0,1,0.05405405405405406
117259.0,12.0,1.0,4.1,19.0,15.0,245.99999999999997,1,0.07723577235772358
117260.0,62.0,1.0,3.1,5.0,11.0,186.0,1,0.026881720430107527
117261.0,80.0,2.0,4.4,17.0,34.0,264.0,1,0.06439393939393939
117263.0,56.0,1.0,3.6,29.0,17.0,216.0,1,0.13425925925925927
117265.0,75.0,1.0,4.0,15.0,27.0,240.0,1,0.0625
117266.0,79.0,2.0,4.4,26.0,20.0,264.0,1,0.09848484848484848
117268.0,17.0,2.0,4.0,19.0,11.0,240.0,1,0.07916666666666666
117270.0,49.0,2.0,4.1,23.0,20.0,245.99999999999997,1,0.0934959349593496
117272.0,14.0,2.0,4.3,15.0,19.0,258.0,1,0.05813953488372093
117274.0,41.0,1.0,4.2,27.0,37.0,252.0,1,0.10714285714285714
117275.0,63.0,1.0,4.5,16.0,32.0,270.0,1,0.05925925925925926
117278.0,33.0,2.0,4.0,11.0,24.0,240.0,1,0.04583333333333333
117280.0,60.0,2.0,3.6,49.0,86.0,216.0,3,0.22685185185185186
117282.0,41.0,2.0,3.6,15.0,14.0,216.0,1,0.06944444444444445
117283.0,57.0,1.0,4.0,14.0,18.0,240.0,1,0.058333333333333334
117284.0,13.0,1.0,3.9,9.0,10.0,234.0,1,0.038461538461538464
117285.0,28.0,1.0,4.8,27.0,19.0,288.0,1,0.09375
117286.0,46.0,2.0,4.2,14.0,13.0,252.0,1,0.05555555555555555
117287.0,44.0,2.0,3.8,18.0,23.0,228.0,1,0.07894736842105263
117289.0,57.0,2.0,4.7,9.0,21.0,282.0,1,0.031914893617021274
117290.0,45.0,2.0,3.7,16.0,16.0,222.0,1,0.07207207207207207
117291.0,21.0,2.0,4.1,16.0,12.0,245.99999999999997,1,0.06504065040650407
117292.0,80.0,1.0,3.7,14.0,15.0,222.0,1,0.06306306306306306
117293.0,55.0,1.0,4.4,29.0,42.0,264.0,1,0.10984848484848485
117294.0,55.0,1.0,4.1,189.0,215.0,245.99999999999997,3,0.7682926829268294
117295.0,52.0,2.0,3.8,18.0,44.0,228.0,1,0.07894736842105263
117296.0,13.0,2.0,4.2,14.0,10.0,252.0,1,0.05555555555555555
117297.0,52.0,2.0,3.8,15.0,23.0,228.0,1,0.06578947368421052
117298.0,58.0,2.0,3.8,28.0,41.0,228.0,1,0.12280701754385964
117301.0,73.0,2.0,4.3,10.0,19.0,258.0,1,0.03875968992248062
117302.0,63.0,1.0,4.3,19.0,24.0,258.0,1,0.07364341085271318
117305.0,68.0,2.0,3.8,12.0,25.0,228.0,1,0.05263157894736842
117306.0,42.0,2.0,3.9,10.0,9.0,234.0,1,0.042735042735042736
117307.0,62.0,2.0,4.2,29.0,10.0,252.0,1,0.11507936507936507
117308.0,36.0,2.0,3.8,23.0,39.0,228.0,1,0.10087719298245613
117310.0,71.0,1.0,4.3,26.0,40.0,258.0,1,0.10077519379844961
117312.0,78.0,2.0,4.0,10.0,16.0,240.0,1,0.041666666666666664
117313.0,32.0,2.0,3.9,10.0,10.0,234.0,1,0.042735042735042736
117314.0,61.0,1.0,4.1,63.0,78.0,245.99999999999997,3,0.25609756097560976
117315.0,64.0,2.0,4.8,15.0,19.0,288.0,1,0.052083333333333336
117316.0,55.0,2.0,4.2,12.0,26.0,252.0,1,0.047619047619047616
117317.0,12.0,1.0,4.0,9.0,9.0,240.0,1,0.0375
117320.0,34.0,2.0,4.1,12.0,21.0,245.99999999999997,1,0.04878048780487806
117321.0,70.0,2.0,4.2,16.0,22.0,252.0,1,0.06349206349206349
117322.0,80.0,2.0,3.8,16.0,21.0,228.0,1,0.07017543859649122
117328.0,32.0,1.0,3.7,10.0,25.0,222.0,1,0.04504504504504504
117331.0,57.0,1.0,4.1,26.0,56.0,245.99999999999997,2,0.10569105691056911
117334.0,23.0,1.0,4.0,30.0,51.0,240.0,2,0.125
117335.0,66.0,1.0,4.0,21.0,16.0,240.0,1,0.0875
117336.0,43.0,1.0,3.7,17.0,28.0,222.0,1,0.07657657657657657
117337.0,17.0,1.0,4.3,9.0,17.0,258.0,1,0.03488372093023256
117339.0,80.0,1.0,4.2,21.0,56.0,252.0,2,0.08333333333333333
117344.0,15.0,1.0,4.5,28.0,14.0,270.0,1,0.1037037037037037
117345.0,16.0,2.0,4.2,14.0,10.0,252.0,1,0.05555555555555555
117347.0,18.0,1.0,4.4,9.0,12.0,264.0,1,0.03409090909090909
117349.0,80.0,1.0,4.1,8.0,16.0,245.99999999999997,1,0.032520325203252036
117353.0,64.0,1.0,3.5,19.0,24.0,210.0,1,0.09047619047619047
117354.0,80.0,2.0,3.5,14.0,29.0,210.0,1,0.06666666666666667
117356.0,17.0,1.0,3.8,15.0,13.0,228.0,1,0.06578947368421052
117357.0,22.0,2.0,4.5,13.0,16.0,270.0,1,0.04814814814814815
117358.0,36.0,1.0,4.5,26.0,23.0,270.0,1,0.0962962962962963
117359.0,59.0,1.0,4.0,21.0,120.0,240.0,2,0.0875
117361.0,17.0,2.0,4.5,9.0,12.0,270.0,1,0.03333333333333333
117363.0,70.0,2.0,3.3,19.0,16.0,198.0,1,0.09595959595959595
117364.0,37.0,2.0,3.9,19.0,6.0,234.0,1,0.0811965811965812
117365.0,57.0,2.0,3.5,13.0,14.0,210.0,1,0.06190476190476191
117366.0,13.0,2.0,3.9,29.0,15.0,234.0,1,0.12393162393162394
117367.0,16.0,2.0,4.0,19.0,11.0,240.0,1,0.07916666666666666
117368.0,35.0,1.0,4.0,81.0,28.0,240.0,2,0.3375
117370.0,52.0,1.0,3.4,10.0,18.0,204.0,1,0.049019607843137254
117371.0,44.0,2.0,4.4,18.0,19.0,264.0,1,0.06818181818181818
117374.0,57.0,2.0,4.0,13.0,53.0,240.0,2,0.05416666666666667
117375.0,49.0,1.0,3.9,28.0,24.0,234.0,1,0.11965811965811966
117377.0,24.0,2.0,4.3,7.0,3.0,258.0,1,0.027131782945736434
117378.0,17.0,1.0,4.7,15.0,14.0,282.0,1,0.05319148936170213
117379.0,41.0,2.0,4.1,23.0,34.0,245.99999999999997,1,0.0934959349593496
117381.0,16.0,2.0,4.3,9.0,13.0,258.0,1,0.03488372093023256
117383.0,42.0,1.0,3.9,21.0,37.0,234.0,1,0.08974358974358974
117384.0,62.0,2.0,4.1,15.0,10.0,245.99999999999997,1,0.06097560975609757
117385.0,14.0,1.0,5.1,27.0,15.0,306.0,1,0.08823529411764706
117387.0,31.0,2.0,3.7,16.0,18.0,222.0,1,0.07207207207207207
117388.0,36.0,1.0,4.6,53.0,40.0,276.0,2,0.19202898550724637
117389.0,34.0,1.0,4.2,24.0,29.0,252.0,1,0.09523809523809523
117394.0,24.0,2.0,2.7,9.0,13.0,162.0,1,0.05555555555555555
117396.0,14.0,1.0,3.9,9.0,8.0,234.0,1,0.038461538461538464
117398.0,61.0,2.0,3.9,21.0,14.0,234.0,1,0.08974358974358974
117400.0,60.0,1.0,4.5,37.0,61.0,270.0,2,0.13703703703703704
117402.0,58.0,2.0,4.4,25.0,17.0,264.0,1,0.0946969696969697
117404.0,14.0,2.0,4.0,23.0,16.0,240.0,1,0.09583333333333334
117405.0,26.0,1.0,4.2,21.0,17.0,252.0,1,0.08333333333333333
117407.0,19.0,1.0,4.8,12.0,32.0,288.0,1,0.041666666666666664
117409.0,34.0,2.0,4.1,19.0,20.0,245.99999999999997,1,0.07723577235772358
117411.0,72.0,1.0,4.3,36.0,51.0,258.0,2,0.13953488372093023
117412.0,35.0,1.0,4.0,17.0,11.0,240.0,1,0.07083333333333333
117413.0,17.0,1.0,3.8,45.0,16.0,228.0,2,0.19736842105263158
117414.0,63.0,2.0,3.9,53.0,36.0,234.0,2,0.2264957264957265
117418.0,45.0,1.0,3.9,40.0,47.0,234.0,1,0.17094017094017094
117419.0,40.0,1.0,3.9,26.0,13.0,234.0,1,0.1111111111111111
117420.0,65.0,2.0,3.7,16.0,20.0,222.0,1,0.07207207207207207
117421.0,20.0,2.0,3.7,12.0,11.0,222.0,1,0.05405405405405406
117428.0,75.0,2.0,3.9,10.0,10.0,234.0,1,0.042735042735042736
117429.0,41.0,2.0,3.7,11.0,12.0,222.0,1,0.04954954954954955
117431.0,53.0,2.0,3.6,20.0,27.0,216.0,1,0.09259259259259259
117432.0,66.0,2.0,3.8,11.0,11.0,228.0,1,0.04824561403508772
117434.0,20.0,1.0,4.6,66.0,43.0,276.0,2,0.2391304347826087
117435.0,51.0,2.0,4.1,23.0,25.0,245.99999999999997,1,0.0934959349593496
117436.0,76.0,1.0,4.5,20.0,16.0,270.0,1,0.07407407407407407
117437.0,55.0,1.0,4.4,47.0,204.0,264.0,3,0.17803030303030304
117438.0,39.0,1.0,4.1,23.0,21.0,245.99999999999997,1,0.0934959349593496
117440.0,61.0,1.0,4.1,27.0,51.0,245.99999999999997,2,0.10975609756097562
117441.0,80.0,1.0,4.4,19.0,48.0,264.0,1,0.07196969696969698
117442.0,68.0,1.0,3.6,16.0,43.0,216.0,1,0.07407407407407407
117443.0,13.0,2.0,4.3,7.0,7.0,258.0,1,0.027131782945736434
117445.0,56.0,1.0,3.5,7.0,23.0,210.0,1,0.03333333333333333
117447.0,42.0,2.0,3.9,17.0,20.0,234.0,1,0.07264957264957266
117449.0,16.0,2.0,4.4,8.0,9.0,264.0,1,0.030303030303030304
117450.0,56.0,1.0,3.7,34.0,49.0,222.0,2,0.15315315315315314
117452.0,12.0,2.0,4.5,10.0,10.0,270.0,1,0.037037037037037035
117453.0,46.0,2.0,3.3,11.0,32.0,198.0,1,0.05555555555555555
117454.0,56.0,1.0,4.1,23.0,21.0,245.99999999999997,1,0.0934959349593496
117456.0,13.0,1.0,4.4,20.0,26.0,264.0,1,0.07575757575757576
117457.0,16.0,2.0,4.4,9.0,11.0,264.0,1,0.03409090909090909
117458.0,73.0,2.0,4.1,17.0,15.0,245.99999999999997,1,0.06910569105691057
117459.0,15.0,2.0,4.2,11.0,18.0,252.0,1,0.04365079365079365
117460.0,60.0,1.0,4.3,23.0,38.0,258.0,1,0.08914728682170543
117463.0,26.0,1.0,4.1,17.0,30.0,245.99999999999997,1,0.06910569105691057
117464.0,56.0,2.0,4.0,16.0,17.0,240.0,1,0.06666666666666667
117465.0,54.0,2.0,3.9,156.0,570.0,234.0,3,0.6666666666666666
117466.0,23.0,2.0,4.2,11.0,11.0,252.0,1,0.04365079365079365
117467.0,58.0,1.0,3.8,115.0,187.0,228.0,3,0.5043859649122807
117468.0,21.0,2.0,4.0,11.0,8.0,240.0,1,0.04583333333333333
117470.0,23.0,1.0,4.5,8.0,13.0,270.0,1,0.02962962962962963
117471.0,80.0,2.0,3.8,14.0,25.0,228.0,1,0.06140350877192982
117473.0,16.0,1.0,4.0,49.0,28.0,240.0,2,0.20416666666666666
117474.0,18.0,2.0,3.6,11.0,15.0,216.0,1,0.05092592592592592
117475.0,69.0,1.0,4.1,12.0,27.0,245.99999999999997,1,0.04878048780487806
117478.0,80.0,2.0,3.5,13.0,17.0,210.0,1,0.06190476190476191
117479.0,12.0,2.0,4.4,12.0,10.0,264.0,1,0.045454545454545456
117481.0,47.0,1.0,4.2,68.0,40.0,252.0,2,0.2698412698412698
117484.0,19.0,1.0,5.0,10.0,12.0,300.0,1,0.03333333333333333
117485.0,20.0,2.0,4.3,36.0,23.0,258.0,1,0.13953488372093023
117489.0,14.0,1.0,4.1,18.0,25.0,245.99999999999997,1,0.07317073170731708
117491.0,19.0,1.0,4.1,23.0,14.0,245.99999999999997,1,0.0934959349593496
117494.0,71.0,2.0,3.8,13.0,28.0,228.0,1,0.05701754385964912
117496.0,19.0,1.0,4.4,33.0,16.0,264.0,1,0.125
117497.0,55.0,1.0,3.7,41.0,112.0,222.0,3,0.18468468468468469
117498.0,68.0,2.0,4.4,64.0,121.0,264.0,3,0.24242424242424243
117499.0,38.0,2.0,3.9,13.0,17.0,234.0,1,0.05555555555555555
117500.0,22.0,1.0,4.5,48.0,65.0,270.0,3,0.17777777777777778
117501.0,14.0,1.0,4.7,13.0,14.0,282.0,1,0.04609929078014184
117502.0,73.0,2.0,3.9,18.0,11.0,234.0,1,0.07692307692307693
117503.0,16.0,2.0,4.4,19.0,29.0,264.0,1,0.07196969696969698
117504.0,49.0,2.0,3.9,13.0,24.0,234.0,1,0.05555555555555555
117505.0,36.0,2.0,4.4,61.0,62.0,264.0,3,0.23106060606060605
117507.0,65.0,1.0,4.2,17.0,40.0,252.0,1,0.06746031746031746
117509.0,26.0,2.0,3.9,13.0,13.0,234.0,1,0.05555555555555555
117510.0,51.0,2.0,4.5,10.0,11.0,270.0,1,0.037037037037037035
117511.0,53.0,2.0,4.4,24.0,18.0,264.0,1,0.09090909090909091
117513.0,48.0,2.0,3.9,17.0,23.0,234.0,1,0.07264957264957266
117514.0,56.0,2.0,3.9,23.0,12.0,234.0,1,0.09829059829059829
117515.0,16.0,1.0,4.8,11.0,13.0,288.0,1,0.03819444444444445
117517.0,23.0,1.0,4.1,23.0,10.0,245.99999999999997,1,0.0934959349593496
117518.0,50.0,1.0,4.2,27.0,30.0,252.0,1,0.10714285714285714
117523.0,41.0,2.0,4.0,32.0,21.0,240.0,1,0.13333333333333333
117529.0,36.0,1.0,4.2,11.0,8.0,252.0,1,0.04365079365079365
117530.0,25.0,1.0,4.3,16.0,26.0,258.0,1,0.06201550387596899
117531.0,32.0,2.0,3.7,23.0,19.0,222.0,1,0.1036036036036036
117534.0,18.0,2.0,4.0,22.0,18.0,240.0,1,0.09166666666666666
117537.0,61.0,1.0,4.2,28.0,26.0,252.0,1,0.1111111111111111
117540.0,69.0,1.0,4.2,10.0,12.0,252.0,1,0.03968253968253968
117543.0,31.0,2.0,4.3,12.0,13.0,258.0,1,0.046511627906976744
117546.0,75.0,1.0,4.0,13.0,15.0,240.0,1,0.05416666666666667
117548.0,12.0,1.0,4.2,13.0,11.0,252.0,1,0.051587301587301584
117549.0,29.0,1.0,4.2,37.0,14.0,252.0,1,0.14682539682539683
117550.0,12.0,2.0,3.8,57.0,35.0,228.0,2,0.25
117551.0,64.0,1.0,4.5,45.0,22.0,270.0,2,0.16666666666666666
117554.0,75.0,2.0,4.5,15.0,27.0,270.0,1,0.05555555555555555
117556.0,39.0,2.0,3.3,14.0,14.0,198.0,1,0.0707070707070707
117558.0,63.0,2.0,4.4,23.0,30.0,264.0,1,0.08712121212121213
117559.0,48.0,2.0,4.0,9.0,10.0,240.0,1,0.0375
117563.0,16.0,1.0,4.6,11.0,19.0,276.0,1,0.03985507246376811
117566.0,37.0,1.0,4.2,94.0,32.0,252.0,2,0.373015873015873
117570.0,47.0,1.0,4.4,20.0,12.0,264.0,1,0.07575757575757576
117571.0,41.0,2.0,3.5,20.0,18.0,210.0,1,0.09523809523809523
117572.0,14.0,1.0,4.0,12.0,14.0,240.0,1,0.05
117573.0,45.0,1.0,4.4,47.0,96.0,264.0,3,0.17803030303030304
117574.0,46.0,1.0,4.4,21.0,18.0,264.0,1,0.07954545454545454
117575.0,61.0,2.0,4.2,10.0,15.0,252.0,1,0.03968253968253968
117577.0,43.0,1.0,4.6,12.0,41.0,276.0,1,0.043478260869565216
117580.0,65.0,1.0,3.8,12.0,16.0,228.0,1,0.05263157894736842
117581.0,22.0,2.0,4.2,10.0,10.0,252.0,1,0.03968253968253968
117584.0,13.0,2.0,4.4,8.0,11.0,264.0,1,0.030303030303030304
117586.0,18.0,1.0,3.9,29.0,36.0,234.0,1,0.12393162393162394
117587.0,28.0,2.0,3.7,12.0,14.0,222.0,1,0.05405405405405406
117589.0,59.0,2.0,4.5,28.0,34.0,270.0,1,0.1037037037037037
117592.0,31.0,1.0,4.3,45.0,37.0,258.0,2,0.1744186046511628
117595.0,35.0,2.0,2.9,30.0,16.0,174.0,1,0.1724137931034483
117597.0,15.0,1.0,4.6,13.0,16.0,276.0,1,0.04710144927536232
117598.0,70.0,1.0,4.0,19.0,45.0,240.0,1,0.07916666666666666
117599.0,62.0,2.0,3.7,78.0,133.0,222.0,3,0.35135135135135137
117600.0,27.0,2.0,3.9,24.0,7.0,234.0,1,0.10256410256410256
117603.0,24.0,1.0,4.7,18.0,15.0,282.0,1,0.06382978723404255
117604.0,75.0,1.0,4.3,46.0,219.0,258.0,3,0.17829457364341086
117606.0,33.0,2.0,3.9,9.0,20.0,234.0,1,0.038461538461538464
117610.0,23.0,1.0,3.8,10.0,11.0,228.0,1,0.043859649122807015
117613.0,48.0,1.0,4.2,26.0,40.0,252.0,1,0.10317460317460317
117614.0,15.0,1.0,4.7,10.0,9.0,282.0,1,0.03546099290780142
117616.0,63.0,2.0,3.9,23.0,13.0,234.0,1,0.09829059829059829
117617.0,46.0,1.0,4.2,18.0,16.0,252.0,1,0.07142857142857142
117621.0,27.0,1.0,4.5,25.0,9.0,270.0,1,0.09259259259259259
117622.0,56.0,2.0,4.5,13.0,16.0,270.0,1,0.04814814814814815
117623.0,60.0,1.0,4.1,25.0,27.0,245.99999999999997,1,0.10162601626016261
117624.0,46.0,1.0,4.0,42.0,35.0,240.0,2,0.175
117625.0,31.0,2.0,4.3,14.0,8.0,258.0,1,0.05426356589147287
117627.0,23.0,1.0,4.4,10.0,14.0,264.0,1,0.03787878787878788
117628.0,39.0,2.0,3.8,65.0,24.0,228.0,2,0.2850877192982456
117629.0,43.0,2.0,4.1,9.0,18.0,245.99999999999997,1,0.03658536585365854
117631.0,72.0,2.0,3.9,17.0,22.0,234.0,1,0.07264957264957266
117632.0,36.0,1.0,4.2,34.0,70.0,252.0,2,0.1349206349206349
117633.0,53.0,2.0,3.6,15.0,20.0,216.0,1,0.06944444444444445
117635.0,65.0,2.0,3.9,7.0,20.0,234.0,1,0.029914529914529916
117637.0,36.0,2.0,3.6,19.0,27.0,216.0,1,0.08796296296296297
117638.0,76.0,2.0,4.3,36.0,35.0,258.0,1,0.13953488372093023
117641.0,23.0,2.0,4.3,21.0,16.0,258.0,1,0.08139534883720931
117643.0,61.0,2.0,4.3,14.0,22.0,258.0,1,0.05426356589147287
117644.0,30.0,2.0,4.2,11.0,15.0,252.0,1,0.04365079365079365
117646.0,27.0,2.0,4.0,15.0,10.0,240.0,1,0.0625
117647.0,32.0,2.0,3.7,31.0,30.0,222.0,1,0.13963963963963963
117648.0,43.0,2.0,3.8,11.0,19.0,228.0,1,0.04824561403508772
117650.0,74.0,2.0,4.0,18.0,18.0,240.0,1,0.075
117651.0,44.0,1.0,4.2,27.0,15.0,252.0,1,0.10714285714285714
117652.0,62.0,1.0,4.3,16.0,36.0,258.0,1,0.06201550387596899
117653.0,52.0,1.0,4.5,34.0,53.0,270.0,2,0.1259259259259259
117654.0,68.0,1.0,4.4,14.0,33.0,264.0,1,0.05303030303030303
117656.0,33.0,1.0,4.4,17.0,20.0,264.0,1,0.06439393939393939
117657.0,55.0,2.0,4.1,25.0,19.0,245.99999999999997,1,0.10162601626016261
117658.0,15.0,2.0,4.0,15.0,12.0,240.0,1,0.0625
117660.0,71.0,2.0,4.4,18.0,28.0,264.0,1,0.06818181818181818
117661.0,17.0,2.0,4.3,10.0,16.0,258.0,1,0.03875968992248062
117662.0,38.0,2.0,4.2,16.0,18.0,252.0,1,0.06349206349206349
117664.0,17.0,2.0,4.6,9.0,16.0,276.0,1,0.03260869565217391
117665.0,66.0,2.0,4.1,26.0,15.0,245.99999999999997,1,0.10569105691056911
117666.0,67.0,2.0,3.4,29.0,59.0,204.0,2,0.14215686274509803
117671.0,48.0,2.0,4.0,14.0,32.0,240.0,1,0.058333333333333334
117672.0,55.0,2.0,3.9,15.0,49.0,234.0,2,0.0641025641025641
117673.0,14.0,1.0,4.8,13.0,14.0,288.0,1,0.04513888888888889
117675.0,80.0,2.0,4.1,15.0,21.0,245.99999999999997,1,0.06097560975609757
117676.0,45.0,2.0,3.7,14.0,24.0,222.0,1,0.06306306306306306
117677.0,38.0,2.0,4.3,9.0,28.0,258.0,1,0.03488372093023256
117678.0,76.0,1.0,4.3,24.0,82.0,258.0,2,0.09302325581395349
117681.0,74.0,2.0,4.1,12.0,20.0,245.99999999999997,1,0.04878048780487806
117682.0,78.0,2.0,4.3,10.0,17.0,258.0,1,0.03875968992248062
117683.0,80.0,2.0,4.4,8.0,13.0,264.0,1,0.030303030303030304
117684.0,16.0,2.0,4.2,9.0,11.0,252.0,1,0.03571428571428571
117685.0,40.0,2.0,3.8,8.0,11.0,228.0,1,0.03508771929824561
117687.0,45.0,2.0,4.1,31.0,32.0,245.99999999999997,1,0.12601626016260165
117688.0,12.0,2.0,4.4,15.0,8.0,264.0,1,0.056818181818181816
117689.0,14.0,2.0,3.5,16.0,24.0,210.0,1,0.0761904761904762
117690.0,39.0,2.0,3.9,10.0,18.0,234.0,1,0.042735042735042736
117692.0,69.0,1.0,3.8,42.0,168.0,228.0,3,0.18421052631578946
117694.0,15.0,1.0,4.2,12.0,11.0,252.0,1,0.047619047619047616
117695.0,66.0,2.0,3.9,25.0,29.0,234.0,1,0.10683760683760683
117697.0,19.0,2.0,4.4,15.0,13.0,264.0,1,0.056818181818181816
117699.0,47.0,2.0,4.1,15.0,30.0,245.99999999999997,1,0.06097560975609757
117700.0,68.0,1.0,3.8,31.0,26.0,228.0,1,0.13596491228070176
117701.0,48.0,1.0,4.4,25.0,18.0,264.0,1,0.0946969696969697
117703.0,73.0,1.0,4.2,17.0,14.0,252.0,1,0.06746031746031746
117704.0,57.0,2.0,3.7,33.0,43.0,222.0,1,0.14864864864864866
117707.0,38.0,2.0,4.2,16.0,19.0,252.0,1,0.06349206349206349
117708.0,71.0,1.0,4.1,14.0,18.0,245.99999999999997,1,0.05691056910569106
117710.0,47.0,1.0,4.0,23.0,18.0,240.0,1,0.09583333333333334
117711.0,60.0,2.0,3.9,10.0,13.0,234.0,1,0.042735042735042736
117712.0,24.0,1.0,4.4,24.0,29.0,264.0,1,0.09090909090909091
117714.0,51.0,2.0,3.8,12.0,14.0,228.0,1,0.05263157894736842
117719.0,18.0,2.0,3.9,23.0,10.0,234.0,1,0.09829059829059829
117720.0,31.0,1.0,4.0,13.0,28.0,240.0,1,0.05416666666666667
117721.0,17.0,1.0,4.2,15.0,12.0,252.0,1,0.05952380952380952
117725.0,28.0,2.0,4.1,6.0,9.0,245.99999999999997,1,0.02439024390243903
117727.0,74.0,2.0,4.8,21.0,29.0,288.0,1,0.07291666666666667
117728.0,72.0,1.0,3.9,19.0,27.0,234.0,1,0.0811965811965812
117729.0,67.0,2.0,4.6,8.0,24.0,276.0,1,0.028985507246376812
117730.0,45.0,2.0,4.0,30.0,84.0,240.0,2,0.125
117732.0,53.0,2.0,3.7,9.0,11.0,222.0,1,0.04054054054054054
117733.0,46.0,1.0,4.3,38.0,45.0,258.0,1,0.14728682170542637
117734.0,67.0,1.0,4.0,25.0,27.0,240.0,1,0.10416666666666667
117735.0,31.0,2.0,4.9,11.0,16.0,294.0,1,0.03741496598639456
117737.0,37.0,1.0,4.6,45.0,57.0,276.0,3,0.16304347826086957
117738.0,25.0,2.0,4.1,20.0,12.0,245.99999999999997,1,0.0813008130081301
117741.0,13.0,2.0,4.0,18.0,9.0,240.0,1,0.075
117743.0,16.0,2.0,4.3,4.0,6.0,258.0,1,0.015503875968992248
117745.0,35.0,1.0,3.9,52.0,28.0,234.0,2,0.2222222222222222
117746.0,66.0,1.0,4.1,21.0,40.0,245.99999999999997,1,0.08536585365853659
117748.0,54.0,1.0,4.2,24.0,76.0,252.0,2,0.09523809523809523
117752.0,33.0,2.0,4.4,16.0,8.0,264.0,1,0.06060606060606061
117753.0,53.0,2.0,4.0,11.0,13.0,240.0,1,0.04583333333333333
117754.0,48.0,2.0,3.9,8.0,8.0,234.0,1,0.03418803418803419
117755.0,53.0,1.0,4.2,18.0,25.0,252.0,1,0.07142857142857142
117756.0,17.0,2.0,4.5,11.0,12.0,270.0,1,0.040740740740740744
117757.0,13.0,1.0,4.5,14.0,16.0,270.0,1,0.05185185185185185
117761.0,19.0,1.0,4.5,33.0,15.0,270.0,1,0.12222222222222222
117764.0,14.0,2.0,4.4,5.0,12.0,264.0,1,0.01893939393939394
117765.0,17.0,1.0,4.9,10.0,24.0,294.0,1,0.034013605442176874
117766.0,19.0,1.0,4.4,31.0,9.0,264.0,1,0.11742424242424243
117767.0,66.0,1.0,4.5,31.0,30.0,270.0,1,0.11481481481481481
117768.0,38.0,1.0,4.2,15.0,22.0,252.0,1,0.05952380952380952
117770.0,12.0,2.0,3.9,13.0,13.0,234.0,1,0.05555555555555555
117771.0,70.0,1.0,4.6,13.0,27.0,276.0,1,0.04710144927536232
117773.0,19.0,1.0,4.8,14.0,19.0,288.0,1,0.04861111111111111
117774.0,28.0,1.0,4.1,28.0,15.0,245.99999999999997,1,0.11382113821138212
117775.0,49.0,1.0,3.9,13.0,20.0,234.0,1,0.05555555555555555
117777.0,41.0,2.0,4.7,14.0,18.0,282.0,1,0.04964539007092199
117778.0,44.0,2.0,4.3,9.0,12.0,258.0,1,0.03488372093023256
117780.0,55.0,1.0,3.8,19.0,14.0,228.0,1,0.08333333333333333
117784.0,80.0,1.0,4.1,13.0,17.0,245.99999999999997,1,0.052845528455284556
117785.0,39.0,2.0,4.4,13.0,25.0,264.0,1,0.04924242424242424
117789.0,69.0,2.0,3.7,56.0,618.0,222.0,3,0.25225225225225223
117791.0,12.0,1.0,4.7,15.0,9.0,282.0,1,0.05319148936170213
117792.0,60.0,2.0,4.4,39.0,82.0,264.0,2,0.14772727272727273
117793.0,80.0,2.0,4.0,14.0,14.0,240.0,1,0.058333333333333334
117794.0,80.0,2.0,4.0,15.0,8.0,240.0,1,0.0625
117795.0,31.0,2.0,3.8,15.0,34.0,228.0,1,0.06578947368421052
117800.0,65.0,2.0,4.4,15.0,32.0,264.0,1,0.056818181818181816
117801.0,12.0,2.0,3.7,13.0,5.0,222.0,1,0.05855855855855856
117805.0,16.0,2.0,4.3,8.0,14.0,258.0,1,0.031007751937984496
117806.0,62.0,1.0,3.7,27.0,46.0,222.0,1,0.12162162162162163
117807.0,67.0,2.0,3.9,14.0,14.0,234.0,1,0.05982905982905983
117810.0,27.0,1.0,4.3,19.0,23.0,258.0,1,0.07364341085271318
117811.0,35.0,2.0,4.3,15.0,15.0,258.0,1,0.05813953488372093
117816.0,67.0,1.0,4.0,51.0,71.0,240.0,3,0.2125
117817.0,54.0,2.0,3.8,11.0,11.0,228.0,1,0.04824561403508772
117818.0,59.0,1.0,3.3,13.0,60.0,198.0,2,0.06565656565656566
117820.0,80.0,1.0,4.2,19.0,13.0,252.0,1,0.07539682539682539
117822.0,53.0,1.0,4.3,38.0,28.0,258.0,1,0.14728682170542637
117824.0,38.0,2.0,4.6,56.0,27.0,276.0,2,0.2028985507246377
117826.0,61.0,2.0,4.0,26.0,54.0,240.0,2,0.10833333333333334
117827.0,59.0,2.0,4.3,19.0,15.0,258.0,1,0.07364341085271318
117829.0,59.0,2.0,3.5,17.0,14.0,210.0,1,0.08095238095238096
117832.0,41.0,2.0,4.0,18.0,13.0,240.0,1,0.075
117838.0,34.0,1.0,4.1,14.0,18.0,245.99999999999997,1,0.05691056910569106
117839.0,33.0,1.0,4.4,22.0,42.0,264.0,1,0.08333333333333333
117840.0,35.0,2.0,4.1,7.0,11.0,245.99999999999997,1,0.02845528455284553
117844.0,12.0,1.0,4.4,24.0,12.0,264.0,1,0.09090909090909091
117845.0,61.0,1.0,4.3,21.0,20.0,258.0,1,0.08139534883720931
117847.0,46.0,1.0,4.0,16.0,15.0,240.0,1,0.06666666666666667
117849.0,51.0,2.0,3.8,14.0,13.0,228.0,1,0.06140350877192982
117850.0,40.0,2.0,4.1,26.0,47.0,245.99999999999997,1,0.10569105691056911
117851.0,19.0,2.0,4.4,12.0,6.0,264.0,1,0.045454545454545456
117853.0,43.0,2.0,4.0,16.0,65.0,240.0,2,0.06666666666666667
117856.0,50.0,2.0,4.4,8.0,14.0,264.0,1,0.030303030303030304
117857.0,44.0,2.0,4.1,13.0,10.0,245.99999999999997,1,0.052845528455284556
117858.0,60.0,2.0,3.9,17.0,45.0,234.0,1,0.07264957264957266
117859.0,13.0,1.0,4.3,12.0,13.0,258.0,1,0.046511627906976744
117860.0,30.0,1.0,4.1,10.0,13.0,245.99999999999997,1,0.04065040650406505
117862.0,80.0,1.0,4.1,10.0,28.0,245.99999999999997,1,0.04065040650406505
117864.0,63.0,2.0,3.6,22.0,27.0,216.0,1,0.10185185185185185
117865.0,80.0,1.0,4.2,11.0,26.0,252.0,1,0.04365079365079365
117866.0,51.0,1.0,4.0,51.0,23.0,240.0,2,0.2125
117867.0,48.0,1.0,4.0,33.0,18.0,240.0,1,0.1375
117868.0,18.0,1.0,4.5,25.0,26.0,270.0,1,0.09259259259259259
117869.0,56.0,1.0,4.1,19.0,24.0,245.99999999999997,1,0.07723577235772358
117870.0,29.0,1.0,4.8,12.0,17.0,288.0,1,0.041666666666666664
117873.0,57.0,1.0,3.8,114.0,374.0,228.0,3,0.5
117874.0,14.0,1.0,4.3,28.0,23.0,258.0,1,0.10852713178294573
117875.0,80.0,1.0,4.2,12.0,12.0,252.0,1,0.047619047619047616
117876.0,13.0,1.0,4.8,13.0,11.0,288.0,1,0.04513888888888889
117877.0,41.0,2.0,3.9,8.0,10.0,234.0,1,0.03418803418803419
117878.0,31.0,1.0,3.3,4.0,22.0,198.0,1,0.020202020202020204
117879.0,50.0,1.0,3.8,11.0,13.0,228.0,1,0.04824561403508772
117881.0,46.0,1.0,4.2,15.0,32.0,252.0,1,0.05952380952380952
117882.0,62.0,1.0,4.0,20.0,24.0,240.0,1,0.08333333333333333
117884.0,66.0,2.0,4.0,16.0,14.0,240.0,1,0.06666666666666667
117885.0,41.0,2.0,4.6,22.0,24.0,276.0,1,0.07971014492753623
117886.0,71.0,2.0,4.0,11.0,16.0,240.0,1,0.04583333333333333
117887.0,34.0,1.0,4.2,26.0,33.0,252.0,1,0.10317460317460317
117888.0,24.0,1.0,4.4,16.0,9.0,264.0,1,0.06060606060606061
117890.0,71.0,1.0,4.1,17.0,30.0,245.99999999999997,1,0.06910569105691057
117892.0,14.0,2.0,4.7,17.0,11.0,282.0,1,0.06028368794326241
117893.0,55.0,2.0,4.3,17.0,40.0,258.0,1,0.06589147286821706
117894.0,58.0,1.0,3.9,17.0,21.0,234.0,1,0.07264957264957266
117896.0,15.0,2.0,4.0,33.0,16.0,240.0,1,0.1375
117897.0,22.0,2.0,4.1,29.0,8.0,245.99999999999997,1,0.11788617886178863
117898.0,17.0,1.0,4.1,19.0,12.0,245.99999999999997,1,0.07723577235772358
117899.0,17.0,2.0,4.3,7.0,9.0,258.0,1,0.027131782945736434
117900.0,55.0,1.0,4.1,36.0,37.0,245.99999999999997,1,0.14634146341463417
117901.0,27.0,1.0,4.0,33.0,20.0,240.0,1,0.1375
117903.0,46.0,2.0,3.8,24.0,31.0,228.0,1,0.10526315789473684
117907.0,21.0,2.0,4.1,19.0,20.0,245.99999999999997,1,0.07723577235772358
117909.0,12.0,2.0,4.1,31.0,24.0,245.99999999999997,1,0.12601626016260165
117912.0,64.0,2.0,4.2,27.0,43.0,252.0,1,0.10714285714285714
117913.0,57.0,2.0,4.1,12.0,22.0,245.99999999999997,1,0.04878048780487806
117915.0,48.0,2.0,4.3,12.0,9.0,258.0,1,0.046511627906976744
117916.0,75.0,1.0,4.1,12.0,12.0,245.99999999999997,1,0.04878048780487806
117917.0,68.0,2.0,3.5,13.0,17.0,210.0,1,0.06190476190476191
117918.0,62.0,2.0,3.9,16.0,14.0,234.0,1,0.06837606837606838
117919.0,32.0,1.0,4.7,21.0,26.0,282.0,1,0.07446808510638298
117921.0,14.0,2.0,4.5,13.0,12.0,270.0,1,0.04814814814814815
117922.0,31.0,1.0,4.5,29.0,37.0,270.0,1,0.10740740740740741
117923.0,41.0,2.0,4.1,28.0,47.0,245.99999999999997,1,0.11382113821138212
117925.0,35.0,1.0,3.9,26.0,21.0,234.0,1,0.1111111111111111
117927.0,17.0,1.0,3.7,12.0,14.0,222.0,1,0.05405405405405406
117929.0,58.0,1.0,4.0,25.0,18.0,240.0,1,0.10416666666666667
117931.0,44.0,2.0,4.2,11.0,19.0,252.0,1,0.04365079365079365
117933.0,34.0,1.0,4.0,25.0,14.0,240.0,1,0.10416666666666667
117934.0,80.0,2.0,3.1,8.0,30.0,186.0,1,0.043010752688172046
117935.0,15.0,2.0,4.4,16.0,12.0,264.0,1,0.06060606060606061
117936.0,19.0,2.0,4.7,22.0,16.0,282.0,1,0.07801418439716312
117937.0,29.0,2.0,4.1,31.0,29.0,245.99999999999997,1,0.12601626016260165
117938.0,47.0,1.0,4.3,21.0,29.0,258.0,1,0.08139534883720931
117939.0,46.0,2.0,4.3,13.0,24.0,258.0,1,0.050387596899224806
117941.0,33.0,2.0,4.1,13.0,10.0,245.99999999999997,1,0.052845528455284556
117942.0,36.0,2.0,3.7,10.0,8.0,222.0,1,0.04504504504504504
117946.0,38.0,2.0,4.2,15.0,15.0,252.0,1,0.05952380952380952
117948.0,40.0,1.0,4.8,24.0,42.0,288.0,1,0.08333333333333333
117950.0,59.0,2.0,4.0,15.0,14.0,240.0,1,0.0625
117951.0,80.0,1.0,4.7,17.0,14.0,282.0,1,0.06028368794326241
117953.0,41.0,2.0,3.8,30.0,114.0,228.0,2,0.13157894736842105
117955.0,14.0,1.0,4.2,16.0,21.0,252.0,1,0.06349206349206349
117956.0,14.0,1.0,4.3,11.0,11.0,258.0,1,0.04263565891472868
117957.0,76.0,2.0,3.9,13.0,25.0,234.0,1,0.05555555555555555
117958.0,39.0,1.0,4.4,30.0,20.0,264.0,1,0.11363636363636363
117962.0,80.0,1.0,4.3,11.0,10.0,258.0,1,0.04263565891472868
117964.0,60.0,1.0,4.4,35.0,22.0,264.0,1,0.13257575757575757
117965.0,51.0,1.0,4.4,18.0,168.0,264.0,2,0.06818181818181818
117966.0,26.0,2.0,4.0,38.0,33.0,240.0,1,0.15833333333333333
117968.0,39.0,1.0,4.4,43.0,45.0,264.0,2,0.16287878787878787
117971.0,21.0,2.0,4.0,7.0,7.0,240.0,1,0.029166666666666667
117974.0,39.0,2.0,4.0,25.0,24.0,240.0,1,0.10416666666666667
117975.0,22.0,2.0,3.2,13.0,28.0,192.0,1,0.06770833333333333
117979.0,29.0,1.0,4.5,72.0,57.0,270.0,3,0.26666666666666666
117981.0,24.0,1.0,4.5,16.0,15.0,270.0,1,0.05925925925925926
117984.0,65.0,2.0,4.2,11.0,22.0,252.0,1,0.04365079365079365
117987.0,72.0,1.0,4.1,15.0,17.0,245.99999999999997,1,0.06097560975609757
117989.0,64.0,1.0,4.4,44.0,19.0,264.0,2,0.16666666666666666
117990.0,34.0,2.0,3.7,19.0,19.0,222.0,1,0.08558558558558559
117991.0,47.0,1.0,4.1,16.0,78.0,245.99999999999997,2,0.06504065040650407
117993.0,32.0,2.0,3.9,9.0,11.0,234.0,1,0.038461538461538464
117994.0,69.0,2.0,4.2,19.0,31.0,252.0,1,0.07539682539682539
117996.0,47.0,1.0,4.0,22.0,17.0,240.0,1,0.09166666666666666
117997.0,74.0,2.0,4.0,15.0,13.0,240.0,1,0.0625
117998.0,43.0,1.0,4.5,21.0,15.0,270.0,1,0.07777777777777778
117999.0,52.0,2.0,4.1,7.0,15.0,245.99999999999997,1,0.02845528455284553
118000.0,43.0,2.0,4.0,7.0,12.0,240.0,1,0.029166666666666667
118001.0,75.0,2.0,4.0,12.0,12.0,240.0,1,0.05
118002.0,14.0,2.0,4.4,9.0,7.0,264.0,1,0.03409090909090909
118003.0,80.0,1.0,4.5,27.0,26.0,270.0,1,0.1
118005.0,15.0,1.0,4.2,37.0,40.0,252.0,1,0.14682539682539683
118006.0,19.0,2.0,3.6,9.0,5.0,216.0,1,0.041666666666666664
118008.0,44.0,2.0,4.1,31.0,25.0,245.99999999999997,1,0.12601626016260165
118011.0,13.0,1.0,4.7,14.0,15.0,282.0,1,0.04964539007092199
118013.0,56.0,1.0,4.8,30.0,24.0,288.0,1,0.10416666666666667
118014.0,71.0,1.0,4.0,21.0,11.0,240.0,1,0.0875
118017.0,79.0,2.0,4.0,16.0,15.0,240.0,1,0.06666666666666667
118018.0,31.0,2.0,4.3,17.0,18.0,258.0,1,0.06589147286821706
118019.0,74.0,1.0,3.6,16.0,18.0,216.0,1,0.07407407407407407
118020.0,19.0,1.0,5.0,12.0,10.0,300.0,1,0.04
118021.0,13.0,1.0,4.1,46.0,22.0,245.99999999999997,2,0.1869918699186992
118022.0,60.0,2.0,4.0,19.0,20.0,240.0,1,0.07916666666666666
118023.0,20.0,1.0,4.6,11.0,12.0,276.0,1,0.03985507246376811
118025.0,50.0,2.0,3.6,30.0,26.0,216.0,1,0.1388888888888889
118026.0,80.0,2.0,3.6,15.0,96.0,216.0,2,0.06944444444444445
118029.0,52.0,2.0,4.4,14.0,17.0,264.0,1,0.05303030303030303
118030.0,53.0,2.0,3.8,18.0,16.0,228.0,1,0.07894736842105263
118031.0,59.0,2.0,3.6,18.0,36.0,216.0,1,0.08333333333333333
118032.0,12.0,2.0,4.0,14.0,13.0,240.0,1,0.058333333333333334
118033.0,61.0,2.0,4.2,13.0,20.0,252.0,1,0.051587301587301584
118035.0,49.0,2.0,4.0,38.0,35.0,240.0,1,0.15833333333333333
118036.0,19.0,1.0,4.7,7.0,18.0,282.0,1,0.024822695035460994
118038.0,65.0,2.0,3.7,17.0,19.0,222.0,1,0.07657657657657657
118039.0,66.0,2.0,4.1,20.0,12.0,245.99999999999997,1,0.0813008130081301
118040.0,36.0,2.0,4.1,12.0,18.0,245.99999999999997,1,0.04878048780487806
118042.0,53.0,2.0,4.2,17.0,37.0,252.0,1,0.06746031746031746
118043.0,14.0,1.0,4.1,22.0,20.0,245.99999999999997,1,0.0894308943089431
118044.0,48.0,1.0,4.2,20.0,20.0,252.0,1,0.07936507936507936
118045.0,51.0,1.0,4.5,42.0,74.0,270.0,3,0.15555555555555556
118047.0,80.0,1.0,4.4,16.0,22.0,264.0,1,0.06060606060606061
118049.0,19.0,2.0,4.8,12.0,23.0,288.0,1,0.041666666666666664
118050.0,69.0,1.0,4.3,25.0,21.0,258.0,1,0.09689922480620156
118051.0,75.0,2.0,4.1,20.0,26.0,245.99999999999997,1,0.0813008130081301
118053.0,15.0,1.0,5.2,7.0,13.0,312.0,1,0.022435897435897436
118055.0,53.0,2.0,3.8,13.0,23.0,228.0,1,0.05701754385964912
118056.0,36.0,1.0,4.5,37.0,20.0,270.0,1,0.13703703703703704
118057.0,65.0,1.0,4.0,11.0,10.0,240.0,1,0.04583333333333333
118058.0,50.0,1.0,4.1,23.0,35.0,245.99999999999997,1,0.0934959349593496
118059.0,12.0,1.0,4.4,10.0,11.0,264.0,1,0.03787878787878788
118061.0,69.0,2.0,3.4,15.0,34.0,204.0,1,0.07352941176470588
118063.0,25.0,1.0,4.5,13.0,10.0,270.0,1,0.04814814814814815
118064.0,17.0,1.0,4.6,9.0,20.0,276.0,1,0.03260869565217391
118066.0,19.0,2.0,2.6,167.0,236.0,156.0,3,1.0705128205128205
118067.0,17.0,1.0,3.8,34.0,12.0,228.0,1,0.14912280701754385
118069.0,28.0,2.0,4.4,177.0,89.0,264.0,3,0.6704545454545454
118070.0,15.0,2.0,4.2,15.0,15.0,252.0,1,0.05952380952380952
118071.0,47.0,1.0,4.2,25.0,34.0,252.0,1,0.0992063492063492
118072.0,56.0,2.0,3.9,11.0,22.0,234.0,1,0.04700854700854701
118073.0,72.0,1.0,4.3,17.0,14.0,258.0,1,0.06589147286821706
118074.0,63.0,1.0,3.9,31.0,17.0,234.0,1,0.13247863247863248
118075.0,26.0,2.0,4.3,15.0,11.0,258.0,1,0.05813953488372093
118082.0,57.0,1.0,4.3,12.0,119.0,258.0,2,0.046511627906976744
118083.0,64.0,1.0,4.3,23.0,69.0,258.0,2,0.08914728682170543
118085.0,28.0,1.0,4.8,16.0,18.0,288.0,1,0.05555555555555555
118086.0,39.0,1.0,4.1,41.0,71.0,245.99999999999997,3,0.16666666666666669
118087.0,51.0,1.0,4.5,21.0,30.0,270.0,1,0.07777777777777778
118088.0,35.0,2.0,3.7,20.0,28.0,222.0,1,0.09009009009009009
118091.0,72.0,1.0,4.3,23.0,69.0,258.0,2,0.08914728682170543
118093.0,47.0,1.0,3.7,26.0,43.0,222.0,1,0.11711711711711711
118096.0,19.0,1.0,4.6,10.0,10.0,276.0,1,0.036231884057971016
118102.0,15.0,1.0,4.1,10.0,17.0,245.99999999999997,1,0.04065040650406505
118103.0,54.0,1.0,4.2,15.0,21.0,252.0,1,0.05952380952380952
118104.0,65.0,2.0,3.6,12.0,15.0,216.0,1,0.05555555555555555
118105.0,59.0,2.0,4.2,15.0,50.0,252.0,2,0.05952380952380952
118107.0,39.0,1.0,5.0,38.0,117.0,300.0,2,0.12666666666666668
118108.0,63.0,1.0,3.9,70.0,175.0,234.0,3,0.29914529914529914
118110.0,14.0,1.0,3.9,14.0,18.0,234.0,1,0.05982905982905983
118111.0,54.0,2.0,4.1,43.0,51.0,245.99999999999997,3,0.17479674796747968
118112.0,14.0,1.0,4.5,27.0,12.0,270.0,1,0.1
118114.0,73.0,2.0,4.2,20.0,14.0,252.0,1,0.07936507936507936
118115.0,62.0,1.0,4.3,18.0,31.0,258.0,1,0.06976744186046512
118117.0,33.0,1.0,4.3,19.0,16.0,258.0,1,0.07364341085271318
118118.0,46.0,2.0,3.7,8.0,7.0,222.0,1,0.036036036036036036
118120.0,80.0,2.0,3.7,8.0,11.0,222.0,1,0.036036036036036036
118121.0,58.0,2.0,3.9,21.0,58.0,234.0,2,0.08974358974358974
118122.0,54.0,2.0,4.2,11.0,12.0,252.0,1,0.04365079365079365
118123.0,65.0,2.0,3.8,16.0,22.0,228.0,1,0.07017543859649122
118124.0,61.0,2.0,3.7,25.0,50.0,222.0,2,0.11261261261261261
118125.0,57.0,2.0,4.2,11.0,18.0,252.0,1,0.04365079365079365
118126.0,38.0,1.0,4.2,24.0,20.0,252.0,1,0.09523809523809523
118128.0,56.0,2.0,3.8,17.0,126.0,228.0,2,0.07456140350877193
118130.0,16.0,2.0,4.1,16.0,17.0,245.99999999999997,1,0.06504065040650407
118131.0,43.0,1.0,4.2,19.0,33.0,252.0,1,0.07539682539682539
118133.0,12.0,2.0,4.5,16.0,11.0,270.0,1,0.05925925925925926
118134.0,80.0,1.0,4.6,27.0,22.0,276.0,1,0.09782608695652174
118135.0,49.0,2.0,3.9,24.0,18.0,234.0,1,0.10256410256410256
118136.0,41.0,1.0,4.2,31.0,37.0,252.0,1,0.12301587301587301
118138.0,53.0,2.0,3.9,51.0,24.0,234.0,2,0.21794871794871795
118140.0,54.0,2.0,3.7,8.0,33.0,222.0,1,0.036036036036036036
118142.0,73.0,1.0,3.9,14.0,32.0,234.0,1,0.05982905982905983
118144.0,80.0,2.0,3.2,19.0,11.0,192.0,1,0.09895833333333333
118146.0,80.0,1.0,4.0,11.0,23.0,240.0,1,0.04583333333333333
118147.0,30.0,2.0,4.6,13.0,15.0,276.0,1,0.04710144927536232
118149.0,80.0,1.0,4.5,23.0,32.0,270.0,1,0.08518518518518518
118150.0,60.0,2.0,4.0,16.0,52.0,240.0,2,0.06666666666666667
118154.0,70.0,2.0,3.9,14.0,11.0,234.0,1,0.05982905982905983
118156.0,48.0,2.0,4.3,20.0,13.0,258.0,1,0.07751937984496124
118161.0,60.0,2.0,3.6,13.0,10.0,216.0,1,0.06018518518518518
118162.0,59.0,1.0,4.2,17.0,19.0,252.0,1,0.06746031746031746
118163.0,51.0,1.0,4.2,15.0,23.0,252.0,1,0.05952380952380952
118164.0,49.0,1.0,3.7,21.0,28.0,222.0,1,0.0945945945945946
118165.0,22.0,1.0,4.3,109.0,86.0,258.0,3,0.42248062015503873
118166.0,36.0,1.0,4.5,19.0,15.0,270.0,1,0.07037037037037037
118171.0,30.0,2.0,4.0,12.0,5.0,240.0,1,0.05
118172.0,43.0,2.0,3.6,10.0,14.0,216.0,1,0.046296296296296294
118176.0,18.0,2.0,3.8,12.0,12.0,228.0,1,0.05263157894736842
118178.0,62.0,1.0,3.9,16.0,21.0,234.0,1,0.06837606837606838
118179.0,48.0,2.0,3.6,6.0,9.0,216.0,1,0.027777777777777776
118181.0,17.0,2.0,4.3,16.0,19.0,258.0,1,0.06201550387596899
118182.0,18.0,2.0,3.8,11.0,12.0,228.0,1,0.04824561403508772
118183.0,51.0,1.0,3.9,19.0,35.0,234.0,1,0.0811965811965812
118184.0,38.0,1.0,4.3,30.0,103.0,258.0,2,0.11627906976744186
118185.0,32.0,2.0,3.3,107.0,116.0,198.0,3,0.5404040404040404
118190.0,45.0,1.0,4.4,22.0,24.0,264.0,1,0.08333333333333333
118191.0,34.0,2.0,4.1,7.0,10.0,245.99999999999997,1,0.02845528455284553
118193.0,51.0,1.0,4.3,19.0,19.0,258.0,1,0.07364341085271318
118194.0,74.0,1.0,4.3,15.0,21.0,258.0,1,0.05813953488372093
118197.0,62.0,2.0,3.6,11.0,11.0,216.0,1,0.05092592592592592
118199.0,22.0,2.0,4.3,17.0,50.0,258.0,2,0.06589147286821706
118200.0,13.0,2.0,4.2,15.0,7.0,252.0,1,0.05952380952380952
118201.0,25.0,1.0,4.7,15.0,15.0,282.0,1,0.05319148936170213
118205.0,44.0,2.0,3.7,7.0,8.0,222.0,1,0.03153153153153153
118207.0,80.0,2.0,4.1,31.0,40.0,245.99999999999997,1,0.12601626016260165
118208.0,14.0,1.0,4.3,34.0,51.0,258.0,2,0.13178294573643412
118210.0,53.0,1.0,4.1,15.0,23.0,245.99999999999997,1,0.06097560975609757
118211.0,50.0,2.0,3.7,11.0,21.0,222.0,1,0.04954954954954955
118212.0,17.0,2.0,4.4,14.0,13.0,264.0,1,0.05303030303030303
118216.0,55.0,2.0,4.6,32.0,36.0,276.0,1,0.11594202898550725
118217.0,48.0,1.0,4.0,55.0,40.0,240.0,2,0.22916666666666666
118220.0,39.0,2.0,3.6,9.0,13.0,216.0,1,0.041666666666666664
118221.0,52.0,1.0,4.9,139.0,708.0,294.0,3,0.47278911564625853
118226.0,59.0,2.0,4.7,15.0,13.0,282.0,1,0.05319148936170213
118227.0,29.0,2.0,4.2,9.0,20.0,252.0,1,0.03571428571428571
118228.0,65.0,2.0,4.2,59.0,42.0,252.0,2,0.23412698412698413
118229.0,69.0,1.0,3.9,12.0,15.0,234.0,1,0.05128205128205128
118231.0,34.0,1.0,3.9,31.0,33.0,234.0,1,0.13247863247863248
118232.0,25.0,2.0,3.7,22.0,19.0,222.0,1,0.0990990990990991
118234.0,52.0,1.0,4.3,42.0,41.0,258.0,2,0.16279069767441862
118235.0,23.0,1.0,4.3,21.0,14.0,258.0,1,0.08139534883720931
118237.0,48.0,1.0,4.6,38.0,57.0,276.0,2,0.13768115942028986
118238.0,24.0,1.0,4.1,9.0,26.0,245.99999999999997,1,0.03658536585365854
118239.0,58.0,1.0,4.2,25.0,25.0,252.0,1,0.0992063492063492
118240.0,60.0,2.0,2.9,13.0,43.0,174.0,1,0.07471264367816093
118242.0,76.0,1.0,4.0,29.0,20.0,240.0,1,0.12083333333333333
118243.0,15.0,1.0,4.5,15.0,10.0,270.0,1,0.05555555555555555
118244.0,60.0,2.0,4.2,28.0,19.0,252.0,1,0.1111111111111111
118245.0,21.0,2.0,3.8,29.0,27.0,228.0,1,0.12719298245614036
118246.0,20.0,1.0,4.9,14.0,14.0,294.0,1,0.047619047619047616
118247.0,74.0,2.0,3.4,14.0,12.0,204.0,1,0.06862745098039216
118248.0,61.0,1.0,3.7,18.0,151.0,222.0,2,0.08108108108108109
118250.0,71.0,1.0,4.2,14.0,13.0,252.0,1,0.05555555555555555
118253.0,47.0,2.0,4.5,22.0,19.0,270.0,1,0.08148148148148149
118254.0,63.0,2.0,4.1,27.0,18.0,245.99999999999997,1,0.10975609756097562
118255.0,15.0,2.0,4.0,9.0,13.0,240.0,1,0.0375
118256.0,47.0,1.0,4.6,13.0,16.0,276.0,1,0.04710144927536232
118257.0,32.0,2.0,3.7,13.0,14.0,222.0,1,0.05855855855855856
118258.0,29.0,2.0,4.4,21.0,24.0,264.0,1,0.07954545454545454
118259.0,20.0,2.0,3.9,15.0,12.0,234.0,1,0.0641025641025641
118260.0,12.0,2.0,3.8,10.0,13.0,228.0,1,0.043859649122807015
118262.0,28.0,1.0,4.4,17.0,11.0,264.0,1,0.06439393939393939
118263.0,38.0,2.0,4.8,9.0,8.0,288.0,1,0.03125
118264.0,42.0,1.0,3.8,24.0,24.0,228.0,1,0.10526315789473684
118265.0,36.0,1.0,4.4,8.0,24.0,264.0,1,0.030303030303030304
118266.0,68.0,1.0,4.0,17.0,22.0,240.0,1,0.07083333333333333
118267.0,47.0,2.0,3.7,16.0,22.0,222.0,1,0.07207207207207207
118269.0,40.0,2.0,4.0,10.0,14.0,240.0,1,0.041666666666666664
118271.0,61.0,2.0,3.1,4.0,32.0,186.0,1,0.021505376344086023
118273.0,17.0,2.0,3.9,25.0,11.0,234.0,1,0.10683760683760683
118274.0,43.0,1.0,4.1,34.0,105.0,245.99999999999997,2,0.13821138211382114
118275.0,19.0,1.0,4.8,24.0,15.0,288.0,1,0.08333333333333333
118276.0,31.0,2.0,4.0,20.0,22.0,240.0,1,0.08333333333333333
118279.0,65.0,2.0,4.0,50.0,51.0,240.0,3,0.20833333333333334
118281.0,13.0,2.0,4.0,9.0,14.0,240.0,1,0.0375
118282.0,34.0,1.0,4.5,40.0,15.0,270.0,1,0.14814814814814814
118283.0,37.0,2.0,3.7,14.0,13.0,222.0,1,0.06306306306306306
118284.0,43.0,2.0,4.1,10.0,18.0,245.99999999999997,1,0.04065040650406505
118285.0,70.0,1.0,4.5,33.0,52.0,270.0,2,0.12222222222222222
118286.0,45.0,2.0,3.8,21.0,17.0,228.0,1,0.09210526315789473
118288.0,19.0,1.0,4.4,18.0,26.0,264.0,1,0.06818181818181818
118291.0,19.0,2.0,4.6,21.0,20.0,276.0,1,0.07608695652173914
118292.0,41.0,2.0,4.1,52.0,26.0,245.99999999999997,2,0.21138211382113822
118293.0,61.0,2.0,3.8,10.0,16.0,228.0,1,0.043859649122807015
118295.0,59.0,1.0,4.3,17.0,22.0,258.0,1,0.06589147286821706
118296.0,80.0,2.0,4.1,12.0,13.0,245.99999999999997,1,0.04878048780487806
118297.0,64.0,1.0,4.7,16.0,14.0,282.0,1,0.05673758865248227
118298.0,67.0,1.0,4.1,17.0,26.0,245.99999999999997,1,0.06910569105691057
118299.0,54.0,1.0,3.9,21.0,39.0,234.0,1,0.08974358974358974
118300.0,80.0,1.0,3.9,11.0,14.0,234.0,1,0.04700854700854701
118302.0,41.0,2.0,4.0,30.0,54.0,240.0,2,0.125
118304.0,75.0,2.0,3.7,11.0,10.0,222.0,1,0.04954954954954955
118305.0,77.0,2.0,3.9,17.0,13.0,234.0,1,0.07264957264957266
118306.0,24.0,2.0,4.3,13.0,14.0,258.0,1,0.050387596899224806
118308.0,65.0,1.0,3.9,8.0,20.0,234.0,1,0.03418803418803419
118315.0,29.0,1.0,4.1,13.0,13.0,245.99999999999997,1,0.052845528455284556
118316.0,60.0,2.0,3.9,33.0,30.0,234.0,1,0.14102564102564102
118317.0,33.0,1.0,4.4,69.0,141.0,264.0,3,0.26136363636363635
118319.0,27.0,1.0,4.0,125.0,43.0,240.0,2,0.5208333333333334
118320.0,35.0,2.0,5.0,15.0,11.0,300.0,1,0.05
118322.0,80.0,2.0,3.6,22.0,59.0,216.0,2,0.10185185185185185
118324.0,52.0,2.0,4.1,13.0,13.0,245.99999999999997,1,0.052845528455284556
118325.0,15.0,2.0,3.8,6.0,9.0,228.0,1,0.02631578947368421
118326.0,15.0,2.0,3.8,9.0,12.0,228.0,1,0.039473684210526314
118328.0,77.0,1.0,4.2,16.0,16.0,252.0,1,0.06349206349206349
118329.0,13.0,1.0,4.5,12.0,14.0,270.0,1,0.044444444444444446
118330.0,58.0,1.0,4.7,29.0,37.0,282.0,1,0.10283687943262411
118331.0,74.0,1.0,3.9,17.0,26.0,234.0,1,0.07264957264957266
118332.0,19.0,2.0,3.4,11.0,8.0,204.0,1,0.05392156862745098
118333.0,55.0,1.0,4.5,24.0,19.0,270.0,1,0.08888888888888889
118336.0,71.0,2.0,3.9,16.0,25.0,234.0,1,0.06837606837606838
118337.0,33.0,2.0,4.2,13.0,20.0,252.0,1,0.051587301587301584
118338.0,80.0,2.0,4.4,12.0,26.0,264.0,1,0.045454545454545456
118340.0,34.0,2.0,4.3,26.0,32.0,258.0,1,0.10077519379844961
118342.0,40.0,2.0,4.2,10.0,19.0,252.0,1,0.03968253968253968
118343.0,37.0,1.0,4.3,12.0,12.0,258.0,1,0.046511627906976744
118344.0,45.0,2.0,3.7,21.0,14.0,222.0,1,0.0945945945945946
118346.0,14.0,2.0,4.2,10.0,8.0,252.0,1,0.03968253968253968
118348.0,80.0,2.0,4.1,16.0,31.0,245.99999999999997,1,0.06504065040650407
118349.0,48.0,2.0,3.7,14.0,35.0,222.0,1,0.06306306306306306
118350.0,56.0,2.0,4.3,21.0,14.0,258.0,1,0.08139534883720931
118351.0,61.0,1.0,4.0,27.0,25.0,240.0,1,0.1125
118352.0,62.0,2.0,4.0,26.0,24.0,240.0,1,0.10833333333333334
118355.0,13.0,1.0,4.6,12.0,6.0,276.0,1,0.043478260869565216
118358.0,51.0,1.0,3.9,36.0,20.0,234.0,1,0.15384615384615385
118359.0,23.0,1.0,4.3,16.0,25.0,258.0,1,0.06201550387596899
118360.0,13.0,2.0,4.3,6.0,8.0,258.0,1,0.023255813953488372
118361.0,80.0,2.0,3.7,12.0,24.0,222.0,1,0.05405405405405406
118362.0,80.0,2.0,4.2,11.0,15.0,252.0,1,0.04365079365079365
118363.0,39.0,1.0,4.2,14.0,13.0,252.0,1,0.05555555555555555
118364.0,65.0,1.0,3.4,13.0,17.0,204.0,1,0.06372549019607843
118366.0,13.0,2.0,4.4,16.0,13.0,264.0,1,0.06060606060606061
118367.0,28.0,2.0,3.6,8.0,12.0,216.0,1,0.037037037037037035
118369.0,42.0,2.0,4.1,13.0,34.0,245.99999999999997,1,0.052845528455284556
118370.0,43.0,2.0,4.4,9.0,23.0,264.0,1,0.03409090909090909
118373.0,19.0,2.0,3.5,11.0,9.0,210.0,1,0.05238095238095238
118374.0,28.0,1.0,4.2,28.0,38.0,252.0,1,0.1111111111111111
118375.0,34.0,1.0,3.8,42.0,27.0,228.0,2,0.18421052631578946
118378.0,23.0,2.0,3.9,15.0,10.0,234.0,1,0.0641025641025641
118379.0,14.0,1.0,4.5,11.0,15.0,270.0,1,0.040740740740740744
118380.0,70.0,1.0,3.9,20.0,14.0,234.0,1,0.08547008547008547
118381.0,55.0,2.0,3.9,18.0,14.0,234.0,1,0.07692307692307693
118382.0,80.0,1.0,4.0,20.0,26.0,240.0,1,0.08333333333333333
118383.0,14.0,1.0,3.7,23.0,7.0,222.0,1,0.1036036036036036
118384.0,47.0,1.0,4.4,53.0,194.0,264.0,3,0.20075757575757575
118385.0,39.0,2.0,4.5,13.0,10.0,270.0,1,0.04814814814814815
118386.0,59.0,1.0,3.6,11.0,37.0,216.0,1,0.05092592592592592
118387.0,80.0,1.0,4.0,9.0,7.0,240.0,1,0.0375
118391.0,34.0,2.0,4.1,17.0,15.0,245.99999999999997,1,0.06910569105691057
118392.0,13.0,2.0,3.7,11.0,6.0,222.0,1,0.04954954954954955
118395.0,56.0,2.0,4.1,11.0,33.0,245.99999999999997,1,0.04471544715447155
118396.0,57.0,2.0,4.0,31.0,32.0,240.0,1,0.12916666666666668
118399.0,66.0,1.0,3.7,25.0,96.0,222.0,2,0.11261261261261261
118406.0,42.0,1.0,4.3,11.0,10.0,258.0,1,0.04263565891472868
118407.0,51.0,2.0,3.9,18.0,23.0,234.0,1,0.07692307692307693
118408.0,26.0,1.0,4.1,72.0,72.0,245.99999999999997,3,0.29268292682926833
118409.0,37.0,2.0,3.8,12.0,7.0,228.0,1,0.05263157894736842
118410.0,17.0,2.0,4.1,10.0,9.0,245.99999999999997,1,0.04065040650406505
118411.0,67.0,1.0,4.2,21.0,21.0,252.0,1,0.08333333333333333
118412.0,68.0,2.0,4.3,24.0,11.0,258.0,1,0.09302325581395349
118414.0,65.0,1.0,4.6,36.0,66.0,276.0,2,0.13043478260869565
118416.0,80.0,2.0,4.1,10.0,14.0,245.99999999999997,1,0.04065040650406505
118418.0,56.0,1.0,4.2,12.0,14.0,252.0,1,0.047619047619047616
118419.0,31.0,2.0,4.4,13.0,31.0,264.0,1,0.04924242424242424
118423.0,41.0,2.0,4.0,38.0,21.0,240.0,1,0.15833333333333333
118425.0,80.0,2.0,3.9,25.0,11.0,234.0,1,0.10683760683760683
118432.0,19.0,1.0,4.2,19.0,13.0,252.0,1,0.07539682539682539
118433.0,48.0,1.0,4.0,24.0,17.0,240.0,1,0.1
118435.0,61.0,2.0,4.0,13.0,24.0,240.0,1,0.05416666666666667
118436.0,64.0,1.0,3.9,54.0,122.0,234.0,3,0.23076923076923078
118437.0,66.0,1.0,4.2,22.0,22.0,252.0,1,0.0873015873015873
118439.0,78.0,2.0,4.0,18.0,55.0,240.0,2,0.075
118440.0,14.0,2.0,4.3,7.0,16.0,258.0,1,0.027131782945736434
118442.0,27.0,1.0,3.9,20.0,31.0,234.0,1,0.08547008547008547
118445.0,26.0,2.0,3.7,10.0,12.0,222.0,1,0.04504504504504504
118449.0,58.0,1.0,4.1,20.0,45.0,245.99999999999997,1,0.0813008130081301
118450.0,21.0,1.0,4.8,21.0,26.0,288.0,1,0.07291666666666667
118451.0,32.0,1.0,4.0,39.0,43.0,240.0,1,0.1625
118452.0,63.0,2.0,4.1,14.0,25.0,245.99999999999997,1,0.05691056910569106
118454.0,19.0,2.0,4.3,13.0,11.0,258.0,1,0.050387596899224806
118457.0,80.0,1.0,4.0,10.0,8.0,240.0,1,0.041666666666666664
118458.0,65.0,2.0,4.1,15.0,10.0,245.99999999999997,1,0.06097560975609757
118459.0,80.0,1.0,4.3,12.0,58.0,258.0,2,0.046511627906976744
118460.0,35.0,1.0,4.4,21.0,23.0,264.0,1,0.07954545454545454
118462.0,50.0,1.0,4.2,23.0,23.0,252.0,1,0.09126984126984126
118463.0,62.0,1.0,3.7,19.0,18.0,222.0,1,0.08558558558558559
118464.0,59.0,2.0,3.9,16.0,24.0,234.0,1,0.06837606837606838
118465.0,18.0,1.0,4.8,11.0,15.0,288.0,1,0.03819444444444445
118466.0,80.0,1.0,3.5,47.0,87.0,210.0,3,0.22380952380952382
118468.0,18.0,1.0,4.6,8.0,12.0,276.0,1,0.028985507246376812
118471.0,61.0,1.0,3.9,30.0,52.0,234.0,2,0.1282051282051282
118472.0,16.0,1.0,4.4,14.0,21.0,264.0,1,0.05303030303030303
118476.0,42.0,1.0,4.0,23.0,31.0,240.0,1,0.09583333333333334
118478.0,63.0,1.0,4.5,29.0,30.0,270.0,1,0.10740740740740741
118479.0,68.0,1.0,4.2,16.0,19.0,252.0,1,0.06349206349206349
118480.0,47.0,1.0,3.8,17.0,14.0,228.0,1,0.07456140350877193
118482.0,38.0,2.0,3.7,16.0,19.0,222.0,1,0.07207207207207207
118484.0,54.0,1.0,4.1,17.0,19.0,245.99999999999997,1,0.06910569105691057
118486.0,20.0,1.0,4.3,24.0,35.0,258.0,1,0.09302325581395349
118488.0,35.0,2.0,3.5,11.0,17.0,210.0,1,0.05238095238095238
118489.0,57.0,2.0,3.6,11.0,13.0,216.0,1,0.05092592592592592
118491.0,72.0,1.0,4.4,16.0,23.0,264.0,1,0.06060606060606061
118492.0,33.0,1.0,4.1,32.0,44.0,245.99999999999997,1,0.13008130081300814
118494.0,44.0,2.0,3.7,20.0,6.0,222.0,1,0.09009009009009009
118495.0,31.0,2.0,3.7,11.0,21.0,222.0,1,0.04954954954954955
118496.0,57.0,1.0,4.0,38.0,26.0,240.0,1,0.15833333333333333
118497.0,15.0,1.0,4.1,21.0,9.0,245.99999999999997,1,0.08536585365853659
118500.0,57.0,1.0,4.3,23.0,24.0,258.0,1,0.08914728682170543
118502.0,12.0,1.0,4.0,11.0,16.0,240.0,1,0.04583333333333333
118503.0,33.0,2.0,4.2,13.0,17.0,252.0,1,0.051587301587301584
118504.0,25.0,1.0,4.0,18.0,23.0,240.0,1,0.075
118505.0,65.0,2.0,4.5,16.0,28.0,270.0,1,0.05925925925925926
118507.0,15.0,1.0,4.4,23.0,19.0,264.0,1,0.08712121212121213
118511.0,14.0,1.0,4.3,10.0,19.0,258.0,1,0.03875968992248062
118512.0,52.0,1.0,3.9,55.0,33.0,234.0,2,0.23504273504273504
118513.0,80.0,2.0,3.7,12.0,18.0,222.0,1,0.05405405405405406
118514.0,48.0,2.0,4.2,29.0,36.0,252.0,1,0.11507936507936507
118515.0,76.0,1.0,4.3,18.0,16.0,258.0,1,0.06976744186046512
118516.0,17.0,1.0,4.4,16.0,28.0,264.0,1,0.06060606060606061
118517.0,16.0,2.0,3.8,8.0,11.0,228.0,1,0.03508771929824561
118518.0,39.0,2.0,3.8,7.0,21.0,228.0,1,0.03070175438596491
118520.0,64.0,2.0,4.3,9.0,17.0,258.0,1,0.03488372093023256
118521.0,55.0,2.0,3.9,17.0,10.0,234.0,1,0.07264957264957266
118522.0,71.0,2.0,3.9,17.0,28.0,234.0,1,0.07264957264957266
118523.0,54.0,2.0,3.8,16.0,29.0,228.0,1,0.07017543859649122
118525.0,69.0,1.0,4.2,27.0,26.0,252.0,1,0.10714285714285714
118526.0,17.0,1.0,4.3,38.0,20.0,258.0,1,0.14728682170542637
118528.0,34.0,1.0,4.0,13.0,13.0,240.0,1,0.05416666666666667
118530.0,25.0,1.0,4.8,19.0,11.0,288.0,1,0.06597222222222222
118532.0,80.0,1.0,4.5,13.0,10.0,270.0,1,0.04814814814814815
118533.0,68.0,1.0,4.1,20.0,17.0,245.99999999999997,1,0.0813008130081301
118534.0,14.0,2.0,4.1,12.0,12.0,245.99999999999997,1,0.04878048780487806
118536.0,61.0,2.0,3.9,12.0,23.0,234.0,1,0.05128205128205128
118537.0,25.0,1.0,3.8,19.0,14.0,228.0,1,0.08333333333333333
118539.0,28.0,1.0,4.2,33.0,28.0,252.0,1,0.13095238095238096
118541.0,46.0,1.0,3.9,27.0,30.0,234.0,1,0.11538461538461539
118544.0,33.0,2.0,4.4,36.0,18.0,264.0,1,0.13636363636363635
118548.0,37.0,1.0,4.1,14.0,16.0,245.99999999999997,1,0.05691056910569106
118550.0,24.0,1.0,4.4,16.0,22.0,264.0,1,0.06060606060606061
118552.0,39.0,1.0,4.0,26.0,84.0,240.0,2,0.10833333333333334
118553.0,57.0,2.0,3.9,10.0,8.0,234.0,1,0.042735042735042736
118554.0,40.0,2.0,4.1,16.0,19.0,245.99999999999997,1,0.06504065040650407
118556.0,63.0,1.0,4.2,18.0,24.0,252.0,1,0.07142857142857142
118558.0,14.0,1.0,4.4,10.0,17.0,264.0,1,0.03787878787878788
118561.0,55.0,2.0,4.1,31.0,37.0,245.99999999999997,1,0.12601626016260165
118563.0,57.0,1.0,4.1,21.0,31.0,245.99999999999997,1,0.08536585365853659
118564.0,80.0,1.0,3.7,15.0,29.0,222.0,1,0.06756756756756757
118565.0,53.0,2.0,3.7,22.0,11.0,222.0,1,0.0990990990990991
118569.0,61.0,1.0,3.6,16.0,40.0,216.0,1,0.07407407407407407
118570.0,16.0,2.0,4.3,11.0,10.0,258.0,1,0.04263565891472868
118571.0,77.0,2.0,4.6,18.0,26.0,276.0,1,0.06521739130434782
118573.0,57.0,2.0,4.4,24.0,38.0,264.0,1,0.09090909090909091
118575.0,42.0,2.0,4.5,28.0,26.0,270.0,1,0.1037037037037037
118576.0,50.0,1.0,4.2,17.0,32.0,252.0,1,0.06746031746031746
118577.0,80.0,2.0,3.5,11.0,15.0,210.0,1,0.05238095238095238
118578.0,53.0,1.0,4.3,16.0,13.0,258.0,1,0.06201550387596899
118579.0,72.0,1.0,3.8,18.0,164.0,228.0,2,0.07894736842105263
118580.0,25.0,2.0,4.3,12.0,4.0,258.0,1,0.046511627906976744
118581.0,71.0,1.0,3.9,16.0,42.0,234.0,1,0.06837606837606838
118582.0,29.0,2.0,4.5,14.0,14.0,270.0,1,0.05185185185185185
118585.0,80.0,2.0,3.7,9.0,16.0,222.0,1,0.04054054054054054
118586.0,37.0,2.0,3.4,15.0,12.0,204.0,1,0.07352941176470588
118588.0,60.0,1.0,3.8,31.0,37.0,228.0,1,0.13596491228070176
118589.0,70.0,2.0,3.9,6.0,8.0,234.0,1,0.02564102564102564
118592.0,54.0,2.0,4.4,13.0,13.0,264.0,1,0.04924242424242424
118594.0,20.0,1.0,4.3,52.0,46.0,258.0,2,0.20155038759689922
118595.0,71.0,2.0,4.0,31.0,23.0,240.0,1,0.12916666666666668
118596.0,80.0,2.0,4.1,9.0,10.0,245.99999999999997,1,0.03658536585365854
118597.0,28.0,2.0,4.1,21.0,19.0,245.99999999999997,1,0.08536585365853659
118598.0,52.0,2.0,3.5,13.0,55.0,210.0,2,0.06190476190476191
118599.0,69.0,1.0,3.8,16.0,25.0,228.0,1,0.07017543859649122
118600.0,35.0,1.0,4.6,38.0,14.0,276.0,1,0.13768115942028986
118601.0,55.0,2.0,4.0,23.0,22.0,240.0,1,0.09583333333333334
118602.0,69.0,2.0,3.7,19.0,14.0,222.0,1,0.08558558558558559
118604.0,58.0,2.0,3.6,35.0,137.0,216.0,2,0.16203703703703703
118605.0,18.0,1.0,4.7,12.0,15.0,282.0,1,0.0425531914893617
118606.0,32.0,2.0,3.0,6.0,7.0,180.0,1,0.03333333333333333
118607.0,48.0,1.0,3.8,37.0,55.0,228.0,2,0.16228070175438597
118609.0,53.0,2.0,4.1,60.0,74.0,245.99999999999997,3,0.24390243902439027
118610.0,59.0,1.0,4.3,24.0,32.0,258.0,1,0.09302325581395349
118611.0,59.0,2.0,4.2,26.0,24.0,252.0,1,0.10317460317460317
118612.0,33.0,2.0,4.2,11.0,22.0,252.0,1,0.04365079365079365
118613.0,12.0,1.0,4.3,14.0,13.0,258.0,1,0.05426356589147287
118614.0,66.0,2.0,4.0,17.0,27.0,240.0,1,0.07083333333333333
118616.0,37.0,1.0,4.1,21.0,21.0,245.99999999999997,1,0.08536585365853659
118618.0,57.0,2.0,3.7,13.0,18.0,222.0,1,0.05855855855855856
118620.0,77.0,2.0,4.0,21.0,16.0,240.0,1,0.0875
118621.0,46.0,2.0,4.3,6.0,6.0,258.0,1,0.023255813953488372
118622.0,69.0,2.0,4.1,11.0,39.0,245.99999999999997,1,0.04471544715447155
118623.0,80.0,1.0,4.4,13.0,60.0,264.0,2,0.04924242424242424
118624.0,26.0,1.0,4.7,11.0,24.0,282.0,1,0.03900709219858156
118625.0,12.0,2.0,4.3,8.0,9.0,258.0,1,0.031007751937984496
118626.0,12.0,1.0,4.5,13.0,8.0,270.0,1,0.04814814814814815
118628.0,44.0,2.0,3.6,26.0,7.0,216.0,1,0.12037037037037036
118629.0,24.0,1.0,4.3,23.0,21.0,258.0,1,0.08914728682170543
118633.0,59.0,1.0,4.3,45.0,73.0,258.0,3,0.1744186046511628
118634.0,74.0,2.0,3.9,12.0,9.0,234.0,1,0.05128205128205128
118636.0,60.0,2.0,4.4,52.0,60.0,264.0,3,0.19696969696969696
118638.0,70.0,2.0,4.2,18.0,25.0,252.0,1,0.07142857142857142
118640.0,56.0,1.0,4.3,28.0,27.0,258.0,1,0.10852713178294573
118641.0,28.0,2.0,3.8,11.0,15.0,228.0,1,0.04824561403508772
118642.0,14.0,2.0,4.5,11.0,7.0,270.0,1,0.040740740740740744
118643.0,50.0,2.0,3.7,11.0,10.0,222.0,1,0.04954954954954955
118644.0,16.0,1.0,4.2,56.0,26.0,252.0,2,0.2222222222222222
118645.0,16.0,1.0,4.1,12.0,13.0,245.99999999999997,1,0.04878048780487806
118648.0,47.0,1.0,4.6,67.0,43.0,276.0,2,0.2427536231884058
118650.0,39.0,1.0,4.0,29.0,29.0,240.0,1,0.12083333333333333
118651.0,51.0,2.0,4.0,12.0,9.0,240.0,1,0.05
118654.0,28.0,1.0,4.6,23.0,34.0,276.0,1,0.08333333333333333
118655.0,58.0,2.0,3.7,23.0,26.0,222.0,1,0.1036036036036036
118656.0,64.0,1.0,3.2,15.0,20.0,192.0,1,0.078125
118658.0,30.0,1.0,3.9,24.0,26.0,234.0,1,0.10256410256410256
118659.0,80.0,1.0,4.4,14.0,19.0,264.0,1,0.05303030303030303
118662.0,70.0,2.0,4.4,19.0,42.0,264.0,1,0.07196969696969698
118663.0,26.0,1.0,4.2,27.0,16.0,252.0,1,0.10714285714285714
118665.0,70.0,1.0,4.1,35.0,25.0,245.99999999999997,1,0.14227642276422767
118667.0,15.0,2.0,4.2,14.0,12.0,252.0,1,0.05555555555555555
118669.0,38.0,2.0,4.1,14.0,65.0,245.99999999999997,2,0.05691056910569106
118673.0,25.0,2.0,4.4,13.0,14.0,264.0,1,0.04924242424242424
118675.0,59.0,1.0,4.3,21.0,16.0,258.0,1,0.08139534883720931
118676.0,52.0,1.0,3.8,31.0,38.0,228.0,1,0.13596491228070176
118678.0,78.0,2.0,4.0,23.0,17.0,240.0,1,0.09583333333333334
118679.0,44.0,2.0,4.4,25.0,26.0,264.0,1,0.0946969696969697
118681.0,65.0,1.0,4.2,15.0,20.0,252.0,1,0.05952380952380952
118682.0,40.0,2.0,4.1,13.0,16.0,245.99999999999997,1,0.052845528455284556
118684.0,71.0,2.0,4.6,14.0,11.0,276.0,1,0.050724637681159424
118687.0,53.0,2.0,3.8,24.0,17.0,228.0,1,0.10526315789473684
118688.0,73.0,2.0,3.5,23.0,9.0,210.0,1,0.10952380952380952
118690.0,80.0,1.0,4.2,10.0,16.0,252.0,1,0.03968253968253968
118692.0,65.0,1.0,4.1,27.0,42.0,245.99999999999997,1,0.10975609756097562
118693.0,51.0,1.0,3.8,20.0,15.0,228.0,1,0.08771929824561403
118694.0,15.0,1.0,4.2,15.0,19.0,252.0,1,0.05952380952380952
118696.0,27.0,1.0,4.1,14.0,11.0,245.99999999999997,1,0.05691056910569106
118697.0,42.0,2.0,4.3,13.0,14.0,258.0,1,0.050387596899224806
118698.0,19.0,1.0,4.5,34.0,16.0,270.0,1,0.1259259259259259
118699.0,65.0,2.0,3.9,16.0,20.0,234.0,1,0.06837606837606838
118701.0,45.0,2.0,3.6,9.0,13.0,216.0,1,0.041666666666666664
118706.0,38.0,2.0,3.7,17.0,26.0,222.0,1,0.07657657657657657
118711.0,34.0,2.0,4.1,15.0,15.0,245.99999999999997,1,0.06097560975609757
118712.0,23.0,1.0,3.9,159.0,136.0,234.0,3,0.6794871794871795
118713.0,54.0,1.0,4.2,21.0,62.0,252.0,2,0.08333333333333333
118714.0,71.0,2.0,4.1,12.0,15.0,245.99999999999997,1,0.04878048780487806
118715.0,12.0,2.0,4.5,9.0,11.0,270.0,1,0.03333333333333333
118717.0,14.0,2.0,4.1,11.0,12.0,245.99999999999997,1,0.04471544715447155
118718.0,24.0,1.0,4.0,39.0,34.0,240.0,1,0.1625
118719.0,23.0,1.0,4.0,10.0,17.0,240.0,1,0.041666666666666664
118720.0,17.0,1.0,3.6,25.0,22.0,216.0,1,0.11574074074074074
118721.0,70.0,2.0,3.7,10.0,19.0,222.0,1,0.04504504504504504
118722.0,62.0,2.0,3.9,19.0,20.0,234.0,1,0.0811965811965812
118723.0,44.0,2.0,4.1,23.0,26.0,245.99999999999997,1,0.0934959349593496
118724.0,62.0,2.0,4.5,16.0,14.0,270.0,1,0.05925925925925926
118725.0,37.0,2.0,4.2,11.0,18.0,252.0,1,0.04365079365079365
118727.0,66.0,2.0,4.1,42.0,11.0,245.99999999999997,2,0.17073170731707318
118728.0,31.0,1.0,4.2,23.0,14.0,252.0,1,0.09126984126984126
118729.0,43.0,2.0,3.6,15.0,12.0,216.0,1,0.06944444444444445
118731.0,67.0,1.0,4.3,16.0,23.0,258.0,1,0.06201550387596899
118732.0,51.0,2.0,3.9,14.0,10.0,234.0,1,0.05982905982905983
118734.0,37.0,1.0,3.8,26.0,25.0,228.0,1,0.11403508771929824
118735.0,80.0,2.0,4.0,15.0,17.0,240.0,1,0.0625
118736.0,66.0,2.0,4.3,14.0,14.0,258.0,1,0.05426356589147287
118737.0,26.0,2.0,4.2,16.0,10.0,252.0,1,0.06349206349206349
118738.0,42.0,2.0,3.6,10.0,15.0,216.0,1,0.046296296296296294
118740.0,56.0,1.0,4.1,15.0,15.0,245.99999999999997,1,0.06097560975609757
118742.0,80.0,2.0,3.6,13.0,7.0,216.0,1,0.06018518518518518
118743.0,80.0,2.0,3.7,16.0,17.0,222.0,1,0.07207207207207207
118744.0,14.0,1.0,4.5,17.0,18.0,270.0,1,0.06296296296296296
118745.0,32.0,1.0,3.9,17.0,44.0,234.0,1,0.07264957264957266
118746.0,21.0,2.0,4.1,15.0,16.0,245.99999999999997,1,0.06097560975609757
118748.0,31.0,1.0,4.9,10.0,12.0,294.0,1,0.034013605442176874
118750.0,22.0,1.0,3.5,23.0,13.0,210.0,1,0.10952380952380952
118752.0,37.0,2.0,4.2,58.0,54.0,252.0,3,0.23015873015873015
118753.0,71.0,1.0,4.5,19.0,21.0,270.0,1,0.07037037037037037
118754.0,14.0,1.0,5.2,22.0,21.0,312.0,1,0.07051282051282051
118755.0,65.0,1.0,4.1,11.0,22.0,245.99999999999997,1,0.04471544715447155
118756.0,29.0,2.0,4.5,24.0,9.0,270.0,1,0.08888888888888889
118757.0,13.0,2.0,4.2,9.0,9.0,252.0,1,0.03571428571428571
118758.0,80.0,1.0,4.1,20.0,26.0,245.99999999999997,1,0.0813008130081301
118759.0,34.0,2.0,4.1,16.0,21.0,245.99999999999997,1,0.06504065040650407
118762.0,34.0,2.0,3.6,16.0,46.0,216.0,1,0.07407407407407407
118763.0,16.0,2.0,4.1,19.0,6.0,245.99999999999997,1,0.07723577235772358
118764.0,76.0,2.0,3.4,6.0,12.0,204.0,1,0.029411764705882353
118766.0,37.0,2.0,3.9,11.0,77.0,234.0,2,0.04700854700854701
118767.0,62.0,2.0,3.7,11.0,13.0,222.0,1,0.04954954954954955
118770.0,68.0,1.0,3.7,22.0,93.0,222.0,2,0.0990990990990991
118775.0,56.0,2.0,4.1,15.0,13.0,245.99999999999997,1,0.06097560975609757
118776.0,55.0,1.0,3.9,34.0,127.0,234.0,2,0.1452991452991453
118778.0,77.0,1.0,3.8,23.0,12.0,228.0,1,0.10087719298245613
118781.0,44.0,1.0,4.0,45.0,60.0,240.0,3,0.1875
118783.0,65.0,1.0,4.0,15.0,31.0,240.0,1,0.0625
118784.0,27.0,1.0,3.9,43.0,27.0,234.0,2,0.18376068376068377
118786.0,45.0,1.0,4.1,21.0,26.0,245.99999999999997,1,0.08536585365853659
118789.0,32.0,1.0,4.2,29.0,24.0,252.0,1,0.11507936507936507
118791.0,25.0,2.0,4.1,56.0,36.0,245.99999999999997,2,0.22764227642276424
118792.0,67.0,1.0,3.9,19.0,15.0,234.0,1,0.0811965811965812
118796.0,77.0,1.0,4.2,21.0,20.0,252.0,1,0.08333333333333333
118797.0,18.0,1.0,4.4,9.0,15.0,264.0,1,0.03409090909090909
118798.0,12.0,2.0,4.3,11.0,13.0,258.0,1,0.04263565891472868
118799.0,80.0,1.0,3.7,36.0,69.0,222.0,2,0.16216216216216217
118800.0,22.0,1.0,4.0,42.0,41.0,240.0,2,0.175
118801.0,80.0,2.0,4.2,12.0,11.0,252.0,1,0.047619047619047616
118802.0,39.0,1.0,3.8,17.0,35.0,228.0,1,0.07456140350877193
118803.0,34.0,1.0,4.0,11.0,16.0,240.0,1,0.04583333333333333
118804.0,21.0,1.0,4.2,40.0,15.0,252.0,1,0.15873015873015872
118805.0,56.0,1.0,4.3,37.0,31.0,258.0,1,0.1434108527131783
118809.0,67.0,2.0,3.6,12.0,23.0,216.0,1,0.05555555555555555
118810.0,24.0,1.0,4.4,33.0,36.0,264.0,1,0.125
118811.0,20.0,1.0,4.6,14.0,19.0,276.0,1,0.050724637681159424
118813.0,72.0,1.0,4.2,16.0,20.0,252.0,1,0.06349206349206349
118815.0,50.0,1.0,3.9,22.0,66.0,234.0,2,0.09401709401709402
118816.0,26.0,1.0,4.5,21.0,18.0,270.0,1,0.07777777777777778
118817.0,44.0,2.0,3.6,29.0,55.0,216.0,2,0.13425925925925927
118827.0,43.0,1.0,3.9,22.0,46.0,234.0,1,0.09401709401709402
118828.0,16.0,2.0,4.4,9.0,7.0,264.0,1,0.03409090909090909
118830.0,15.0,2.0,4.6,9.0,9.0,276.0,1,0.03260869565217391
118831.0,38.0,1.0,4.1,34.0,36.0,245.99999999999997,1,0.13821138211382114
118833.0,53.0,2.0,3.6,31.0,166.0,216.0,2,0.14351851851851852
118834.0,41.0,1.0,4.3,22.0,31.0,258.0,1,0.08527131782945736
118836.0,20.0,1.0,4.4,22.0,22.0,264.0,1,0.08333333333333333
118837.0,13.0,1.0,4.5,30.0,20.0,270.0,1,0.1111111111111111
118839.0,58.0,1.0,4.6,32.0,23.0,276.0,1,0.11594202898550725
118840.0,23.0,2.0,4.6,26.0,5.0,276.0,1,0.09420289855072464
118841.0,59.0,1.0,4.4,25.0,52.0,264.0,2,0.0946969696969697
118842.0,80.0,2.0,3.9,16.0,27.0,234.0,1,0.06837606837606838
118843.0,16.0,2.0,4.6,8.0,9.0,276.0,1,0.028985507246376812
118845.0,64.0,1.0,4.3,17.0,49.0,258.0,2,0.06589147286821706
118848.0,17.0,2.0,4.1,11.0,15.0,245.99999999999997,1,0.04471544715447155
118853.0,40.0,2.0,4.0,8.0,10.0,240.0,1,0.03333333333333333
118857.0,67.0,2.0,4.4,22.0,25.0,264.0,1,0.08333333333333333
118858.0,35.0,2.0,4.1,9.0,14.0,245.99999999999997,1,0.03658536585365854
118861.0,65.0,2.0,3.8,11.0,13.0,228.0,1,0.04824561403508772
118863.0,58.0,2.0,4.3,18.0,129.0,258.0,2,0.06976744186046512
118864.0,61.0,2.0,3.9,15.0,61.0,234.0,2,0.0641025641025641
118865.0,18.0,1.0,4.6,13.0,14.0,276.0,1,0.04710144927536232
118866.0,19.0,1.0,4.0,16.0,9.0,240.0,1,0.06666666666666667
118870.0,53.0,2.0,3.3,7.0,10.0,198.0,1,0.03535353535353535
118871.0,63.0,1.0,4.1,14.0,14.0,245.99999999999997,1,0.05691056910569106
118872.0,62.0,1.0,4.0,11.0,14.0,240.0,1,0.04583333333333333
118873.0,69.0,1.0,4.0,23.0,25.0,240.0,1,0.09583333333333334
118875.0,30.0,2.0,3.7,16.0,10.0,222.0,1,0.07207207207207207
118876.0,44.0,1.0,3.8,30.0,32.0,228.0,1,0.13157894736842105
118877.0,59.0,2.0,4.5,8.0,22.0,270.0,1,0.02962962962962963
118879.0,36.0,2.0,4.0,9.0,17.0,240.0,1,0.0375
118883.0,29.0,2.0,4.2,13.0,11.0,252.0,1,0.051587301587301584
118887.0,64.0,2.0,4.2,10.0,13.0,252.0,1,0.03968253968253968
118889.0,58.0,2.0,4.7,40.0,28.0,282.0,1,0.14184397163120568
118890.0,67.0,1.0,4.6,26.0,49.0,276.0,2,0.09420289855072464
118891.0,14.0,1.0,4.7,18.0,13.0,282.0,1,0.06382978723404255
118892.0,15.0,1.0,4.1,13.0,11.0,245.99999999999997,1,0.052845528455284556
118893.0,29.0,1.0,4.5,23.0,25.0,270.0,1,0.08518518518518518
118894.0,52.0,2.0,3.5,11.0,10.0,210.0,1,0.05238095238095238
118895.0,32.0,2.0,4.2,13.0,9.0,252.0,1,0.051587301587301584
118897.0,40.0,1.0,4.1,41.0,43.0,245.99999999999997,2,0.16666666666666669
118899.0,70.0,1.0,4.1,15.0,14.0,245.99999999999997,1,0.06097560975609757
118901.0,36.0,1.0,4.4,19.0,22.0,264.0,1,0.07196969696969698
118902.0,14.0,2.0,4.1,9.0,12.0,245.99999999999997,1,0.03658536585365854
118904.0,36.0,1.0,4.3,20.0,27.0,258.0,1,0.07751937984496124
118905.0,48.0,1.0,3.9,38.0,35.0,234.0,1,0.1623931623931624
118906.0,80.0,1.0,4.1,18.0,20.0,245.99999999999997,1,0.07317073170731708
118908.0,35.0,1.0,4.2,19.0,43.0,252.0,1,0.07539682539682539
118909.0,16.0,2.0,4.0,16.0,21.0,240.0,1,0.06666666666666667
118913.0,47.0,2.0,4.3,10.0,11.0,258.0,1,0.03875968992248062
118914.0,60.0,1.0,4.4,16.0,33.0,264.0,1,0.06060606060606061
118915.0,56.0,2.0,3.9,39.0,54.0,234.0,2,0.16666666666666666
118921.0,59.0,1.0,4.1,24.0,13.0,245.99999999999997,1,0.09756097560975611
118922.0,72.0,2.0,3.9,10.0,20.0,234.0,1,0.042735042735042736
118924.0,49.0,1.0,4.1,23.0,68.0,245.99999999999997,2,0.0934959349593496
118926.0,28.0,2.0,4.2,30.0,621.0,252.0,2,0.11904761904761904
118928.0,12.0,2.0,4.2,10.0,6.0,252.0,1,0.03968253968253968
118929.0,45.0,1.0,4.4,30.0,43.0,264.0,1,0.11363636363636363
118930.0,24.0,2.0,4.3,13.0,8.0,258.0,1,0.050387596899224806
118931.0,80.0,2.0,3.3,9.0,8.0,198.0,1,0.045454545454545456
118932.0,39.0,2.0,3.8,11.0,13.0,228.0,1,0.04824561403508772
118933.0,80.0,1.0,3.6,16.0,11.0,216.0,1,0.07407407407407407
118934.0,15.0,1.0,4.3,12.0,19.0,258.0,1,0.046511627906976744
118935.0,60.0,1.0,3.8,16.0,30.0,228.0,1,0.07017543859649122
118936.0,67.0,1.0,4.2,28.0,33.0,252.0,1,0.1111111111111111
118937.0,69.0,1.0,4.5,19.0,18.0,270.0,1,0.07037037037037037
118938.0,24.0,2.0,4.1,18.0,18.0,245.99999999999997,1,0.07317073170731708
118939.0,42.0,2.0,4.3,14.0,21.0,258.0,1,0.05426356589147287
118942.0,30.0,2.0,4.3,10.0,12.0,258.0,1,0.03875968992248062
118943.0,29.0,1.0,4.5,18.0,18.0,270.0,1,0.06666666666666667
118944.0,51.0,1.0,4.5,19.0,21.0,270.0,1,0.07037037037037037
118946.0,24.0,1.0,4.6,14.0,21.0,276.0,1,0.050724637681159424
118947.0,58.0,2.0,4.0,27.0,14.0,240.0,1,0.1125
118949.0,64.0,2.0,4.2,17.0,66.0,252.0,2,0.06746031746031746
118951.0,45.0,1.0,4.7,15.0,18.0,282.0,1,0.05319148936170213
118952.0,19.0,2.0,3.9,26.0,16.0,234.0,1,0.1111111111111111
118953.0,76.0,2.0,4.0,15.0,16.0,240.0,1,0.0625
118954.0,63.0,2.0,3.9,37.0,46.0,234.0,1,0.1581196581196581
118957.0,64.0,2.0,4.1,23.0,18.0,245.99999999999997,1,0.0934959349593496
118958.0,40.0,1.0,3.9,10.0,16.0,234.0,1,0.042735042735042736
118962.0,71.0,2.0,4.2,27.0,24.0,252.0,1,0.10714285714285714
118967.0,33.0,1.0,4.4,18.0,18.0,264.0,1,0.06818181818181818
118968.0,14.0,1.0,4.3,14.0,7.0,258.0,1,0.05426356589147287
118971.0,58.0,1.0,4.0,30.0,22.0,240.0,1,0.125
118972.0,52.0,2.0,4.1,63.0,16.0,245.99999999999997,2,0.25609756097560976
118976.0,17.0,1.0,4.9,19.0,14.0,294.0,1,0.06462585034013606
118980.0,59.0,2.0,4.2,18.0,26.0,252.0,1,0.07142857142857142
118981.0,18.0,2.0,3.9,15.0,10.0,234.0,1,0.0641025641025641
118982.0,15.0,1.0,4.6,12.0,13.0,276.0,1,0.043478260869565216
118985.0,54.0,1.0,4.1,27.0,20.0,245.99999999999997,1,0.10975609756097562
118986.0,51.0,1.0,4.3,32.0,114.0,258.0,2,0.12403100775193798
118987.0,70.0,2.0,3.8,9.0,14.0,228.0,1,0.039473684210526314
118989.0,53.0,2.0,4.3,17.0,18.0,258.0,1,0.06589147286821706
118990.0,56.0,2.0,3.2,26.0,153.0,192.0,2,0.13541666666666666
118991.0,28.0,1.0,4.3,42.0,171.0,258.0,3,0.16279069767441862
118992.0,51.0,1.0,3.9,34.0,20.0,234.0,1,0.1452991452991453
118994.0,23.0,1.0,4.2,26.0,24.0,252.0,1,0.10317460317460317
118997.0,64.0,1.0,3.6,24.0,200.0,216.0,2,0.1111111111111111
118998.0,13.0,1.0,4.5,15.0,14.0,270.0,1,0.05555555555555555
118999.0,60.0,1.0,4.4,31.0,71.0,264.0,2,0.11742424242424243
119000.0,72.0,1.0,3.8,11.0,16.0,228.0,1,0.04824561403508772
119003.0,12.0,1.0,4.3,13.0,21.0,258.0,1,0.050387596899224806
119005.0,27.0,2.0,4.7,21.0,20.0,282.0,1,0.07446808510638298
119006.0,13.0,1.0,4.6,12.0,12.0,276.0,1,0.043478260869565216
119007.0,47.0,1.0,4.3,18.0,17.0,258.0,1,0.06976744186046512
119008.0,15.0,1.0,4.3,14.0,11.0,258.0,1,0.05426356589147287
119009.0,64.0,2.0,3.9,20.0,55.0,234.0,2,0.08547008547008547
119012.0,17.0,2.0,4.0,23.0,10.0,240.0,1,0.09583333333333334
119013.0,80.0,2.0,3.9,9.0,15.0,234.0,1,0.038461538461538464
119016.0,56.0,1.0,3.4,26.0,39.0,204.0,1,0.12745098039215685
119017.0,65.0,1.0,4.3,31.0,17.0,258.0,1,0.12015503875968993
119018.0,12.0,2.0,4.2,10.0,11.0,252.0,1,0.03968253968253968
119019.0,50.0,1.0,4.1,27.0,28.0,245.99999999999997,1,0.10975609756097562
119022.0,64.0,1.0,4.7,38.0,80.0,282.0,2,0.1347517730496454
119024.0,22.0,1.0,4.5,52.0,127.0,270.0,3,0.1925925925925926
119029.0,42.0,1.0,4.6,24.0,20.0,276.0,1,0.08695652173913043
119030.0,67.0,1.0,4.1,14.0,13.0,245.99999999999997,1,0.05691056910569106
119031.0,76.0,1.0,4.0,24.0,18.0,240.0,1,0.1
119033.0,13.0,1.0,4.1,16.0,13.0,245.99999999999997,1,0.06504065040650407
119034.0,33.0,2.0,4.5,19.0,15.0,270.0,1,0.07037037037037037
119040.0,73.0,2.0,4.1,22.0,18.0,245.99999999999997,1,0.0894308943089431
119041.0,37.0,1.0,3.8,41.0,34.0,228.0,2,0.17982456140350878
119042.0,75.0,1.0,4.3,16.0,8.0,258.0,1,0.06201550387596899
119043.0,49.0,2.0,4.2,17.0,37.0,252.0,1,0.06746031746031746
119044.0,43.0,1.0,4.1,30.0,59.0,245.99999999999997,2,0.12195121951219513
119046.0,12.0,2.0,4.1,8.0,8.0,245.99999999999997,1,0.032520325203252036
119049.0,80.0,2.0,3.6,28.0,31.0,216.0,1,0.12962962962962962
119051.0,17.0,2.0,3.7,8.0,15.0,222.0,1,0.036036036036036036
119052.0,16.0,2.0,4.5,7.0,8.0,270.0,1,0.025925925925925925
119053.0,49.0,2.0,4.3,20.0,8.0,258.0,1,0.07751937984496124
119055.0,61.0,1.0,4.6,13.0,22.0,276.0,1,0.04710144927536232
119056.0,72.0,1.0,4.1,15.0,27.0,245.99999999999997,1,0.06097560975609757
119058.0,78.0,2.0,3.9,15.0,12.0,234.0,1,0.0641025641025641
119059.0,49.0,2.0,4.0,26.0,150.0,240.0,2,0.10833333333333334
119060.0,46.0,1.0,4.1,22.0,15.0,245.99999999999997,1,0.0894308943089431
119061.0,54.0,1.0,4.2,18.0,27.0,252.0,1,0.07142857142857142
119062.0,63.0,1.0,4.1,28.0,25.0,245.99999999999997,1,0.11382113821138212
119064.0,80.0,2.0,4.3,13.0,16.0,258.0,1,0.050387596899224806
119065.0,55.0,2.0,4.0,13.0,26.0,240.0,1,0.05416666666666667
119066.0,24.0,2.0,3.8,14.0,20.0,228.0,1,0.06140350877192982
119067.0,47.0,2.0,4.4,25.0,10.0,264.0,1,0.0946969696969697
119068.0,46.0,1.0,3.7,19.0,23.0,222.0,1,0.08558558558558559
119070.0,25.0,2.0,3.9,13.0,9.0,234.0,1,0.05555555555555555
119073.0,77.0,2.0,3.8,11.0,45.0,228.0,1,0.04824561403508772
119074.0,17.0,1.0,4.4,15.0,18.0,264.0,1,0.056818181818181816
119075.0,56.0,2.0,4.4,17.0,19.0,264.0,1,0.06439393939393939
119076.0,67.0,2.0,3.8,7.0,23.0,228.0,1,0.03070175438596491
119077.0,53.0,1.0,4.2,14.0,19.0,252.0,1,0.05555555555555555
119078.0,77.0,2.0,4.4,18.0,64.0,264.0,2,0.06818181818181818
119080.0,25.0,2.0,4.2,23.0,13.0,252.0,1,0.09126984126984126
119081.0,23.0,1.0,4.6,13.0,11.0,276.0,1,0.04710144927536232
119082.0,72.0,1.0,4.2,20.0,51.0,252.0,2,0.07936507936507936
119083.0,63.0,2.0,4.0,21.0,22.0,240.0,1,0.0875
119085.0,43.0,2.0,4.1,15.0,10.0,245.99999999999997,1,0.06097560975609757
119086.0,36.0,2.0,3.7,10.0,54.0,222.0,2,0.04504504504504504
119089.0,14.0,1.0,4.0,16.0,22.0,240.0,1,0.06666666666666667
119091.0,51.0,1.0,4.1,34.0,32.0,245.99999999999997,1,0.13821138211382114
119092.0,67.0,2.0,4.4,16.0,24.0,264.0,1,0.06060606060606061
119093.0,12.0,2.0,4.5,17.0,9.0,270.0,1,0.06296296296296296
119094.0,51.0,2.0,3.6,17.0,19.0,216.0,1,0.0787037037037037
119095.0,52.0,1.0,4.1,14.0,30.0,245.99999999999997,1,0.05691056910569106
119096.0,47.0,2.0,4.2,8.0,15.0,252.0,1,0.031746031746031744
119097.0,40.0,2.0,3.0,9.0,5.0,180.0,1,0.05
119098.0,32.0,1.0,3.8,18.0,21.0,228.0,1,0.07894736842105263
119099.0,57.0,2.0,3.8,16.0,16.0,228.0,1,0.07017543859649122
119100.0,33.0,2.0,3.5,33.0,26.0,210.0,1,0.15714285714285714
119101.0,68.0,1.0,4.4,27.0,41.0,264.0,1,0.10227272727272728
119102.0,66.0,2.0,4.1,19.0,15.0,245.99999999999997,1,0.07723577235772358
119103.0,19.0,1.0,4.7,20.0,14.0,282.0,1,0.07092198581560284
119104.0,35.0,1.0,3.9,46.0,69.0,234.0,3,0.19658119658119658
119105.0,57.0,1.0,4.3,29.0,26.0,258.0,1,0.1124031007751938
119108.0,74.0,1.0,4.0,7.0,13.0,240.0,1,0.029166666666666667
119109.0,33.0,2.0,4.0,12.0,14.0,240.0,1,0.05
119110.0,14.0,2.0,3.9,12.0,6.0,234.0,1,0.05128205128205128
119112.0,33.0,2.0,2.6,5.0,5.0,156.0,1,0.03205128205128205
119117.0,66.0,1.0,3.8,14.0,36.0,228.0,1,0.06140350877192982
119120.0,14.0,1.0,4.8,33.0,32.0,288.0,1,0.11458333333333333
119123.0,57.0,1.0,4.1,14.0,12.0,245.99999999999997,1,0.05691056910569106
119124.0,61.0,2.0,4.4,15.0,28.0,264.0,1,0.056818181818181816
119125.0,15.0,2.0,4.4,10.0,9.0,264.0,1,0.03787878787878788
119126.0,80.0,1.0,4.1,11.0,13.0,245.99999999999997,1,0.04471544715447155
119127.0,33.0,1.0,3.7,19.0,15.0,222.0,1,0.08558558558558559
119128.0,18.0,2.0,3.8,15.0,9.0,228.0,1,0.06578947368421052
119129.0,14.0,2.0,4.0,11.0,7.0,240.0,1,0.04583333333333333
119130.0,62.0,2.0,4.9,37.0,95.0,294.0,2,0.12585034013605442
119132.0,59.0,1.0,4.4,15.0,23.0,264.0,1,0.056818181818181816
119133.0,25.0,2.0,4.2,9.0,13.0,252.0,1,0.03571428571428571
119135.0,53.0,2.0,3.5,22.0,15.0,210.0,1,0.10476190476190476
119137.0,13.0,2.0,4.4,13.0,18.0,264.0,1,0.04924242424242424
119138.0,15.0,1.0,4.8,11.0,14.0,288.0,1,0.03819444444444445
119139.0,73.0,2.0,4.1,15.0,9.0,245.99999999999997,1,0.06097560975609757
119142.0,69.0,1.0,3.8,26.0,14.0,228.0,1,0.11403508771929824
119144.0,22.0,1.0,4.0,25.0,25.0,240.0,1,0.10416666666666667
119145.0,28.0,1.0,4.3,23.0,22.0,258.0,1,0.08914728682170543
119146.0,39.0,1.0,4.4,32.0,58.0,264.0,2,0.12121212121212122
119149.0,48.0,1.0,4.3,13.0,14.0,258.0,1,0.050387596899224806
119150.0,32.0,1.0,4.4,22.0,16.0,264.0,1,0.08333333333333333
119152.0,55.0,1.0,3.8,23.0,48.0,228.0,1,0.10087719298245613
119153.0,12.0,2.0,3.9,8.0,14.0,234.0,1,0.03418803418803419
119154.0,12.0,1.0,4.2,11.0,8.0,252.0,1,0.04365079365079365
119155.0,70.0,2.0,3.8,18.0,264.0,228.0,2,0.07894736842105263
119156.0,22.0,2.0,4.7,11.0,11.0,282.0,1,0.03900709219858156
119157.0,74.0,2.0,3.4,7.0,19.0,204.0,1,0.03431372549019608
119158.0,44.0,2.0,3.7,21.0,34.0,222.0,1,0.0945945945945946
119160.0,71.0,2.0,4.3,13.0,29.0,258.0,1,0.050387596899224806
119161.0,29.0,2.0,4.1,14.0,28.0,245.99999999999997,1,0.05691056910569106
119164.0,68.0,1.0,4.4,34.0,36.0,264.0,1,0.12878787878787878
119165.0,17.0,1.0,4.9,12.0,13.0,294.0,1,0.04081632653061224
119166.0,42.0,1.0,4.0,179.0,34.0,240.0,2,0.7458333333333333
119167.0,18.0,2.0,4.3,14.0,7.0,258.0,1,0.05426356589147287
119168.0,67.0,1.0,3.4,15.0,44.0,204.0,1,0.07352941176470588
119169.0,42.0,1.0,3.8,44.0,130.0,228.0,3,0.19298245614035087
119170.0,65.0,1.0,4.0,15.0,18.0,240.0,1,0.0625
119172.0,80.0,2.0,3.9,16.0,13.0,234.0,1,0.06837606837606838
119174.0,16.0,2.0,4.1,11.0,8.0,245.99999999999997,1,0.04471544715447155
119175.0,49.0,2.0,4.2,25.0,26.0,252.0,1,0.0992063492063492
119176.0,17.0,1.0,4.4,18.0,18.0,264.0,1,0.06818181818181818
119179.0,70.0,1.0,4.2,10.0,12.0,252.0,1,0.03968253968253968
119181.0,42.0,1.0,4.4,27.0,15.0,264.0,1,0.10227272727272728
119183.0,25.0,2.0,4.0,14.0,21.0,240.0,1,0.058333333333333334
119184.0,35.0,1.0,4.0,17.0,40.0,240.0,1,0.07083333333333333
119186.0,63.0,2.0,4.0,17.0,15.0,240.0,1,0.07083333333333333
119187.0,45.0,1.0,4.2,23.0,24.0,252.0,1,0.09126984126984126
119189.0,64.0,2.0,3.8,11.0,13.0,228.0,1,0.04824561403508772
119191.0,19.0,1.0,4.3,52.0,40.0,258.0,2,0.20155038759689922
119192.0,44.0,2.0,3.4,14.0,46.0,204.0,1,0.06862745098039216
119193.0,52.0,2.0,4.0,11.0,9.0,240.0,1,0.04583333333333333
119194.0,41.0,1.0,3.8,19.0,30.0,228.0,1,0.08333333333333333
119196.0,40.0,1.0,3.6,12.0,16.0,216.0,1,0.05555555555555555
119197.0,72.0,2.0,4.2,27.0,37.0,252.0,1,0.10714285714285714
119198.0,17.0,2.0,3.7,11.0,14.0,222.0,1,0.04954954954954955
119201.0,25.0,2.0,3.8,25.0,17.0,228.0,1,0.10964912280701754
119202.0,80.0,2.0,4.1,16.0,69.0,245.99999999999997,2,0.06504065040650407
119203.0,17.0,1.0,4.7,37.0,28.0,282.0,1,0.13120567375886524
119204.0,16.0,2.0,4.6,18.0,14.0,276.0,1,0.06521739130434782
119205.0,13.0,1.0,4.5,15.0,10.0,270.0,1,0.05555555555555555
119206.0,69.0,2.0,4.0,30.0,12.0,240.0,1,0.125
119207.0,45.0,2.0,4.2,13.0,15.0,252.0,1,0.051587301587301584
119210.0,48.0,2.0,4.4,24.0,22.0,264.0,1,0.09090909090909091
119211.0,80.0,1.0,4.1,13.0,20.0,245.99999999999997,1,0.052845528455284556
119212.0,35.0,1.0,4.1,14.0,15.0,245.99999999999997,1,0.05691056910569106
119214.0,13.0,1.0,4.0,10.0,12.0,240.0,1,0.041666666666666664
119216.0,43.0,1.0,3.9,19.0,32.0,234.0,1,0.0811965811965812
119218.0,29.0,2.0,3.8,13.0,28.0,228.0,1,0.05701754385964912
119219.0,80.0,2.0,4.3,14.0,13.0,258.0,1,0.05426356589147287
119220.0,80.0,2.0,3.8,18.0,15.0,228.0,1,0.07894736842105263
119223.0,63.0,1.0,4.3,13.0,47.0,258.0,1,0.050387596899224806
119227.0,20.0,2.0,4.0,8.0,7.0,240.0,1,0.03333333333333333
119229.0,29.0,1.0,4.1,56.0,25.0,245.99999999999997,2,0.22764227642276424
119230.0,61.0,2.0,4.2,9.0,19.0,252.0,1,0.03571428571428571
119232.0,51.0,1.0,4.2,14.0,18.0,252.0,1,0.05555555555555555
119237.0,67.0,2.0,4.5,21.0,13.0,270.0,1,0.07777777777777778
119239.0,71.0,2.0,4.2,15.0,13.0,252.0,1,0.05952380952380952
119241.0,54.0,2.0,4.1,33.0,43.0,245.99999999999997,1,0.13414634146341464
119242.0,61.0,2.0,3.8,12.0,10.0,228.0,1,0.05263157894736842
119243.0,66.0,1.0,4.0,31.0,59.0,240.0,2,0.12916666666666668
119245.0,45.0,1.0,4.3,30.0,30.0,258.0,1,0.11627906976744186
119248.0,61.0,1.0,4.4,19.0,32.0,264.0,1,0.07196969696969698
119249.0,62.0,1.0,3.6,13.0,162.0,216.0,2,0.06018518518518518
119250.0,38.0,1.0,4.3,44.0,20.0,258.0,2,0.17054263565891473
119251.0,14.0,2.0,4.5,11.0,7.0,270.0,1,0.040740740740740744
119252.0,24.0,1.0,4.3,115.0,106.0,258.0,3,0.44573643410852715
119254.0,51.0,2.0,3.8,17.0,30.0,228.0,1,0.07456140350877193
119257.0,44.0,1.0,4.5,21.0,50.0,270.0,2,0.07777777777777778
119260.0,65.0,2.0,3.8,17.0,32.0,228.0,1,0.07456140350877193
119261.0,20.0,1.0,4.0,61.0,18.0,240.0,2,0.25416666666666665
119262.0,51.0,1.0,3.8,23.0,11.0,228.0,1,0.10087719298245613
119265.0,64.0,2.0,3.9,213.0,369.0,234.0,3,0.9102564102564102
119266.0,46.0,1.0,4.0,25.0,47.0,240.0,1,0.10416666666666667
119267.0,80.0,2.0,3.8,7.0,10.0,228.0,1,0.03070175438596491
119268.0,12.0,2.0,4.5,15.0,14.0,270.0,1,0.05555555555555555
119269.0,72.0,2.0,4.3,14.0,25.0,258.0,1,0.05426356589147287
119270.0,62.0,1.0,3.6,23.0,28.0,216.0,1,0.10648148148148148
119272.0,69.0,1.0,3.8,28.0,25.0,228.0,1,0.12280701754385964
119274.0,61.0,1.0,4.1,35.0,24.0,245.99999999999997,1,0.14227642276422767
119277.0,35.0,2.0,3.7,13.0,14.0,222.0,1,0.05855855855855856
119278.0,13.0,1.0,4.3,16.0,17.0,258.0,1,0.06201550387596899
119281.0,14.0,1.0,4.4,12.0,10.0,264.0,1,0.045454545454545456
119284.0,13.0,2.0,4.7,15.0,11.0,282.0,1,0.05319148936170213
119286.0,19.0,1.0,4.4,41.0,38.0,264.0,2,0.1553030303030303
119287.0,77.0,2.0,4.0,9.0,10.0,240.0,1,0.0375
119290.0,12.0,1.0,4.1,10.0,9.0,245.99999999999997,1,0.04065040650406505
119291.0,80.0,2.0,3.8,15.0,28.0,228.0,1,0.06578947368421052
119292.0,56.0,2.0,3.7,17.0,12.0,222.0,1,0.07657657657657657
119293.0,68.0,1.0,3.8,6.0,17.0,228.0,1,0.02631578947368421
119297.0,65.0,2.0,4.1,28.0,24.0,245.99999999999997,1,0.11382113821138212
119298.0,64.0,1.0,4.5,21.0,17.0,270.0,1,0.07777777777777778
119299.0,56.0,1.0,4.0,19.0,26.0,240.0,1,0.07916666666666666
119300.0,56.0,2.0,4.3,19.0,22.0,258.0,1,0.07364341085271318
119302.0,37.0,1.0,4.2,12.0,24.0,252.0,1,0.047619047619047616
119303.0,16.0,2.0,3.6,19.0,9.0,216.0,1,0.08796296296296297
119308.0,18.0,1.0,4.3,27.0,10.0,258.0,1,0.10465116279069768
119311.0,36.0,1.0,4.0,24.0,24.0,240.0,1,0.1
119312.0,52.0,2.0,3.9,11.0,19.0,234.0,1,0.04700854700854701
119313.0,62.0,2.0,4.1,13.0,13.0,245.99999999999997,1,0.052845528455284556
119314.0,80.0,2.0,4.4,19.0,15.0,264.0,1,0.07196969696969698
119316.0,18.0,1.0,4.2,42.0,23.0,252.0,2,0.16666666666666666
119319.0,17.0,1.0,4.8,11.0,8.0,288.0,1,0.03819444444444445
119320.0,49.0,2.0,4.3,17.0,25.0,258.0,1,0.06589147286821706
119323.0,47.0,1.0,2.6,37.0,287.0,156.0,2,0.23717948717948717
119324.0,69.0,1.0,4.3,16.0,11.0,258.0,1,0.06201550387596899
119325.0,71.0,1.0,4.1,37.0,21.0,245.99999999999997,1,0.15040650406504066
119326.0,48.0,2.0,3.7,9.0,14.0,222.0,1,0.04054054054054054
119328.0,25.0,2.0,4.5,12.0,11.0,270.0,1,0.044444444444444446
119330.0,70.0,2.0,4.0,12.0,15.0,240.0,1,0.05
119334.0,24.0,2.0,4.0,7.0,5.0,240.0,1,0.029166666666666667
119335.0,77.0,2.0,3.7,14.0,47.0,222.0,1,0.06306306306306306
119336.0,12.0,2.0,4.2,9.0,8.0,252.0,1,0.03571428571428571
119337.0,75.0,2.0,4.2,43.0,463.0,252.0,3,0.17063492063492064
119340.0,31.0,1.0,4.5,45.0,70.0,270.0,3,0.16666666666666666
119345.0,36.0,1.0,4.5,18.0,18.0,270.0,1,0.06666666666666667
119349.0,74.0,2.0,3.8,10.0,10.0,228.0,1,0.043859649122807015
119350.0,56.0,2.0,3.5,26.0,57.0,210.0,2,0.12380952380952381
119353.0,52.0,2.0,4.5,26.0,21.0,270.0,1,0.0962962962962963
119354.0,34.0,2.0,3.8,16.0,60.0,228.0,2,0.07017543859649122
119355.0,38.0,1.0,4.1,21.0,34.0,245.99999999999997,1,0.08536585365853659
119356.0,64.0,1.0,4.6,14.0,27.0,276.0,1,0.050724637681159424
119357.0,19.0,1.0,4.7,17.0,10.0,282.0,1,0.06028368794326241
119358.0,51.0,1.0,4.0,36.0,58.0,240.0,2,0.15
119360.0,60.0,2.0,4.3,25.0,28.0,258.0,1,0.09689922480620156
119361.0,72.0,1.0,4.4,27.0,49.0,264.0,2,0.10227272727272728
119362.0,14.0,2.0,4.0,10.0,10.0,240.0,1,0.041666666666666664
119363.0,70.0,1.0,4.3,24.0,34.0,258.0,1,0.09302325581395349
119364.0,73.0,2.0,4.4,9.0,10.0,264.0,1,0.03409090909090909
119365.0,56.0,2.0,4.0,11.0,11.0,240.0,1,0.04583333333333333
119367.0,75.0,1.0,4.0,10.0,15.0,240.0,1,0.041666666666666664
119369.0,73.0,1.0,3.8,26.0,96.0,228.0,2,0.11403508771929824
119370.0,63.0,2.0,3.8,20.0,19.0,228.0,1,0.08771929824561403
119372.0,63.0,1.0,4.4,10.0,13.0,264.0,1,0.03787878787878788
119375.0,31.0,2.0,4.1,24.0,21.0,245.99999999999997,1,0.09756097560975611
119376.0,53.0,2.0,4.4,24.0,19.0,264.0,1,0.09090909090909091
119379.0,13.0,1.0,4.3,19.0,26.0,258.0,1,0.07364341085271318
119381.0,67.0,2.0,4.6,11.0,29.0,276.0,1,0.03985507246376811
119382.0,63.0,1.0,3.6,16.0,21.0,216.0,1,0.07407407407407407
119383.0,34.0,2.0,4.0,21.0,14.0,240.0,1,0.0875
119385.0,43.0,2.0,3.8,10.0,41.0,228.0,1,0.043859649122807015
119386.0,37.0,2.0,3.8,13.0,25.0,228.0,1,0.05701754385964912
119388.0,12.0,2.0,4.6,13.0,13.0,276.0,1,0.04710144927536232
119391.0,74.0,1.0,4.0,13.0,18.0,240.0,1,0.05416666666666667
119392.0,17.0,1.0,4.3,5.0,10.0,258.0,1,0.01937984496124031
119393.0,54.0,1.0,3.7,19.0,33.0,222.0,1,0.08558558558558559
119394.0,37.0,2.0,3.8,13.0,12.0,228.0,1,0.05701754385964912
119396.0,80.0,2.0,4.1,22.0,14.0,245.99999999999997,1,0.0894308943089431
119397.0,18.0,1.0,4.1,12.0,12.0,245.99999999999997,1,0.04878048780487806
119399.0,79.0,2.0,3.5,15.0,15.0,210.0,1,0.07142857142857142
119400.0,45.0,1.0,3.2,52.0,622.0,192.0,3,0.2708333333333333
119402.0,77.0,1.0,3.6,34.0,42.0,216.0,1,0.1574074074074074
119403.0,79.0,1.0,4.1,16.0,22.0,245.99999999999997,1,0.06504065040650407
119405.0,55.0,2.0,4.3,32.0,42.0,258.0,1,0.12403100775193798
119406.0,80.0,2.0,4.1,17.0,11.0,245.99999999999997,1,0.06910569105691057
119407.0,57.0,1.0,4.4,26.0,47.0,264.0,1,0.09848484848484848
119409.0,15.0,1.0,4.5,19.0,26.0,270.0,1,0.07037037037037037
119410.0,34.0,1.0,4.1,31.0,38.0,245.99999999999997,1,0.12601626016260165
119411.0,17.0,1.0,4.3,11.0,11.0,258.0,1,0.04263565891472868
119413.0,48.0,1.0,4.0,46.0,53.0,240.0,3,0.19166666666666668
119414.0,12.0,2.0,4.3,13.0,17.0,258.0,1,0.050387596899224806
119417.0,58.0,2.0,4.0,23.0,20.0,240.0,1,0.09583333333333334
119418.0,33.0,1.0,4.6,30.0,42.0,276.0,1,0.10869565217391304
119421.0,38.0,2.0,4.3,21.0,13.0,258.0,1,0.08139534883720931
119422.0,52.0,2.0,4.5,14.0,12.0,270.0,1,0.05185185185185185
119423.0,54.0,2.0,3.1,8.0,10.0,186.0,1,0.043010752688172046
119424.0,20.0,2.0,4.0,14.0,15.0,240.0,1,0.058333333333333334
119427.0,67.0,2.0,3.6,14.0,29.0,216.0,1,0.06481481481481481
119429.0,26.0,2.0,3.9,20.0,40.0,234.0,1,0.08547008547008547
119430.0,43.0,1.0,4.9,43.0,126.0,294.0,3,0.14625850340136054
119431.0,15.0,2.0,4.3,12.0,8.0,258.0,1,0.046511627906976744
119433.0,71.0,1.0,4.1,12.0,20.0,245.99999999999997,1,0.04878048780487806
119434.0,75.0,1.0,4.6,28.0,42.0,276.0,1,0.10144927536231885
119435.0,66.0,2.0,4.5,16.0,19.0,270.0,1,0.05925925925925926
119436.0,15.0,1.0,4.3,30.0,18.0,258.0,1,0.11627906976744186
119437.0,48.0,2.0,3.9,43.0,36.0,234.0,2,0.18376068376068377
119438.0,27.0,1.0,4.0,26.0,14.0,240.0,1,0.10833333333333334
119439.0,14.0,2.0,3.9,10.0,12.0,234.0,1,0.042735042735042736
119441.0,68.0,2.0,4.3,21.0,13.0,258.0,1,0.08139534883720931
119442.0,40.0,1.0,4.1,118.0,90.0,245.99999999999997,3,0.47967479674796754
119443.0,18.0,2.0,3.9,19.0,27.0,234.0,1,0.0811965811965812
119444.0,62.0,1.0,4.3,20.0,23.0,258.0,1,0.07751937984496124
119447.0,64.0,1.0,4.0,30.0,20.0,240.0,1,0.125
119450.0,67.0,1.0,3.6,21.0,19.0,216.0,1,0.09722222222222222
119451.0,68.0,1.0,3.8,22.0,32.0,228.0,1,0.09649122807017543
119453.0,39.0,2.0,4.2,15.0,17.0,252.0,1,0.05952380952380952
119454.0,18.0,1.0,4.4,43.0,67.0,264.0,3,0.16287878787878787
119461.0,53.0,1.0,4.4,28.0,26.0,264.0,1,0.10606060606060606
119462.0,35.0,2.0,4.3,83.0,37.0,258.0,2,0.32170542635658916
119465.0,67.0,2.0,4.4,10.0,19.0,264.0,1,0.03787878787878788
119466.0,61.0,1.0,4.8,18.0,23.0,288.0,1,0.0625
119467.0,21.0,2.0,3.6,9.0,9.0,216.0,1,0.041666666666666664
119468.0,13.0,2.0,4.6,6.0,15.0,276.0,1,0.021739130434782608
119470.0,39.0,2.0,4.1,11.0,23.0,245.99999999999997,1,0.04471544715447155
119471.0,21.0,1.0,4.7,13.0,12.0,282.0,1,0.04609929078014184
119474.0,12.0,2.0,4.2,17.0,10.0,252.0,1,0.06746031746031746
119477.0,17.0,2.0,4.0,7.0,13.0,240.0,1,0.029166666666666667
119478.0,51.0,1.0,4.4,24.0,16.0,264.0,1,0.09090909090909091
119480.0,34.0,2.0,3.9,13.0,17.0,234.0,1,0.05555555555555555
119483.0,38.0,1.0,4.4,84.0,148.0,264.0,3,0.3181818181818182
119484.0,21.0,2.0,3.8,12.0,10.0,228.0,1,0.05263157894736842
119485.0,21.0,2.0,3.3,10.0,15.0,198.0,1,0.050505050505050504
119487.0,52.0,2.0,4.4,29.0,27.0,264.0,1,0.10984848484848485
119488.0,30.0,1.0,4.1,32.0,42.0,245.99999999999997,1,0.13008130081300814
119489.0,59.0,2.0,3.3,12.0,16.0,198.0,1,0.06060606060606061
119490.0,12.0,2.0,4.4,13.0,10.0,264.0,1,0.04924242424242424
119491.0,79.0,1.0,4.7,25.0,45.0,282.0,1,0.08865248226950355
119492.0,80.0,2.0,4.2,10.0,10.0,252.0,1,0.03968253968253968
119493.0,80.0,2.0,3.8,11.0,19.0,228.0,1,0.04824561403508772
119494.0,48.0,2.0,4.2,25.0,13.0,252.0,1,0.0992063492063492
119497.0,24.0,1.0,4.6,12.0,14.0,276.0,1,0.043478260869565216
119499.0,48.0,1.0,4.3,36.0,153.0,258.0,2,0.13953488372093023
119500.0,45.0,1.0,4.3,33.0,17.0,258.0,1,0.12790697674418605
119501.0,39.0,2.0,4.3,11.0,20.0,258.0,1,0.04263565891472868
119503.0,50.0,1.0,3.9,18.0,21.0,234.0,1,0.07692307692307693
119504.0,44.0,1.0,4.4,36.0,39.0,264.0,1,0.13636363636363635
119507.0,56.0,1.0,4.2,45.0,31.0,252.0,2,0.17857142857142858
119508.0,37.0,2.0,4.4,13.0,29.0,264.0,1,0.04924242424242424
119510.0,56.0,1.0,4.2,33.0,29.0,252.0,1,0.13095238095238096
119511.0,80.0,2.0,4.2,11.0,18.0,252.0,1,0.04365079365079365
119512.0,71.0,1.0,4.3,14.0,12.0,258.0,1,0.05426356589147287
119519.0,67.0,2.0,3.1,10.0,12.0,186.0,1,0.053763440860215055
119523.0,25.0,2.0,3.8,10.0,22.0,228.0,1,0.043859649122807015
119524.0,73.0,2.0,3.9,10.0,6.0,234.0,1,0.042735042735042736
119529.0,80.0,2.0,3.9,34.0,35.0,234.0,1,0.1452991452991453
119532.0,60.0,1.0,4.1,24.0,119.0,245.99999999999997,2,0.09756097560975611
119534.0,13.0,1.0,3.6,15.0,16.0,216.0,1,0.06944444444444445
119537.0,22.0,1.0,4.6,16.0,16.0,276.0,1,0.057971014492753624
119539.0,14.0,2.0,4.4,13.0,4.0,264.0,1,0.04924242424242424
119540.0,70.0,1.0,4.4,16.0,12.0,264.0,1,0.06060606060606061
119541.0,49.0,2.0,4.1,13.0,15.0,245.99999999999997,1,0.052845528455284556
119543.0,54.0,1.0,4.6,45.0,38.0,276.0,2,0.16304347826086957
119544.0,80.0,1.0,3.9,14.0,22.0,234.0,1,0.05982905982905983
119545.0,44.0,1.0,3.7,16.0,19.0,222.0,1,0.07207207207207207
119546.0,17.0,1.0,4.1,21.0,16.0,245.99999999999997,1,0.08536585365853659
119547.0,62.0,1.0,4.1,45.0,16.0,245.99999999999997,2,0.1829268292682927
119548.0,76.0,2.0,3.8,13.0,8.0,228.0,1,0.05701754385964912
119549.0,27.0,2.0,4.2,26.0,17.0,252.0,1,0.10317460317460317
119551.0,49.0,1.0,3.9,15.0,13.0,234.0,1,0.0641025641025641
119552.0,74.0,2.0,4.3,10.0,17.0,258.0,1,0.03875968992248062
119554.0,73.0,2.0,3.9,10.0,15.0,234.0,1,0.042735042735042736
119556.0,52.0,2.0,4.0,16.0,20.0,240.0,1,0.06666666666666667
119557.0,22.0,1.0,4.0,31.0,37.0,240.0,1,0.12916666666666668
119559.0,54.0,1.0,4.2,17.0,18.0,252.0,1,0.06746031746031746
119561.0,59.0,1.0,4.2,27.0,32.0,252.0,1,0.10714285714285714
119562.0,80.0,2.0,3.9,11.0,12.0,234.0,1,0.04700854700854701
119563.0,62.0,1.0,4.3,20.0,24.0,258.0,1,0.07751937984496124
119565.0,56.0,2.0,4.0,10.0,26.0,240.0,1,0.041666666666666664
119566.0,17.0,2.0,2.6,12.0,10.0,156.0,1,0.07692307692307693
119567.0,69.0,2.0,3.9,10.0,10.0,234.0,1,0.042735042735042736
119569.0,18.0,2.0,3.9,15.0,17.0,234.0,1,0.0641025641025641
119571.0,52.0,2.0,4.5,12.0,27.0,270.0,1,0.044444444444444446
119572.0,56.0,2.0,4.9,19.0,24.0,294.0,1,0.06462585034013606
119575.0,28.0,1.0,4.2,28.0,27.0,252.0,1,0.1111111111111111
119579.0,29.0,2.0,3.4,8.0,16.0,204.0,1,0.0392156862745098
119580.0,27.0,2.0,4.1,14.0,9.0,245.99999999999997,1,0.05691056910569106
119581.0,45.0,1.0,4.3,13.0,27.0,258.0,1,0.050387596899224806
119583.0,22.0,2.0,4.1,15.0,10.0,245.99999999999997,1,0.06097560975609757
119584.0,51.0,1.0,4.2,52.0,46.0,252.0,2,0.20634920634920634
119586.0,62.0,1.0,3.9,15.0,63.0,234.0,2,0.0641025641025641
119587.0,70.0,1.0,3.7,11.0,103.0,222.0,2,0.04954954954954955
119588.0,58.0,1.0,4.2,19.0,39.0,252.0,1,0.07539682539682539
119589.0,24.0,2.0,3.5,10.0,14.0,210.0,1,0.047619047619047616
119590.0,44.0,2.0,3.9,40.0,57.0,234.0,2,0.17094017094017094
119591.0,69.0,2.0,4.2,16.0,13.0,252.0,1,0.06349206349206349
119592.0,80.0,2.0,4.0,10.0,15.0,240.0,1,0.041666666666666664
119593.0,59.0,2.0,4.1,24.0,21.0,245.99999999999997,1,0.09756097560975611
119594.0,47.0,1.0,4.0,63.0,147.0,240.0,3,0.2625
119595.0,51.0,1.0,3.8,25.0,31.0,228.0,1,0.10964912280701754
119597.0,47.0,1.0,4.7,19.0,37.0,282.0,1,0.0673758865248227
119598.0,18.0,1.0,4.1,33.0,20.0,245.99999999999997,1,0.13414634146341464
119600.0,49.0,2.0,4.4,8.0,16.0,264.0,1,0.030303030303030304
119601.0,16.0,2.0,4.1,16.0,9.0,245.99999999999997,1,0.06504065040650407
119603.0,25.0,1.0,4.2,12.0,21.0,252.0,1,0.047619047619047616
119604.0,37.0,1.0,4.8,33.0,11.0,288.0,1,0.11458333333333333
119605.0,80.0,2.0,4.1,13.0,11.0,245.99999999999997,1,0.052845528455284556
119606.0,60.0,1.0,4.3,14.0,18.0,258.0,1,0.05426356589147287
119608.0,24.0,2.0,3.9,8.0,9.0,234.0,1,0.03418803418803419
119609.0,24.0,2.0,3.7,82.0,77.0,222.0,3,0.36936936936936937
119613.0,28.0,2.0,4.1,27.0,36.0,245.99999999999997,1,0.10975609756097562
119617.0,66.0,2.0,4.1,16.0,30.0,245.99999999999997,1,0.06504065040650407
119618.0,61.0,1.0,4.3,31.0,56.0,258.0,2,0.12015503875968993
119619.0,37.0,1.0,4.1,15.0,13.0,245.99999999999997,1,0.06097560975609757
119621.0,32.0,1.0,4.9,20.0,52.0,294.0,2,0.06802721088435375
119622.0,47.0,2.0,3.7,21.0,18.0,222.0,1,0.0945945945945946
119623.0,33.0,1.0,4.6,11.0,16.0,276.0,1,0.03985507246376811
119624.0,48.0,1.0,3.8,33.0,23.0,228.0,1,0.14473684210526316
119626.0,33.0,1.0,4.7,14.0,14.0,282.0,1,0.04964539007092199
119628.0,46.0,2.0,3.9,22.0,25.0,234.0,1,0.09401709401709402
119629.0,73.0,1.0,4.1,40.0,18.0,245.99999999999997,1,0.1626016260162602
119630.0,55.0,2.0,3.6,12.0,27.0,216.0,1,0.05555555555555555
119631.0,51.0,2.0,3.7,14.0,49.0,222.0,2,0.06306306306306306
119632.0,68.0,2.0,4.1,18.0,20.0,245.99999999999997,1,0.07317073170731708
119634.0,56.0,1.0,4.2,15.0,24.0,252.0,1,0.05952380952380952
119635.0,38.0,2.0,3.6,13.0,25.0,216.0,1,0.06018518518518518
119636.0,64.0,2.0,4.4,21.0,29.0,264.0,1,0.07954545454545454
119640.0,80.0,1.0,3.7,9.0,10.0,222.0,1,0.04054054054054054
119641.0,24.0,1.0,4.3,11.0,13.0,258.0,1,0.04263565891472868
119642.0,59.0,2.0,3.6,12.0,18.0,216.0,1,0.05555555555555555
119644.0,53.0,1.0,3.5,12.0,261.0,210.0,2,0.05714285714285714
119645.0,47.0,2.0,4.3,18.0,15.0,258.0,1,0.06976744186046512
119646.0,36.0,2.0,4.2,17.0,14.0,252.0,1,0.06746031746031746
119647.0,16.0,1.0,4.2,11.0,18.0,252.0,1,0.04365079365079365
119648.0,65.0,2.0,3.8,11.0,11.0,228.0,1,0.04824561403508772
119651.0,80.0,2.0,4.0,17.0,15.0,240.0,1,0.07083333333333333
119652.0,64.0,1.0,3.5,14.0,18.0,210.0,1,0.06666666666666667
119653.0,29.0,1.0,4.7,17.0,15.0,282.0,1,0.06028368794326241
119657.0,15.0,2.0,4.0,23.0,12.0,240.0,1,0.09583333333333334
119658.0,70.0,1.0,4.3,14.0,12.0,258.0,1,0.05426356589147287
119659.0,59.0,2.0,3.8,23.0,31.0,228.0,1,0.10087719298245613
119660.0,53.0,1.0,4.1,32.0,30.0,245.99999999999997,1,0.13008130081300814
119661.0,17.0,2.0,4.1,9.0,8.0,245.99999999999997,1,0.03658536585365854
119664.0,61.0,1.0,3.9,20.0,24.0,234.0,1,0.08547008547008547
119665.0,54.0,2.0,4.1,26.0,53.0,245.99999999999997,2,0.10569105691056911
119667.0,32.0,1.0,3.8,21.0,28.0,228.0,1,0.09210526315789473
119668.0,38.0,2.0,4.3,21.0,15.0,258.0,1,0.08139534883720931
119669.0,64.0,2.0,3.9,13.0,6.0,234.0,1,0.05555555555555555
119670.0,52.0,2.0,4.4,12.0,19.0,264.0,1,0.045454545454545456
119672.0,24.0,2.0,3.7,9.0,14.0,222.0,1,0.04054054054054054
119675.0,71.0,1.0,3.7,18.0,12.0,222.0,1,0.08108108108108109
119676.0,24.0,2.0,4.3,9.0,12.0,258.0,1,0.03488372093023256
119678.0,71.0,1.0,4.0,16.0,19.0,240.0,1,0.06666666666666667
119679.0,35.0,2.0,3.9,17.0,13.0,234.0,1,0.07264957264957266
119680.0,41.0,1.0,4.4,27.0,34.0,264.0,1,0.10227272727272728
119681.0,72.0,1.0,4.1,15.0,17.0,245.99999999999997,1,0.06097560975609757
119682.0,16.0,2.0,4.5,9.0,7.0,270.0,1,0.03333333333333333
119683.0,62.0,2.0,3.8,9.0,28.0,228.0,1,0.039473684210526314
119687.0,23.0,1.0,4.6,21.0,13.0,276.0,1,0.07608695652173914
119688.0,51.0,2.0,4.3,59.0,165.0,258.0,3,0.22868217054263565
119689.0,36.0,2.0,3.4,7.0,12.0,204.0,1,0.03431372549019608
119690.0,14.0,2.0,4.2,8.0,15.0,252.0,1,0.031746031746031744
119691.0,15.0,1.0,3.9,16.0,12.0,234.0,1,0.06837606837606838
119692.0,80.0,2.0,3.8,7.0,10.0,228.0,1,0.03070175438596491
119693.0,37.0,2.0,3.7,23.0,35.0,222.0,1,0.1036036036036036
119694.0,20.0,2.0,4.0,10.0,7.0,240.0,1,0.041666666666666664
119695.0,80.0,2.0,4.2,21.0,13.0,252.0,1,0.08333333333333333
119696.0,45.0,2.0,3.8,17.0,12.0,228.0,1,0.07456140350877193
119698.0,19.0,2.0,4.0,8.0,9.0,240.0,1,0.03333333333333333
119699.0,72.0,2.0,3.7,66.0,61.0,222.0,3,0.2972972972972973
119700.0,53.0,2.0,3.7,13.0,25.0,222.0,1,0.05855855855855856
119702.0,18.0,1.0,4.7,14.0,9.0,282.0,1,0.04964539007092199
119703.0,40.0,1.0,4.1,19.0,17.0,245.99999999999997,1,0.07723577235772358
119705.0,21.0,2.0,4.1,52.0,33.0,245.99999999999997,2,0.21138211382113822
119707.0,20.0,1.0,4.6,126.0,126.0,276.0,3,0.45652173913043476
119708.0,80.0,1.0,4.1,19.0,15.0,245.99999999999997,1,0.07723577235772358
119711.0,67.0,2.0,3.7,9.0,24.0,222.0,1,0.04054054054054054
119712.0,80.0,1.0,4.4,17.0,35.0,264.0,1,0.06439393939393939
119714.0,14.0,1.0,4.2,17.0,14.0,252.0,1,0.06746031746031746
119716.0,73.0,2.0,4.1,25.0,18.0,245.99999999999997,1,0.10162601626016261
119717.0,15.0,1.0,4.4,93.0,86.0,264.0,3,0.3522727272727273
119725.0,20.0,2.0,2.6,9.0,6.0,156.0,1,0.057692307692307696
119727.0,24.0,1.0,4.5,20.0,18.0,270.0,1,0.07407407407407407
119731.0,69.0,1.0,3.7,33.0,20.0,222.0,1,0.14864864864864866
119734.0,73.0,1.0,4.1,26.0,24.0,245.99999999999997,1,0.10569105691056911
119735.0,70.0,1.0,4.2,23.0,21.0,252.0,1,0.09126984126984126
119736.0,16.0,2.0,3.1,19.0,8.0,186.0,1,0.10215053763440861
119737.0,22.0,2.0,3.9,21.0,10.0,234.0,1,0.08974358974358974
119738.0,66.0,1.0,4.1,24.0,17.0,245.99999999999997,1,0.09756097560975611
119742.0,35.0,1.0,4.4,21.0,77.0,264.0,2,0.07954545454545454
119743.0,28.0,1.0,4.0,23.0,15.0,240.0,1,0.09583333333333334
119745.0,45.0,2.0,3.7,14.0,15.0,222.0,1,0.06306306306306306
119746.0,58.0,1.0,4.2,27.0,22.0,252.0,1,0.10714285714285714
119748.0,14.0,2.0,4.3,11.0,9.0,258.0,1,0.04263565891472868
119750.0,67.0,2.0,3.9,15.0,12.0,234.0,1,0.0641025641025641
119751.0,72.0,2.0,4.1,13.0,16.0,245.99999999999997,1,0.052845528455284556
119752.0,69.0,2.0,4.1,18.0,18.0,245.99999999999997,1,0.07317073170731708
119753.0,46.0,2.0,4.0,46.0,129.0,240.0,3,0.19166666666666668
119755.0,75.0,2.0,3.9,16.0,13.0,234.0,1,0.06837606837606838
119757.0,15.0,1.0,4.6,8.0,7.0,276.0,1,0.028985507246376812
119758.0,19.0,2.0,4.1,11.0,8.0,245.99999999999997,1,0.04471544715447155
119759.0,36.0,2.0,4.2,31.0,20.0,252.0,1,0.12301587301587301
119761.0,36.0,1.0,4.8,21.0,13.0,288.0,1,0.07291666666666667
119762.0,62.0,2.0,4.4,28.0,18.0,264.0,1,0.10606060606060606
119763.0,14.0,2.0,4.0,11.0,8.0,240.0,1,0.04583333333333333
119765.0,80.0,1.0,3.3,12.0,39.0,198.0,1,0.06060606060606061
119766.0,61.0,1.0,3.8,21.0,65.0,228.0,2,0.09210526315789473
119768.0,54.0,1.0,4.1,13.0,17.0,245.99999999999997,1,0.052845528455284556
119769.0,70.0,2.0,4.3,28.0,23.0,258.0,1,0.10852713178294573
119771.0,14.0,2.0,4.3,12.0,8.0,258.0,1,0.046511627906976744
119772.0,36.0,1.0,4.3,30.0,56.0,258.0,2,0.11627906976744186
119773.0,19.0,1.0,4.8,12.0,13.0,288.0,1,0.041666666666666664
119775.0,67.0,2.0,3.7,20.0,25.0,222.0,1,0.09009009009009009
119776.0,19.0,2.0,3.4,43.0,29.0,204.0,2,0.2107843137254902
119777.0,80.0,2.0,3.2,6.0,7.0,192.0,1,0.03125
119779.0,67.0,1.0,3.9,16.0,22.0,234.0,1,0.06837606837606838
119780.0,42.0,2.0,3.5,10.0,27.0,210.0,1,0.047619047619047616
119781.0,40.0,1.0,4.3,50.0,19.0,258.0,2,0.1937984496124031
119786.0,16.0,1.0,4.3,22.0,17.0,258.0,1,0.08527131782945736
119787.0,60.0,1.0,4.3,19.0,49.0,258.0,2,0.07364341085271318
119788.0,80.0,1.0,3.9,8.0,33.0,234.0,1,0.03418803418803419
119791.0,66.0,1.0,4.2,8.0,27.0,252.0,1,0.031746031746031744
119793.0,12.0,1.0,4.7,11.0,19.0,282.0,1,0.03900709219858156
119795.0,67.0,2.0,4.1,18.0,15.0,245.99999999999997,1,0.07317073170731708
119797.0,77.0,1.0,4.0,123.0,85.0,240.0,3,0.5125
119798.0,68.0,1.0,4.0,24.0,27.0,240.0,1,0.1
119799.0,70.0,2.0,3.9,24.0,18.0,234.0,1,0.10256410256410256
119800.0,54.0,1.0,4.1,36.0,49.0,245.99999999999997,2,0.14634146341463417
119801.0,48.0,2.0,3.8,25.0,12.0,228.0,1,0.10964912280701754
119802.0,27.0,1.0,5.0,7.0,19.0,300.0,1,0.023333333333333334
119806.0,56.0,1.0,3.9,23.0,37.0,234.0,1,0.09829059829059829
119807.0,58.0,1.0,4.2,37.0,33.0,252.0,1,0.14682539682539683
119808.0,78.0,1.0,3.6,14.0,17.0,216.0,1,0.06481481481481481
119810.0,20.0,2.0,4.1,25.0,13.0,245.99999999999997,1,0.10162601626016261
119811.0,45.0,1.0,4.4,32.0,51.0,264.0,2,0.12121212121212122
119813.0,60.0,2.0,3.8,10.0,14.0,228.0,1,0.043859649122807015
119814.0,71.0,2.0,3.6,6.0,17.0,216.0,1,0.027777777777777776
119815.0,19.0,2.0,4.3,11.0,9.0,258.0,1,0.04263565891472868
119816.0,19.0,2.0,4.1,17.0,18.0,245.99999999999997,1,0.06910569105691057
119817.0,50.0,1.0,4.0,42.0,13.0,240.0,2,0.175
119818.0,15.0,1.0,4.3,14.0,23.0,258.0,1,0.05426356589147287
119821.0,80.0,1.0,4.3,18.0,14.0,258.0,1,0.06976744186046512
119824.0,17.0,2.0,4.5,13.0,10.0,270.0,1,0.04814814814814815
119825.0,51.0,2.0,4.1,11.0,13.0,245.99999999999997,1,0.04471544715447155
119829.0,35.0,2.0,4.0,13.0,34.0,240.0,1,0.05416666666666667
119830.0,33.0,2.0,4.5,12.0,10.0,270.0,1,0.044444444444444446
119831.0,20.0,2.0,4.0,10.0,12.0,240.0,1,0.041666666666666664
119832.0,41.0,2.0,4.2,14.0,24.0,252.0,1,0.05555555555555555
119833.0,39.0,1.0,4.6,18.0,15.0,276.0,1,0.06521739130434782
119834.0,52.0,1.0,3.7,12.0,19.0,222.0,1,0.05405405405405406
119838.0,33.0,2.0,4.0,7.0,10.0,240.0,1,0.029166666666666667
119839.0,68.0,2.0,4.7,24.0,18.0,282.0,1,0.0851063829787234
119841.0,45.0,2.0,3.7,17.0,15.0,222.0,1,0.07657657657657657
119842.0,40.0,1.0,3.9,43.0,24.0,234.0,2,0.18376068376068377
119843.0,58.0,1.0,3.8,31.0,24.0,228.0,1,0.13596491228070176
119844.0,17.0,1.0,4.4,53.0,18.0,264.0,2,0.20075757575757575
119846.0,37.0,1.0,4.1,101.0,240.0,245.99999999999997,3,0.410569105691057
119848.0,56.0,2.0,3.9,12.0,15.0,234.0,1,0.05128205128205128
119850.0,14.0,1.0,4.4,10.0,13.0,264.0,1,0.03787878787878788
119851.0,12.0,1.0,3.7,40.0,17.0,222.0,1,0.18018018018018017
119852.0,42.0,1.0,3.8,14.0,12.0,228.0,1,0.06140350877192982
119854.0,46.0,2.0,4.2,25.0,19.0,252.0,1,0.0992063492063492
119855.0,50.0,1.0,4.4,16.0,22.0,264.0,1,0.06060606060606061
119859.0,25.0,1.0,4.2,22.0,14.0,252.0,1,0.0873015873015873
119862.0,12.0,2.0,4.1,9.0,7.0,245.99999999999997,1,0.03658536585365854
119864.0,80.0,1.0,4.2,18.0,16.0,252.0,1,0.07142857142857142
119865.0,15.0,2.0,4.2,12.0,21.0,252.0,1,0.047619047619047616
119870.0,65.0,1.0,3.7,15.0,41.0,222.0,1,0.06756756756756757
119871.0,39.0,2.0,3.8,28.0,41.0,228.0,1,0.12280701754385964
119873.0,19.0,1.0,4.8,30.0,25.0,288.0,1,0.10416666666666667
119875.0,36.0,2.0,3.8,65.0,22.0,228.0,2,0.2850877192982456
119876.0,60.0,1.0,4.2,26.0,11.0,252.0,1,0.10317460317460317
119878.0,30.0,2.0,4.2,16.0,17.0,252.0,1,0.06349206349206349
119879.0,42.0,2.0,3.9,24.0,33.0,234.0,1,0.10256410256410256
119880.0,25.0,2.0,4.3,9.0,7.0,258.0,1,0.03488372093023256
119882.0,26.0,2.0,3.4,19.0,23.0,204.0,1,0.09313725490196079
119883.0,61.0,2.0,3.4,13.0,39.0,204.0,1,0.06372549019607843
119885.0,58.0,2.0,3.8,9.0,14.0,228.0,1,0.039473684210526314
119886.0,73.0,2.0,3.8,38.0,130.0,228.0,2,0.16666666666666666
119887.0,20.0,2.0,4.6,8.0,12.0,276.0,1,0.028985507246376812
119889.0,80.0,2.0,4.6,9.0,16.0,276.0,1,0.03260869565217391
119890.0,51.0,2.0,3.7,13.0,12.0,222.0,1,0.05855855855855856
119891.0,30.0,1.0,4.3,37.0,43.0,258.0,1,0.1434108527131783
119892.0,24.0,2.0,3.6,11.0,8.0,216.0,1,0.05092592592592592
119895.0,17.0,2.0,3.9,27.0,15.0,234.0,1,0.11538461538461539
119896.0,43.0,2.0,3.8,45.0,236.0,228.0,3,0.19736842105263158
119897.0,32.0,1.0,4.0,32.0,33.0,240.0,1,0.13333333333333333
119898.0,28.0,2.0,4.5,14.0,18.0,270.0,1,0.05185185185185185
119899.0,42.0,1.0,4.0,25.0,22.0,240.0,1,0.10416666666666667
119901.0,30.0,2.0,4.3,14.0,10.0,258.0,1,0.05426356589147287
119903.0,16.0,1.0,4.3,12.0,9.0,258.0,1,0.046511627906976744
119905.0,52.0,1.0,3.8,10.0,34.0,228.0,1,0.043859649122807015
119907.0,22.0,2.0,4.0,46.0,13.0,240.0,2,0.19166666666666668
119908.0,19.0,2.0,3.8,16.0,13.0,228.0,1,0.07017543859649122
119911.0,69.0,1.0,4.2,17.0,14.0,252.0,1,0.06746031746031746
119913.0,80.0,1.0,4.4,14.0,17.0,264.0,1,0.05303030303030303
119915.0,25.0,1.0,4.5,10.0,13.0,270.0,1,0.037037037037037035
119918.0,68.0,2.0,3.7,9.0,18.0,222.0,1,0.04054054054054054
119921.0,13.0,1.0,4.4,15.0,15.0,264.0,1,0.056818181818181816
119923.0,69.0,2.0,3.8,18.0,17.0,228.0,1,0.07894736842105263
119927.0,18.0,2.0,4.1,15.0,26.0,245.99999999999997,1,0.06097560975609757
119928.0,58.0,2.0,4.4,14.0,14.0,264.0,1,0.05303030303030303
119929.0,18.0,2.0,2.7,10.0,8.0,162.0,1,0.06172839506172839
119930.0,18.0,2.0,4.6,9.0,11.0,276.0,1,0.03260869565217391
119934.0,79.0,1.0,4.1,26.0,28.0,245.99999999999997,1,0.10569105691056911
119935.0,38.0,2.0,4.6,12.0,12.0,276.0,1,0.043478260869565216
119936.0,30.0,2.0,4.0,22.0,12.0,240.0,1,0.09166666666666666
119937.0,37.0,2.0,3.1,12.0,21.0,186.0,1,0.06451612903225806
119939.0,58.0,1.0,3.9,27.0,14.0,234.0,1,0.11538461538461539
119941.0,80.0,2.0,3.9,22.0,23.0,234.0,1,0.09401709401709402
119942.0,67.0,2.0,3.6,19.0,21.0,216.0,1,0.08796296296296297
119944.0,65.0,2.0,3.9,12.0,10.0,234.0,1,0.05128205128205128
119946.0,16.0,1.0,4.4,14.0,10.0,264.0,1,0.05303030303030303
119947.0,40.0,1.0,4.3,33.0,52.0,258.0,2,0.12790697674418605
119948.0,62.0,1.0,3.9,18.0,18.0,234.0,1,0.07692307692307693
119949.0,24.0,2.0,4.2,56.0,24.0,252.0,2,0.2222222222222222
119950.0,37.0,1.0,5.0,41.0,48.0,300.0,2,0.13666666666666666
119951.0,75.0,1.0,4.4,18.0,27.0,264.0,1,0.06818181818181818
119952.0,14.0,1.0,4.5,59.0,74.0,270.0,3,0.21851851851851853
119953.0,29.0,2.0,4.0,17.0,17.0,240.0,1,0.07083333333333333
119956.0,12.0,2.0,4.3,10.0,9.0,258.0,1,0.03875968992248062
119957.0,16.0,2.0,4.5,15.0,7.0,270.0,1,0.05555555555555555
119958.0,30.0,1.0,3.7,35.0,18.0,222.0,1,0.15765765765765766
119959.0,59.0,1.0,4.0,23.0,31.0,240.0,1,0.09583333333333334
119960.0,45.0,2.0,4.0,9.0,12.0,240.0,1,0.0375
119961.0,51.0,1.0,4.3,21.0,42.0,258.0,1,0.08139534883720931
119963.0,16.0,1.0,4.5,13.0,14.0,270.0,1,0.04814814814814815
119964.0,54.0,1.0,3.9,682.0,110.0,234.0,3,2.9145299145299144
119965.0,29.0,1.0,4.5,11.0,10.0,270.0,1,0.040740740740740744
119966.0,66.0,1.0,4.1,15.0,14.0,245.99999999999997,1,0.06097560975609757
119968.0,70.0,1.0,3.8,12.0,22.0,228.0,1,0.05263157894736842
119970.0,36.0,2.0,3.8,7.0,6.0,228.0,1,0.03070175438596491
119972.0,80.0,1.0,3.7,18.0,39.0,222.0,1,0.08108108108108109
119975.0,19.0,2.0,4.3,10.0,18.0,258.0,1,0.03875968992248062
119978.0,29.0,2.0,3.4,9.0,18.0,204.0,1,0.04411764705882353
119979.0,70.0,2.0,3.7,28.0,26.0,222.0,1,0.12612612612612611
119980.0,22.0,1.0,4.0,118.0,33.0,240.0,2,0.49166666666666664
119981.0,33.0,2.0,4.3,10.0,20.0,258.0,1,0.03875968992248062
119982.0,32.0,1.0,3.9,16.0,19.0,234.0,1,0.06837606837606838
119984.0,41.0,2.0,4.2,10.0,23.0,252.0,1,0.03968253968253968
119985.0,80.0,1.0,4.1,15.0,28.0,245.99999999999997,1,0.06097560975609757
119987.0,40.0,1.0,3.8,69.0,269.0,228.0,3,0.3026315789473684
119988.0,19.0,2.0,4.2,9.0,33.0,252.0,1,0.03571428571428571
119989.0,33.0,2.0,3.8,13.0,20.0,228.0,1,0.05701754385964912
119994.0,55.0,2.0,4.3,13.0,13.0,258.0,1,0.050387596899224806
119995.0,19.0,1.0,4.8,19.0,16.0,288.0,1,0.06597222222222222
119996.0,53.0,2.0,3.8,15.0,34.0,228.0,1,0.06578947368421052
119997.0,18.0,1.0,4.2,41.0,42.0,252.0,2,0.1626984126984127
120000.0,29.0,2.0,3.4,23.0,22.0,204.0,1,0.11274509803921569
120001.0,57.0,2.0,3.8,25.0,20.0,228.0,1,0.10964912280701754
120003.0,53.0,1.0,3.2,32.0,43.0,192.0,1,0.16666666666666666
120004.0,19.0,1.0,4.6,90.0,40.0,276.0,2,0.32608695652173914
120005.0,41.0,1.0,3.9,27.0,29.0,234.0,1,0.11538461538461539
120007.0,16.0,1.0,4.9,28.0,49.0,294.0,2,0.09523809523809523
120009.0,14.0,2.0,4.5,14.0,7.0,270.0,1,0.05185185185185185
120010.0,61.0,2.0,3.8,23.0,14.0,228.0,1,0.10087719298245613
120011.0,34.0,1.0,4.8,21.0,24.0,288.0,1,0.07291666666666667
120012.0,16.0,2.0,4.5,9.0,9.0,270.0,1,0.03333333333333333
120013.0,62.0,1.0,4.5,19.0,27.0,270.0,1,0.07037037037037037
120014.0,13.0,1.0,3.8,11.0,9.0,228.0,1,0.04824561403508772
120016.0,33.0,1.0,4.3,34.0,22.0,258.0,1,0.13178294573643412
120017.0,45.0,2.0,4.2,6.0,14.0,252.0,1,0.023809523809523808
120018.0,30.0,2.0,3.6,9.0,15.0,216.0,1,0.041666666666666664
120020.0,18.0,2.0,4.1,9.0,10.0,245.99999999999997,1,0.03658536585365854
120021.0,56.0,2.0,3.6,29.0,25.0,216.0,1,0.13425925925925927
120022.0,56.0,1.0,4.0,13.0,16.0,240.0,1,0.05416666666666667
120025.0,36.0,2.0,3.8,12.0,8.0,228.0,1,0.05263157894736842
120026.0,60.0,2.0,4.2,13.0,14.0,252.0,1,0.051587301587301584
120027.0,36.0,1.0,4.1,10.0,13.0,245.99999999999997,1,0.04065040650406505
120029.0,28.0,1.0,4.7,12.0,11.0,282.0,1,0.0425531914893617
120030.0,34.0,1.0,4.5,38.0,23.0,270.0,1,0.14074074074074075
120031.0,16.0,1.0,4.1,32.0,25.0,245.99999999999997,1,0.13008130081300814
120033.0,20.0,2.0,4.7,24.0,10.0,282.0,1,0.0851063829787234
120035.0,16.0,1.0,4.6,11.0,11.0,276.0,1,0.03985507246376811
120039.0,31.0,1.0,4.5,29.0,105.0,270.0,2,0.10740740740740741
120040.0,67.0,1.0,3.6,17.0,16.0,216.0,1,0.0787037037037037
120041.0,62.0,1.0,3.9,9.0,12.0,234.0,1,0.038461538461538464
120043.0,53.0,1.0,4.2,29.0,71.0,252.0,2,0.11507936507936507
120045.0,66.0,2.0,4.0,26.0,22.0,240.0,1,0.10833333333333334
120047.0,75.0,1.0,3.7,3.0,13.0,222.0,1,0.013513513513513514
120048.0,23.0,2.0,4.0,10.0,20.0,240.0,1,0.041666666666666664
120049.0,75.0,1.0,4.5,21.0,20.0,270.0,1,0.07777777777777778
120052.0,72.0,1.0,3.6,11.0,11.0,216.0,1,0.05092592592592592
120053.0,23.0,2.0,3.3,20.0,7.0,198.0,1,0.10101010101010101
120054.0,80.0,2.0,4.0,23.0,32.0,240.0,1,0.09583333333333334
120055.0,39.0,2.0,4.2,36.0,33.0,252.0,1,0.14285714285714285
120056.0,57.0,2.0,4.1,14.0,10.0,245.99999999999997,1,0.05691056910569106
120062.0,68.0,2.0,3.9,11.0,13.0,234.0,1,0.04700854700854701
120063.0,63.0,1.0,4.0,8.0,17.0,240.0,1,0.03333333333333333
120064.0,70.0,1.0,4.7,29.0,22.0,282.0,1,0.10283687943262411
120065.0,23.0,2.0,4.2,11.0,19.0,252.0,1,0.04365079365079365
120066.0,17.0,1.0,4.0,24.0,12.0,240.0,1,0.1
120068.0,21.0,2.0,3.8,13.0,8.0,228.0,1,0.05701754385964912
120069.0,23.0,1.0,4.2,31.0,34.0,252.0,1,0.12301587301587301
120074.0,17.0,1.0,4.3,9.0,10.0,258.0,1,0.03488372093023256
120076.0,45.0,2.0,4.0,18.0,21.0,240.0,1,0.075
120078.0,69.0,2.0,4.3,16.0,24.0,258.0,1,0.06201550387596899
120079.0,24.0,2.0,3.9,12.0,13.0,234.0,1,0.05128205128205128
120080.0,61.0,1.0,4.3,28.0,18.0,258.0,1,0.10852713178294573
120082.0,36.0,1.0,3.7,14.0,21.0,222.0,1,0.06306306306306306
120084.0,33.0,2.0,4.0,9.0,8.0,240.0,1,0.0375
120085.0,15.0,1.0,4.6,16.0,17.0,276.0,1,0.057971014492753624
120086.0,16.0,2.0,4.1,19.0,11.0,245.99999999999997,1,0.07723577235772358
120087.0,31.0,2.0,4.4,21.0,18.0,264.0,1,0.07954545454545454
120089.0,69.0,1.0,4.4,17.0,14.0,264.0,1,0.06439393939393939
120090.0,45.0,2.0,4.2,29.0,39.0,252.0,1,0.11507936507936507
120091.0,75.0,2.0,4.0,14.0,32.0,240.0,1,0.058333333333333334
120094.0,53.0,1.0,4.2,15.0,21.0,252.0,1,0.05952380952380952
120096.0,71.0,2.0,4.1,8.0,37.0,245.99999999999997,1,0.032520325203252036
120097.0,70.0,2.0,4.5,25.0,31.0,270.0,1,0.09259259259259259
120099.0,18.0,2.0,3.5,13.0,21.0,210.0,1,0.06190476190476191
120101.0,21.0,1.0,4.2,19.0,16.0,252.0,1,0.07539682539682539
120102.0,24.0,1.0,3.4,13.0,11.0,204.0,1,0.06372549019607843
120103.0,76.0,1.0,4.4,24.0,22.0,264.0,1,0.09090909090909091
120104.0,38.0,2.0,4.2,10.0,13.0,252.0,1,0.03968253968253968
120105.0,24.0,1.0,3.5,18.0,13.0,210.0,1,0.08571428571428572
120106.0,30.0,2.0,4.1,31.0,19.0,245.99999999999997,1,0.12601626016260165
120107.0,55.0,1.0,4.5,33.0,47.0,270.0,1,0.12222222222222222
120109.0,77.0,2.0,4.0,8.0,9.0,240.0,1,0.03333333333333333
120110.0,50.0,2.0,4.2,15.0,20.0,252.0,1,0.05952380952380952
120111.0,43.0,1.0,4.6,35.0,38.0,276.0,1,0.12681159420289856
120114.0,14.0,1.0,4.1,14.0,18.0,245.99999999999997,1,0.05691056910569106
120115.0,46.0,2.0,4.2,14.0,6.0,252.0,1,0.05555555555555555
120116.0,50.0,1.0,3.8,24.0,25.0,228.0,1,0.10526315789473684
120117.0,68.0,1.0,4.0,17.0,18.0,240.0,1,0.07083333333333333
120118.0,61.0,2.0,4.2,17.0,28.0,252.0,1,0.06746031746031746
120119.0,62.0,1.0,4.1,23.0,23.0,245.99999999999997,1,0.0934959349593496
120120.0,46.0,1.0,3.9,122.0,2394.0,234.0,3,0.5213675213675214
120121.0,30.0,1.0,4.3,39.0,20.0,258.0,1,0.1511627906976744
120122.0,80.0,1.0,4.3,30.0,20.0,258.0,1,0.11627906976744186
120123.0,75.0,2.0,3.8,32.0,64.0,228.0,2,0.14035087719298245
120124.0,57.0,1.0,4.3,19.0,17.0,258.0,1,0.07364341085271318
120126.0,33.0,1.0,4.1,52.0,56.0,245.99999999999997,3,0.21138211382113822
120127.0,62.0,2.0,3.8,23.0,15.0,228.0,1,0.10087719298245613
120129.0,37.0,2.0,4.4,8.0,12.0,264.0,1,0.030303030303030304
120130.0,25.0,2.0,3.0,12.0,10.0,180.0,1,0.06666666666666667
120131.0,50.0,1.0,3.9,9.0,18.0,234.0,1,0.038461538461538464
120134.0,12.0,1.0,4.5,11.0,12.0,270.0,1,0.040740740740740744
120135.0,17.0,2.0,3.7,11.0,15.0,222.0,1,0.04954954954954955
120136.0,68.0,2.0,4.6,31.0,20.0,276.0,1,0.11231884057971014
120137.0,35.0,2.0,3.5,18.0,14.0,210.0,1,0.08571428571428572
120138.0,15.0,2.0,4.5,8.0,10.0,270.0,1,0.02962962962962963
120141.0,67.0,1.0,4.1,41.0,29.0,245.99999999999997,2,0.16666666666666669
120142.0,45.0,1.0,4.5,20.0,61.0,270.0,2,0.07407407407407407
120145.0,31.0,1.0,4.1,17.0,15.0,245.99999999999997,1,0.06910569105691057
120147.0,35.0,1.0,4.3,13.0,11.0,258.0,1,0.050387596899224806
120148.0,65.0,1.0,4.0,15.0,56.0,240.0,2,0.0625
120149.0,42.0,2.0,4.2,23.0,11.0,252.0,1,0.09126984126984126
120150.0,67.0,1.0,4.0,19.0,28.0,240.0,1,0.07916666666666666
120153.0,23.0,2.0,4.2,18.0,14.0,252.0,1,0.07142857142857142
120154.0,23.0,2.0,4.6,11.0,7.0,276.0,1,0.03985507246376811
120155.0,13.0,1.0,4.7,12.0,17.0,282.0,1,0.0425531914893617
120156.0,60.0,1.0,4.6,15.0,18.0,276.0,1,0.05434782608695652
120158.0,66.0,1.0,4.2,17.0,12.0,252.0,1,0.06746031746031746
120159.0,80.0,2.0,3.7,10.0,22.0,222.0,1,0.04504504504504504
120160.0,27.0,2.0,3.4,14.0,18.0,204.0,1,0.06862745098039216
120165.0,44.0,1.0,4.3,10.0,10.0,258.0,1,0.03875968992248062
120169.0,61.0,1.0,3.7,21.0,36.0,222.0,1,0.0945945945945946
120171.0,47.0,2.0,4.2,24.0,25.0,252.0,1,0.09523809523809523
120173.0,49.0,1.0,3.9,29.0,25.0,234.0,1,0.12393162393162394
120175.0,13.0,2.0,4.1,9.0,9.0,245.99999999999997,1,0.03658536585365854
120177.0,72.0,2.0,4.0,16.0,20.0,240.0,1,0.06666666666666667
120178.0,33.0,1.0,4.3,33.0,39.0,258.0,1,0.12790697674418605
120179.0,23.0,2.0,3.9,28.0,24.0,234.0,1,0.11965811965811966
120180.0,72.0,2.0,4.2,15.0,23.0,252.0,1,0.05952380952380952
120181.0,29.0,2.0,4.4,105.0,69.0,264.0,3,0.3977272727272727
120183.0,47.0,1.0,3.9,17.0,22.0,234.0,1,0.07264957264957266
120184.0,12.0,2.0,4.0,8.0,14.0,240.0,1,0.03333333333333333
120186.0,66.0,1.0,3.9,14.0,22.0,234.0,1,0.05982905982905983
120188.0,30.0,1.0,4.3,29.0,71.0,258.0,2,0.1124031007751938
120190.0,80.0,1.0,3.6,14.0,13.0,216.0,1,0.06481481481481481
120191.0,66.0,1.0,3.7,18.0,20.0,222.0,1,0.08108108108108109
120193.0,52.0,2.0,4.3,18.0,65.0,258.0,2,0.06976744186046512
120194.0,33.0,2.0,4.1,14.0,15.0,245.99999999999997,1,0.05691056910569106
120195.0,17.0,1.0,4.6,15.0,11.0,276.0,1,0.05434782608695652
120196.0,54.0,2.0,4.0,21.0,29.0,240.0,1,0.0875
120197.0,58.0,2.0,4.2,15.0,11.0,252.0,1,0.05952380952380952
120198.0,29.0,1.0,3.9,24.0,25.0,234.0,1,0.10256410256410256
120200.0,14.0,2.0,4.3,8.0,8.0,258.0,1,0.031007751937984496
120202.0,37.0,1.0,4.3,15.0,13.0,258.0,1,0.05813953488372093
120203.0,41.0,2.0,3.6,9.0,22.0,216.0,1,0.041666666666666664
120204.0,55.0,2.0,3.7,12.0,16.0,222.0,1,0.05405405405405406
120205.0,66.0,1.0,4.0,16.0,24.0,240.0,1,0.06666666666666667
120206.0,41.0,1.0,4.0,10.0,15.0,240.0,1,0.041666666666666664
120208.0,80.0,1.0,4.3,20.0,28.0,258.0,1,0.07751937984496124
120209.0,23.0,1.0,4.0,35.0,44.0,240.0,1,0.14583333333333334
120210.0,15.0,1.0,4.0,71.0,37.0,240.0,2,0.29583333333333334
120211.0,52.0,2.0,4.0,12.0,14.0,240.0,1,0.05
120212.0,61.0,1.0,4.4,16.0,30.0,264.0,1,0.06060606060606061
120214.0,67.0,2.0,3.9,26.0,9.0,234.0,1,0.1111111111111111
120216.0,16.0,1.0,4.1,12.0,11.0,245.99999999999997,1,0.04878048780487806
120218.0,65.0,1.0,4.3,25.0,50.0,258.0,2,0.09689922480620156
120223.0,80.0,1.0,4.1,17.0,20.0,245.99999999999997,1,0.06910569105691057
120224.0,68.0,1.0,2.8,19.0,17.0,168.0,1,0.1130952380952381
120228.0,48.0,1.0,4.1,31.0,57.0,245.99999999999997,2,0.12601626016260165
120229.0,43.0,1.0,4.3,17.0,19.0,258.0,1,0.06589147286821706
120230.0,20.0,2.0,3.4,15.0,12.0,204.0,1,0.07352941176470588
120231.0,33.0,1.0,4.2,33.0,31.0,252.0,1,0.13095238095238096
120239.0,23.0,2.0,3.7,15.0,11.0,222.0,1,0.06756756756756757
120241.0,75.0,2.0,3.6,12.0,17.0,216.0,1,0.05555555555555555
120244.0,28.0,1.0,4.4,10.0,13.0,264.0,1,0.03787878787878788
120246.0,34.0,1.0,4.2,63.0,37.0,252.0,2,0.25
120247.0,58.0,1.0,4.3,15.0,16.0,258.0,1,0.05813953488372093
120248.0,69.0,2.0,4.3,18.0,23.0,258.0,1,0.06976744186046512
120249.0,35.0,1.0,4.1,96.0,26.0,245.99999999999997,2,0.39024390243902446
120250.0,18.0,1.0,4.6,14.0,15.0,276.0,1,0.050724637681159424
120251.0,64.0,2.0,4.2,22.0,14.0,252.0,1,0.0873015873015873
120252.0,58.0,1.0,4.1,21.0,14.0,245.99999999999997,1,0.08536585365853659
120255.0,16.0,1.0,4.5,17.0,14.0,270.0,1,0.06296296296296296
120256.0,17.0,2.0,3.9,13.0,23.0,234.0,1,0.05555555555555555
120257.0,70.0,1.0,5.0,28.0,36.0,300.0,1,0.09333333333333334
120258.0,59.0,2.0,4.1,23.0,17.0,245.99999999999997,1,0.0934959349593496
120259.0,61.0,2.0,3.8,17.0,38.0,228.0,1,0.07456140350877193
120260.0,40.0,1.0,3.8,26.0,19.0,228.0,1,0.11403508771929824
120261.0,19.0,2.0,4.2,11.0,29.0,252.0,1,0.04365079365079365
120262.0,40.0,2.0,4.2,27.0,26.0,252.0,1,0.10714285714285714
120264.0,17.0,2.0,4.0,22.0,12.0,240.0,1,0.09166666666666666
120268.0,47.0,2.0,4.0,28.0,18.0,240.0,1,0.11666666666666667
120270.0,61.0,1.0,4.3,17.0,88.0,258.0,2,0.06589147286821706
120273.0,55.0,2.0,4.0,8.0,46.0,240.0,1,0.03333333333333333
120278.0,64.0,1.0,4.6,25.0,44.0,276.0,1,0.09057971014492754
120279.0,52.0,2.0,4.2,27.0,127.0,252.0,2,0.10714285714285714
120282.0,61.0,2.0,3.8,18.0,21.0,228.0,1,0.07894736842105263
120283.0,22.0,2.0,4.5,19.0,21.0,270.0,1,0.07037037037037037
120285.0,68.0,1.0,4.7,20.0,28.0,282.0,1,0.07092198581560284
120286.0,62.0,2.0,4.0,11.0,19.0,240.0,1,0.04583333333333333
120287.0,72.0,1.0,4.1,13.0,12.0,245.99999999999997,1,0.052845528455284556
120290.0,34.0,2.0,3.1,14.0,17.0,186.0,1,0.07526881720430108
120291.0,37.0,2.0,3.9,9.0,9.0,234.0,1,0.038461538461538464
120292.0,60.0,2.0,3.8,17.0,19.0,228.0,1,0.07456140350877193
120293.0,75.0,2.0,3.7,23.0,81.0,222.0,2,0.1036036036036036
120294.0,12.0,2.0,4.0,8.0,11.0,240.0,1,0.03333333333333333
120296.0,42.0,2.0,3.9,13.0,20.0,234.0,1,0.05555555555555555
120299.0,26.0,1.0,4.6,18.0,35.0,276.0,1,0.06521739130434782
120300.0,71.0,2.0,4.2,22.0,32.0,252.0,1,0.0873015873015873
120302.0,17.0,2.0,3.3,9.0,14.0,198.0,1,0.045454545454545456
120305.0,14.0,1.0,4.2,14.0,15.0,252.0,1,0.05555555555555555
120306.0,15.0,2.0,4.3,15.0,10.0,258.0,1,0.05813953488372093
120307.0,64.0,1.0,4.3,20.0,9.0,258.0,1,0.07751937984496124
120310.0,52.0,2.0,3.6,11.0,20.0,216.0,1,0.05092592592592592
120311.0,65.0,2.0,4.1,17.0,15.0,245.99999999999997,1,0.06910569105691057
120312.0,33.0,1.0,4.3,20.0,11.0,258.0,1,0.07751937984496124
120313.0,37.0,2.0,4.1,24.0,35.0,245.99999999999997,1,0.09756097560975611
120315.0,61.0,1.0,4.0,25.0,44.0,240.0,1,0.10416666666666667
120318.0,13.0,2.0,3.9,11.0,10.0,234.0,1,0.04700854700854701
120319.0,76.0,2.0,4.0,15.0,13.0,240.0,1,0.0625
120322.0,72.0,2.0,3.5,11.0,10.0,210.0,1,0.05238095238095238
120325.0,21.0,2.0,3.8,33.0,38.0,228.0,1,0.14473684210526316
120326.0,19.0,2.0,4.4,9.0,11.0,264.0,1,0.03409090909090909
120327.0,76.0,1.0,3.5,13.0,13.0,210.0,1,0.06190476190476191
120329.0,50.0,1.0,4.1,10.0,18.0,245.99999999999997,1,0.04065040650406505
120330.0,50.0,1.0,4.0,38.0,35.0,240.0,1,0.15833333333333333
120331.0,23.0,2.0,4.4,26.0,35.0,264.0,1,0.09848484848484848
120332.0,63.0,2.0,4.2,26.0,22.0,252.0,1,0.10317460317460317
120334.0,22.0,2.0,4.7,9.0,11.0,282.0,1,0.031914893617021274
120335.0,24.0,2.0,4.3,9.0,13.0,258.0,1,0.03488372093023256
120336.0,54.0,1.0,3.8,24.0,14.0,228.0,1,0.10526315789473684
120337.0,12.0,2.0,3.8,9.0,12.0,228.0,1,0.039473684210526314
120338.0,66.0,2.0,4.1,35.0,24.0,245.99999999999997,1,0.14227642276422767
120340.0,78.0,2.0,4.0,7.0,22.0,240.0,1,0.029166666666666667
120343.0,65.0,2.0,4.0,19.0,27.0,240.0,1,0.07916666666666666
120345.0,72.0,1.0,4.1,19.0,29.0,245.99999999999997,1,0.07723577235772358
120346.0,58.0,2.0,3.8,16.0,23.0,228.0,1,0.07017543859649122
120347.0,13.0,1.0,4.5,11.0,11.0,270.0,1,0.040740740740740744
120348.0,53.0,1.0,3.5,9.0,13.0,210.0,1,0.04285714285714286
120350.0,59.0,2.0,4.0,22.0,22.0,240.0,1,0.09166666666666666
120352.0,80.0,2.0,4.8,10.0,34.0,288.0,1,0.034722222222222224
120353.0,80.0,2.0,4.0,17.0,13.0,240.0,1,0.07083333333333333
120354.0,21.0,1.0,4.8,16.0,31.0,288.0,1,0.05555555555555555
120355.0,23.0,2.0,4.5,8.0,6.0,270.0,1,0.02962962962962963
120357.0,17.0,2.0,4.1,12.0,8.0,245.99999999999997,1,0.04878048780487806
120358.0,43.0,1.0,4.2,24.0,47.0,252.0,1,0.09523809523809523
120361.0,61.0,2.0,3.9,17.0,27.0,234.0,1,0.07264957264957266
120363.0,45.0,1.0,3.9,12.0,26.0,234.0,1,0.05128205128205128
120364.0,60.0,1.0,3.9,19.0,22.0,234.0,1,0.0811965811965812
120365.0,15.0,2.0,3.7,8.0,10.0,222.0,1,0.036036036036036036
120366.0,31.0,1.0,4.0,20.0,13.0,240.0,1,0.08333333333333333
120367.0,23.0,1.0,4.5,9.0,11.0,270.0,1,0.03333333333333333
120368.0,25.0,1.0,4.1,57.0,26.0,245.99999999999997,2,0.23170731707317077
120369.0,62.0,2.0,4.3,16.0,45.0,258.0,1,0.06201550387596899
120371.0,80.0,1.0,3.9,20.0,45.0,234.0,1,0.08547008547008547
120373.0,24.0,2.0,3.9,12.0,14.0,234.0,1,0.05128205128205128
120376.0,50.0,1.0,3.9,20.0,42.0,234.0,1,0.08547008547008547
120378.0,80.0,2.0,4.1,11.0,13.0,245.99999999999997,1,0.04471544715447155
120379.0,62.0,2.0,4.1,14.0,12.0,245.99999999999997,1,0.05691056910569106
120380.0,34.0,1.0,4.5,24.0,41.0,270.0,1,0.08888888888888889
120381.0,62.0,1.0,4.4,29.0,20.0,264.0,1,0.10984848484848485
120382.0,58.0,2.0,4.2,23.0,134.0,252.0,2,0.09126984126984126
120384.0,78.0,2.0,4.3,38.0,85.0,258.0,2,0.14728682170542637
120385.0,17.0,2.0,4.0,10.0,9.0,240.0,1,0.041666666666666664
120386.0,37.0,2.0,3.5,19.0,28.0,210.0,1,0.09047619047619047
120387.0,65.0,1.0,4.0,23.0,47.0,240.0,1,0.09583333333333334
120388.0,61.0,2.0,4.3,20.0,12.0,258.0,1,0.07751937984496124
120389.0,18.0,1.0,4.4,10.0,23.0,264.0,1,0.03787878787878788
120391.0,61.0,2.0,3.8,14.0,31.0,228.0,1,0.06140350877192982
120392.0,27.0,2.0,4.0,8.0,9.0,240.0,1,0.03333333333333333
120393.0,58.0,2.0,4.1,9.0,18.0,245.99999999999997,1,0.03658536585365854
120395.0,33.0,1.0,4.5,28.0,58.0,270.0,2,0.1037037037037037
120396.0,67.0,2.0,4.2,23.0,16.0,252.0,1,0.09126984126984126
120398.0,30.0,1.0,4.5,56.0,55.0,270.0,3,0.2074074074074074
120399.0,16.0,1.0,4.2,22.0,21.0,252.0,1,0.0873015873015873
120400.0,19.0,1.0,4.2,16.0,25.0,252.0,1,0.06349206349206349
120401.0,77.0,1.0,4.0,10.0,11.0,240.0,1,0.041666666666666664
120403.0,51.0,2.0,3.7,12.0,24.0,222.0,1,0.05405405405405406
120404.0,32.0,2.0,4.4,12.0,14.0,264.0,1,0.045454545454545456
120405.0,26.0,1.0,4.6,12.0,14.0,276.0,1,0.043478260869565216
120407.0,42.0,1.0,4.0,39.0,27.0,240.0,1,0.1625
120410.0,51.0,2.0,4.2,11.0,14.0,252.0,1,0.04365079365079365
120411.0,50.0,2.0,3.8,21.0,64.0,228.0,2,0.09210526315789473
120412.0,52.0,1.0,3.9,33.0,48.0,234.0,1,0.14102564102564102
120413.0,28.0,1.0,3.8,29.0,32.0,228.0,1,0.12719298245614036
120414.0,22.0,2.0,4.2,20.0,8.0,252.0,1,0.07936507936507936
120415.0,22.0,1.0,4.3,20.0,9.0,258.0,1,0.07751937984496124
120416.0,72.0,1.0,4.6,15.0,44.0,276.0,1,0.05434782608695652
120418.0,23.0,1.0,4.5,26.0,27.0,270.0,1,0.0962962962962963
120419.0,78.0,1.0,3.8,14.0,27.0,228.0,1,0.06140350877192982
120420.0,54.0,1.0,4.1,28.0,18.0,245.99999999999997,1,0.11382113821138212
120422.0,23.0,1.0,4.0,100.0,56.0,240.0,3,0.4166666666666667
120426.0,52.0,2.0,3.7,17.0,24.0,222.0,1,0.07657657657657657
120427.0,19.0,2.0,3.8,8.0,10.0,228.0,1,0.03508771929824561
120428.0,45.0,2.0,4.3,15.0,22.0,258.0,1,0.05813953488372093
120432.0,55.0,1.0,4.3,28.0,16.0,258.0,1,0.10852713178294573
120435.0,59.0,1.0,2.1,13.0,184.0,126.0,2,0.10317460317460317
120436.0,59.0,2.0,3.3,12.0,26.0,198.0,1,0.06060606060606061
120439.0,12.0,1.0,3.9,10.0,7.0,234.0,1,0.042735042735042736
120440.0,55.0,2.0,4.3,8.0,11.0,258.0,1,0.031007751937984496
120441.0,27.0,2.0,4.4,14.0,8.0,264.0,1,0.05303030303030303
120442.0,72.0,1.0,3.9,16.0,40.0,234.0,1,0.06837606837606838
120443.0,19.0,1.0,4.6,13.0,14.0,276.0,1,0.04710144927536232
120444.0,62.0,2.0,4.0,10.0,20.0,240.0,1,0.041666666666666664
120447.0,47.0,1.0,4.5,16.0,15.0,270.0,1,0.05925925925925926
120450.0,61.0,2.0,3.7,11.0,10.0,222.0,1,0.04954954954954955
120451.0,21.0,2.0,4.1,17.0,15.0,245.99999999999997,1,0.06910569105691057
120452.0,58.0,2.0,3.8,10.0,20.0,228.0,1,0.043859649122807015
120454.0,40.0,2.0,4.2,10.0,15.0,252.0,1,0.03968253968253968
120455.0,80.0,2.0,3.8,11.0,17.0,228.0,1,0.04824561403508772
120456.0,54.0,1.0,4.0,22.0,16.0,240.0,1,0.09166666666666666
120458.0,18.0,2.0,4.3,41.0,15.0,258.0,2,0.15891472868217055
120459.0,51.0,2.0,3.6,9.0,30.0,216.0,1,0.041666666666666664
120460.0,20.0,1.0,4.1,48.0,26.0,245.99999999999997,2,0.19512195121951223
120461.0,18.0,1.0,4.4,15.0,17.0,264.0,1,0.056818181818181816
120462.0,61.0,2.0,4.3,21.0,14.0,258.0,1,0.08139534883720931
120463.0,54.0,1.0,4.3,16.0,10.0,258.0,1,0.06201550387596899
120464.0,24.0,2.0,4.0,15.0,15.0,240.0,1,0.0625
120465.0,46.0,1.0,4.4,62.0,58.0,264.0,3,0.23484848484848486
120467.0,41.0,1.0,4.0,34.0,28.0,240.0,1,0.14166666666666666
120468.0,69.0,1.0,4.1,23.0,17.0,245.99999999999997,1,0.0934959349593496
120471.0,67.0,2.0,4.2,8.0,15.0,252.0,1,0.031746031746031744
120472.0,59.0,2.0,3.9,10.0,11.0,234.0,1,0.042735042735042736
120473.0,80.0,2.0,4.0,9.0,22.0,240.0,1,0.0375
120475.0,37.0,1.0,4.4,33.0,39.0,264.0,1,0.125
120476.0,43.0,1.0,4.0,22.0,36.0,240.0,1,0.09166666666666666
120478.0,60.0,1.0,4.2,70.0,23.0,252.0,2,0.2777777777777778
120479.0,39.0,1.0,4.2,26.0,35.0,252.0,1,0.10317460317460317
120480.0,45.0,1.0,4.3,43.0,41.0,258.0,2,0.16666666666666666
120481.0,30.0,2.0,3.7,15.0,16.0,222.0,1,0.06756756756756757
120483.0,64.0,2.0,4.0,26.0,12.0,240.0,1,0.10833333333333334
120484.0,32.0,1.0,3.8,19.0,24.0,228.0,1,0.08333333333333333
120485.0,25.0,1.0,4.1,19.0,29.0,245.99999999999997,1,0.07723577235772358
120490.0,40.0,2.0,3.5,12.0,20.0,210.0,1,0.05714285714285714
120491.0,38.0,1.0,3.9,30.0,57.0,234.0,2,0.1282051282051282
120494.0,31.0,2.0,3.7,12.0,9.0,222.0,1,0.05405405405405406
120497.0,64.0,1.0,4.0,29.0,81.0,240.0,2,0.12083333333333333
120498.0,18.0,1.0,4.2,17.0,14.0,252.0,1,0.06746031746031746
120500.0,55.0,2.0,3.5,29.0,15.0,210.0,1,0.1380952380952381
120503.0,17.0,1.0,4.2,8.0,11.0,252.0,1,0.031746031746031744
120504.0,17.0,1.0,4.9,60.0,22.0,294.0,2,0.20408163265306123
120505.0,13.0,2.0,4.2,15.0,14.0,252.0,1,0.05952380952380952
120509.0,64.0,2.0,4.1,24.0,13.0,245.99999999999997,1,0.09756097560975611
120510.0,50.0,1.0,4.1,53.0,15.0,245.99999999999997,2,0.21544715447154475
120511.0,28.0,1.0,3.9,25.0,28.0,234.0,1,0.10683760683760683
120512.0,46.0,2.0,3.8,8.0,15.0,228.0,1,0.03508771929824561
120514.0,12.0,1.0,4.4,17.0,14.0,264.0,1,0.06439393939393939
120519.0,32.0,2.0,3.8,41.0,33.0,228.0,2,0.17982456140350878
120521.0,73.0,1.0,4.0,18.0,33.0,240.0,1,0.075
120522.0,62.0,1.0,4.5,20.0,22.0,270.0,1,0.07407407407407407
120523.0,38.0,2.0,4.3,8.0,10.0,258.0,1,0.031007751937984496
120526.0,26.0,2.0,4.6,116.0,310.0,276.0,3,0.42028985507246375
120527.0,55.0,1.0,4.4,52.0,39.0,264.0,2,0.19696969696969696
120528.0,59.0,1.0,4.0,11.0,27.0,240.0,1,0.04583333333333333
120529.0,21.0,2.0,4.0,11.0,13.0,240.0,1,0.04583333333333333
120531.0,58.0,2.0,4.1,27.0,27.0,245.99999999999997,1,0.10975609756097562
120532.0,33.0,1.0,4.4,30.0,25.0,264.0,1,0.11363636363636363
120534.0,16.0,1.0,4.3,10.0,13.0,258.0,1,0.03875968992248062
120535.0,70.0,2.0,4.0,28.0,13.0,240.0,1,0.11666666666666667
120536.0,19.0,2.0,3.2,13.0,5.0,192.0,1,0.06770833333333333
120538.0,53.0,2.0,4.0,13.0,11.0,240.0,1,0.05416666666666667
120540.0,44.0,1.0,4.8,80.0,95.0,288.0,3,0.2777777777777778
120541.0,31.0,1.0,4.1,26.0,25.0,245.99999999999997,1,0.10569105691056911
120542.0,59.0,1.0,4.0,19.0,33.0,240.0,1,0.07916666666666666
120544.0,70.0,2.0,3.6,23.0,22.0,216.0,1,0.10648148148148148
120545.0,55.0,2.0,4.0,9.0,11.0,240.0,1,0.0375
120547.0,12.0,1.0,4.2,17.0,15.0,252.0,1,0.06746031746031746
120552.0,21.0,1.0,3.9,115.0,64.0,234.0,3,0.49145299145299143
120553.0,32.0,2.0,4.2,15.0,21.0,252.0,1,0.05952380952380952
120556.0,76.0,1.0,4.4,19.0,24.0,264.0,1,0.07196969696969698
120557.0,80.0,1.0,4.0,10.0,18.0,240.0,1,0.041666666666666664
120558.0,45.0,1.0,4.6,21.0,53.0,276.0,2,0.07608695652173914
120561.0,37.0,1.0,4.2,65.0,25.0,252.0,2,0.25793650793650796
120563.0,62.0,1.0,3.3,11.0,13.0,198.0,1,0.05555555555555555
120566.0,42.0,1.0,3.1,9.0,15.0,186.0,1,0.04838709677419355
120567.0,71.0,1.0,3.8,9.0,17.0,228.0,1,0.039473684210526314
120570.0,65.0,1.0,3.4,28.0,82.0,204.0,2,0.13725490196078433
120571.0,55.0,2.0,4.3,17.0,15.0,258.0,1,0.06589147286821706
120573.0,56.0,2.0,3.7,22.0,29.0,222.0,1,0.0990990990990991
120576.0,28.0,2.0,4.3,15.0,13.0,258.0,1,0.05813953488372093
120577.0,56.0,2.0,4.1,57.0,33.0,245.99999999999997,2,0.23170731707317077
120581.0,37.0,2.0,3.7,17.0,12.0,222.0,1,0.07657657657657657
120584.0,63.0,2.0,4.4,18.0,38.0,264.0,1,0.06818181818181818
120586.0,19.0,1.0,4.3,18.0,13.0,258.0,1,0.06976744186046512
120590.0,80.0,2.0,3.4,8.0,33.0,204.0,1,0.0392156862745098
120591.0,67.0,2.0,3.2,14.0,35.0,192.0,1,0.07291666666666667
120593.0,68.0,1.0,4.2,18.0,33.0,252.0,1,0.07142857142857142
120594.0,61.0,1.0,3.9,19.0,36.0,234.0,1,0.0811965811965812
120595.0,13.0,1.0,4.2,12.0,16.0,252.0,1,0.047619047619047616
120596.0,42.0,2.0,4.0,16.0,11.0,240.0,1,0.06666666666666667
120597.0,63.0,2.0,4.2,11.0,29.0,252.0,1,0.04365079365079365
120598.0,29.0,2.0,3.8,21.0,15.0,228.0,1,0.09210526315789473
120600.0,72.0,1.0,4.4,39.0,40.0,264.0,1,0.14772727272727273
120601.0,24.0,1.0,4.5,40.0,42.0,270.0,1,0.14814814814814814
120603.0,64.0,1.0,3.8,16.0,21.0,228.0,1,0.07017543859649122
120605.0,15.0,1.0,4.6,11.0,10.0,276.0,1,0.03985507246376811
120607.0,49.0,2.0,4.0,30.0,21.0,240.0,1,0.125
120608.0,80.0,1.0,4.2,33.0,24.0,252.0,1,0.13095238095238096
120609.0,39.0,1.0,4.1,18.0,10.0,245.99999999999997,1,0.07317073170731708
120610.0,57.0,1.0,4.6,18.0,19.0,276.0,1,0.06521739130434782
120611.0,76.0,1.0,4.4,26.0,19.0,264.0,1,0.09848484848484848
120613.0,80.0,2.0,3.9,29.0,27.0,234.0,1,0.12393162393162394
120614.0,23.0,1.0,4.4,59.0,52.0,264.0,3,0.22348484848484848
120616.0,60.0,1.0,4.0,25.0,26.0,240.0,1,0.10416666666666667
120617.0,34.0,1.0,4.4,46.0,42.0,264.0,2,0.17424242424242425
120623.0,32.0,1.0,4.4,25.0,20.0,264.0,1,0.0946969696969697
120624.0,38.0,2.0,4.0,16.0,8.0,240.0,1,0.06666666666666667
120625.0,47.0,1.0,4.1,24.0,34.0,245.99999999999997,1,0.09756097560975611
120627.0,80.0,2.0,3.2,12.0,12.0,192.0,1,0.0625
120629.0,27.0,2.0,4.6,15.0,23.0,276.0,1,0.05434782608695652
120631.0,48.0,2.0,4.0,17.0,9.0,240.0,1,0.07083333333333333
120634.0,79.0,2.0,4.6,13.0,13.0,276.0,1,0.04710144927536232
120635.0,34.0,2.0,3.8,11.0,33.0,228.0,1,0.04824561403508772
120636.0,53.0,1.0,4.5,14.0,32.0,270.0,1,0.05185185185185185
120638.0,13.0,2.0,4.1,4.0,9.0,245.99999999999997,1,0.016260162601626018
120640.0,67.0,2.0,3.8,18.0,172.0,228.0,2,0.07894736842105263
120641.0,41.0,1.0,4.3,27.0,29.0,258.0,1,0.10465116279069768
120642.0,20.0,1.0,4.0,18.0,18.0,240.0,1,0.075
120647.0,80.0,2.0,4.6,20.0,18.0,276.0,1,0.07246376811594203
120648.0,40.0,1.0,4.4,18.0,17.0,264.0,1,0.06818181818181818
120649.0,14.0,1.0,4.3,9.0,25.0,258.0,1,0.03488372093023256
120650.0,54.0,2.0,4.3,15.0,24.0,258.0,1,0.05813953488372093
120651.0,68.0,2.0,3.5,21.0,36.0,210.0,1,0.1
120652.0,60.0,2.0,4.1,122.0,300.0,245.99999999999997,3,0.49593495934959353
120653.0,78.0,1.0,4.1,21.0,21.0,245.99999999999997,1,0.08536585365853659
120654.0,20.0,1.0,4.4,16.0,28.0,264.0,1,0.06060606060606061
120656.0,80.0,1.0,4.0,14.0,9.0,240.0,1,0.058333333333333334
120657.0,12.0,1.0,4.0,8.0,8.0,240.0,1,0.03333333333333333
120658.0,65.0,2.0,3.8,27.0,33.0,228.0,1,0.11842105263157894
120660.0,15.0,1.0,4.3,7.0,11.0,258.0,1,0.027131782945736434
120661.0,20.0,2.0,4.0,13.0,10.0,240.0,1,0.05416666666666667
120662.0,46.0,1.0,3.9,22.0,24.0,234.0,1,0.09401709401709402
120663.0,19.0,1.0,4.4,58.0,42.0,264.0,2,0.2196969696969697
120666.0,49.0,1.0,3.7,17.0,19.0,222.0,1,0.07657657657657657
120667.0,68.0,2.0,4.0,14.0,16.0,240.0,1,0.058333333333333334
120671.0,57.0,2.0,3.5,14.0,24.0,210.0,1,0.06666666666666667
120675.0,45.0,2.0,3.0,13.0,8.0,180.0,1,0.07222222222222222
120676.0,45.0,2.0,4.2,13.0,18.0,252.0,1,0.051587301587301584
120677.0,21.0,1.0,4.5,128.0,47.0,270.0,2,0.4740740740740741
120678.0,29.0,1.0,4.4,33.0,26.0,264.0,1,0.125
120683.0,71.0,1.0,4.5,21.0,13.0,270.0,1,0.07777777777777778
120684.0,26.0,2.0,3.9,29.0,32.0,234.0,1,0.12393162393162394
120685.0,38.0,1.0,4.5,41.0,37.0,270.0,2,0.15185185185185185
120687.0,36.0,2.0,4.1,26.0,89.0,245.99999999999997,2,0.10569105691056911
120688.0,54.0,1.0,4.1,15.0,43.0,245.99999999999997,1,0.06097560975609757
120691.0,80.0,2.0,4.2,9.0,11.0,252.0,1,0.03571428571428571
120692.0,55.0,1.0,3.9,19.0,42.0,234.0,1,0.0811965811965812
120694.0,54.0,1.0,4.5,27.0,31.0,270.0,1,0.1
120695.0,15.0,1.0,4.2,9.0,9.0,252.0,1,0.03571428571428571
120696.0,39.0,2.0,3.4,12.0,27.0,204.0,1,0.058823529411764705
120699.0,71.0,2.0,4.0,17.0,26.0,240.0,1,0.07083333333333333
120700.0,58.0,1.0,4.0,20.0,20.0,240.0,1,0.08333333333333333
120704.0,53.0,1.0,3.9,26.0,22.0,234.0,1,0.1111111111111111
120705.0,12.0,2.0,4.0,14.0,11.0,240.0,1,0.058333333333333334
120708.0,55.0,1.0,3.9,23.0,24.0,234.0,1,0.09829059829059829
120709.0,55.0,1.0,4.1,34.0,46.0,245.99999999999997,1,0.13821138211382114
120710.0,53.0,1.0,4.1,11.0,19.0,245.99999999999997,1,0.04471544715447155
120711.0,32.0,1.0,4.9,38.0,25.0,294.0,1,0.1292517006802721
120714.0,80.0,1.0,3.6,9.0,18.0,216.0,1,0.041666666666666664
120716.0,15.0,2.0,4.0,22.0,25.0,240.0,1,0.09166666666666666
120717.0,36.0,2.0,3.7,18.0,21.0,222.0,1,0.08108108108108109
120718.0,80.0,1.0,3.9,14.0,10.0,234.0,1,0.05982905982905983
120720.0,42.0,1.0,4.2,23.0,26.0,252.0,1,0.09126984126984126
120723.0,38.0,2.0,3.8,22.0,30.0,228.0,1,0.09649122807017543
120727.0,29.0,2.0,3.1,18.0,23.0,186.0,1,0.0967741935483871
120730.0,19.0,1.0,5.0,21.0,12.0,300.0,1,0.07
120731.0,36.0,2.0,3.7,10.0,16.0,222.0,1,0.04504504504504504
120733.0,74.0,2.0,5.0,28.0,32.0,300.0,1,0.09333333333333334
120734.0,62.0,2.0,3.5,12.0,13.0,210.0,1,0.05714285714285714
120736.0,16.0,1.0,4.4,8.0,23.0,264.0,1,0.030303030303030304
120737.0,20.0,2.0,3.9,41.0,27.0,234.0,2,0.1752136752136752
120738.0,61.0,1.0,4.3,37.0,89.0,258.0,2,0.1434108527131783
120739.0,63.0,2.0,4.1,13.0,28.0,245.99999999999997,1,0.052845528455284556
120740.0,13.0,1.0,4.2,22.0,13.0,252.0,1,0.0873015873015873
120742.0,65.0,2.0,3.6,13.0,22.0,216.0,1,0.06018518518518518
120743.0,66.0,2.0,4.2,20.0,14.0,252.0,1,0.07936507936507936
120745.0,32.0,1.0,4.6,24.0,32.0,276.0,1,0.08695652173913043
120747.0,80.0,1.0,3.8,134.0,21.0,228.0,2,0.5877192982456141
120748.0,40.0,1.0,3.7,26.0,54.0,222.0,2,0.11711711711711711
120749.0,31.0,1.0,4.2,11.0,18.0,252.0,1,0.04365079365079365
120751.0,19.0,2.0,4.0,28.0,20.0,240.0,1,0.11666666666666667
120752.0,64.0,1.0,4.4,27.0,20.0,264.0,1,0.10227272727272728
120754.0,63.0,1.0,4.1,16.0,46.0,245.99999999999997,1,0.06504065040650407
120755.0,12.0,2.0,4.4,13.0,12.0,264.0,1,0.04924242424242424
120756.0,67.0,2.0,3.6,19.0,155.0,216.0,2,0.08796296296296297
120758.0,12.0,1.0,4.4,45.0,23.0,264.0,2,0.17045454545454544
120761.0,70.0,1.0,4.1,17.0,32.0,245.99999999999997,1,0.06910569105691057
120762.0,74.0,2.0,3.3,16.0,16.0,198.0,1,0.08080808080808081
120766.0,12.0,2.0,4.1,12.0,15.0,245.99999999999997,1,0.04878048780487806
120769.0,47.0,2.0,4.1,21.0,26.0,245.99999999999997,1,0.08536585365853659
120770.0,54.0,1.0,4.0,58.0,460.0,240.0,3,0.24166666666666667
120774.0,22.0,2.0,3.9,16.0,32.0,234.0,1,0.06837606837606838
120778.0,30.0,2.0,3.9,25.0,12.0,234.0,1,0.10683760683760683
120779.0,56.0,1.0,4.4,27.0,24.0,264.0,1,0.10227272727272728
120780.0,40.0,2.0,4.0,9.0,14.0,240.0,1,0.0375
120782.0,21.0,1.0,4.1,26.0,48.0,245.99999999999997,1,0.10569105691056911
120784.0,49.0,2.0,4.2,60.0,64.0,252.0,3,0.23809523809523808
120786.0,13.0,1.0,3.9,15.0,11.0,234.0,1,0.0641025641025641
120788.0,54.0,2.0,4.2,12.0,11.0,252.0,1,0.047619047619047616
120790.0,56.0,2.0,3.7,11.0,22.0,222.0,1,0.04954954954954955
120791.0,64.0,2.0,4.3,8.0,8.0,258.0,1,0.031007751937984496
120792.0,47.0,1.0,3.9,15.0,15.0,234.0,1,0.0641025641025641
120793.0,70.0,2.0,4.1,16.0,15.0,245.99999999999997,1,0.06504065040650407
120794.0,51.0,1.0,4.3,8.0,9.0,258.0,1,0.031007751937984496
120796.0,79.0,2.0,3.7,14.0,11.0,222.0,1,0.06306306306306306
120797.0,71.0,1.0,3.3,10.0,31.0,198.0,1,0.050505050505050504
120798.0,60.0,1.0,3.7,22.0,176.0,222.0,2,0.0990990990990991
120799.0,66.0,1.0,4.0,19.0,23.0,240.0,1,0.07916666666666666
120802.0,23.0,1.0,4.2,39.0,35.0,252.0,1,0.15476190476190477
120804.0,40.0,2.0,4.1,21.0,23.0,245.99999999999997,1,0.08536585365853659
120805.0,13.0,2.0,3.7,16.0,13.0,222.0,1,0.07207207207207207
120810.0,20.0,2.0,5.1,34.0,92.0,306.0,2,0.1111111111111111
120811.0,14.0,2.0,4.2,12.0,8.0,252.0,1,0.047619047619047616
120817.0,59.0,1.0,4.2,27.0,47.0,252.0,1,0.10714285714285714
120819.0,31.0,2.0,4.3,18.0,12.0,258.0,1,0.06976744186046512
120820.0,13.0,2.0,3.9,11.0,6.0,234.0,1,0.04700854700854701
120821.0,80.0,2.0,3.8,22.0,149.0,228.0,2,0.09649122807017543
120823.0,58.0,1.0,4.2,59.0,41.0,252.0,2,0.23412698412698413
120825.0,56.0,2.0,4.1,26.0,42.0,245.99999999999997,1,0.10569105691056911
120826.0,52.0,2.0,4.1,13.0,17.0,245.99999999999997,1,0.052845528455284556
120827.0,29.0,1.0,4.5,26.0,26.0,270.0,1,0.0962962962962963
120828.0,75.0,2.0,4.0,13.0,7.0,240.0,1,0.05416666666666667
120829.0,53.0,2.0,3.6,13.0,29.0,216.0,1,0.06018518518518518
120831.0,60.0,1.0,4.1,23.0,31.0,245.99999999999997,1,0.0934959349593496
120832.0,60.0,1.0,4.0,30.0,23.0,240.0,1,0.125
120833.0,80.0,2.0,4.1,24.0,23.0,245.99999999999997,1,0.09756097560975611
120834.0,80.0,1.0,3.5,53.0,46.0,210.0,2,0.2523809523809524
120836.0,72.0,1.0,4.1,25.0,18.0,245.99999999999997,1,0.10162601626016261
120837.0,38.0,2.0,4.0,12.0,13.0,240.0,1,0.05
120838.0,80.0,2.0,4.4,13.0,11.0,264.0,1,0.04924242424242424
120841.0,55.0,1.0,4.0,66.0,37.0,240.0,2,0.275
120842.0,30.0,2.0,3.9,16.0,24.0,234.0,1,0.06837606837606838
120843.0,61.0,1.0,4.2,19.0,12.0,252.0,1,0.07539682539682539
120846.0,42.0,1.0,4.2,10.0,13.0,252.0,1,0.03968253968253968
120847.0,76.0,1.0,4.5,14.0,23.0,270.0,1,0.05185185185185185
120848.0,32.0,2.0,4.3,12.0,11.0,258.0,1,0.046511627906976744
120849.0,26.0,1.0,4.2,28.0,18.0,252.0,1,0.1111111111111111
120851.0,56.0,2.0,4.3,16.0,21.0,258.0,1,0.06201550387596899
120852.0,13.0,2.0,4.0,11.0,8.0,240.0,1,0.04583333333333333
120853.0,13.0,1.0,4.7,12.0,12.0,282.0,1,0.0425531914893617
120859.0,65.0,2.0,3.9,28.0,24.0,234.0,1,0.11965811965811966
120860.0,61.0,1.0,4.1,19.0,27.0,245.99999999999997,1,0.07723577235772358
120862.0,66.0,1.0,4.3,9.0,19.0,258.0,1,0.03488372093023256
120863.0,54.0,1.0,4.3,13.0,14.0,258.0,1,0.050387596899224806
120866.0,17.0,2.0,4.0,45.0,19.0,240.0,2,0.1875
120868.0,70.0,2.0,4.0,11.0,10.0,240.0,1,0.04583333333333333
120870.0,66.0,2.0,4.9,10.0,16.0,294.0,1,0.034013605442176874
120871.0,14.0,1.0,4.6,14.0,17.0,276.0,1,0.050724637681159424
120872.0,12.0,1.0,4.1,9.0,13.0,245.99999999999997,1,0.03658536585365854
120873.0,75.0,2.0,3.9,11.0,14.0,234.0,1,0.04700854700854701
120874.0,32.0,2.0,4.2,32.0,71.0,252.0,2,0.12698412698412698
120875.0,41.0,2.0,3.4,12.0,15.0,204.0,1,0.058823529411764705
120876.0,24.0,1.0,4.7,7.0,8.0,282.0,1,0.024822695035460994
120877.0,12.0,2.0,4.2,14.0,7.0,252.0,1,0.05555555555555555
120878.0,35.0,1.0,4.2,31.0,43.0,252.0,1,0.12301587301587301
120879.0,61.0,2.0,4.4,21.0,83.0,264.0,2,0.07954545454545454
120880.0,18.0,2.0,3.8,12.0,12.0,228.0,1,0.05263157894736842
120881.0,41.0,1.0,5.3,28.0,30.0,318.0,1,0.0880503144654088
120882.0,24.0,1.0,4.5,46.0,13.0,270.0,2,0.17037037037037037
120885.0,69.0,1.0,4.8,21.0,22.0,288.0,1,0.07291666666666667
120886.0,70.0,1.0,4.0,22.0,21.0,240.0,1,0.09166666666666666
120887.0,53.0,2.0,4.0,17.0,13.0,240.0,1,0.07083333333333333
120888.0,62.0,2.0,4.1,43.0,47.0,245.99999999999997,2,0.17479674796747968
120889.0,39.0,2.0,3.9,6.0,10.0,234.0,1,0.02564102564102564
120890.0,51.0,2.0,4.0,56.0,85.0,240.0,3,0.23333333333333334
120894.0,22.0,2.0,3.8,13.0,14.0,228.0,1,0.05701754385964912
120895.0,14.0,2.0,4.2,9.0,10.0,252.0,1,0.03571428571428571
120897.0,44.0,2.0,4.2,23.0,33.0,252.0,1,0.09126984126984126
120899.0,60.0,2.0,4.0,30.0,147.0,240.0,2,0.125
120901.0,43.0,2.0,3.0,41.0,410.0,180.0,3,0.22777777777777777
120904.0,63.0,1.0,3.7,27.0,159.0,222.0,2,0.12162162162162163
120905.0,64.0,2.0,4.0,19.0,26.0,240.0,1,0.07916666666666666
120908.0,22.0,2.0,4.1,8.0,7.0,245.99999999999997,1,0.032520325203252036
120909.0,67.0,2.0,3.8,37.0,38.0,228.0,1,0.16228070175438597
120911.0,41.0,1.0,4.1,50.0,31.0,245.99999999999997,2,0.20325203252032523
120912.0,66.0,1.0,4.0,15.0,16.0,240.0,1,0.0625
120917.0,80.0,1.0,4.4,25.0,27.0,264.0,1,0.0946969696969697
120921.0,22.0,2.0,3.8,16.0,14.0,228.0,1,0.07017543859649122
120922.0,46.0,1.0,4.5,25.0,18.0,270.0,1,0.09259259259259259
120924.0,50.0,1.0,3.6,25.0,94.0,216.0,2,0.11574074074074074
120925.0,28.0,1.0,3.9,27.0,49.0,234.0,2,0.11538461538461539
120926.0,80.0,2.0,3.6,11.0,11.0,216.0,1,0.05092592592592592
120927.0,55.0,2.0,3.5,13.0,15.0,210.0,1,0.06190476190476191
120928.0,23.0,1.0,4.2,12.0,12.0,252.0,1,0.047619047619047616
120930.0,62.0,2.0,3.7,14.0,26.0,222.0,1,0.06306306306306306
120931.0,80.0,2.0,3.8,13.0,35.0,228.0,1,0.05701754385964912
120933.0,68.0,1.0,4.2,18.0,35.0,252.0,1,0.07142857142857142
120935.0,14.0,1.0,3.7,20.0,16.0,222.0,1,0.09009009009009009
120936.0,61.0,1.0,3.7,20.0,31.0,222.0,1,0.09009009009009009
120939.0,63.0,1.0,4.0,49.0,79.0,240.0,3,0.20416666666666666
120940.0,17.0,1.0,4.6,16.0,20.0,276.0,1,0.057971014492753624
120941.0,67.0,2.0,4.2,17.0,9.0,252.0,1,0.06746031746031746
120943.0,68.0,1.0,4.0,21.0,21.0,240.0,1,0.0875
120945.0,25.0,1.0,4.2,14.0,21.0,252.0,1,0.05555555555555555
120947.0,13.0,2.0,4.5,16.0,10.0,270.0,1,0.05925925925925926
120948.0,33.0,1.0,4.4,119.0,126.0,264.0,3,0.45075757575757575
120950.0,34.0,1.0,4.6,44.0,150.0,276.0,3,0.15942028985507245
120951.0,17.0,2.0,3.4,24.0,38.0,204.0,1,0.11764705882352941
120953.0,61.0,1.0,3.7,45.0,42.0,222.0,2,0.20270270270270271
120955.0,13.0,1.0,4.1,15.0,13.0,245.99999999999997,1,0.06097560975609757
120956.0,19.0,1.0,4.9,20.0,17.0,294.0,1,0.06802721088435375
120958.0,16.0,1.0,4.8,10.0,12.0,288.0,1,0.034722222222222224
120959.0,69.0,1.0,3.7,18.0,33.0,222.0,1,0.08108108108108109
120960.0,61.0,2.0,4.2,13.0,16.0,252.0,1,0.051587301587301584
120962.0,58.0,1.0,4.5,42.0,49.0,270.0,3,0.15555555555555556
120964.0,71.0,1.0,4.2,14.0,28.0,252.0,1,0.05555555555555555
120965.0,55.0,2.0,4.1,14.0,7.0,245.99999999999997,1,0.05691056910569106
120967.0,57.0,1.0,4.0,62.0,55.0,240.0,3,0.25833333333333336
120968.0,70.0,1.0,3.9,21.0,19.0,234.0,1,0.08974358974358974
120969.0,46.0,1.0,4.2,67.0,48.0,252.0,2,0.26587301587301587
120971.0,41.0,2.0,3.9,15.0,25.0,234.0,1,0.0641025641025641
120973.0,63.0,1.0,3.9,20.0,11.0,234.0,1,0.08547008547008547
120975.0,17.0,2.0,4.6,9.0,7.0,276.0,1,0.03260869565217391
120976.0,16.0,1.0,4.4,15.0,14.0,264.0,1,0.056818181818181816
120978.0,53.0,2.0,3.8,25.0,13.0,228.0,1,0.10964912280701754
120979.0,62.0,2.0,3.9,18.0,22.0,234.0,1,0.07692307692307693
120980.0,14.0,2.0,4.1,25.0,31.0,245.99999999999997,1,0.10162601626016261
120981.0,68.0,2.0,4.0,34.0,33.0,240.0,1,0.14166666666666666
120982.0,29.0,1.0,4.7,211.0,309.0,282.0,3,0.74822695035461
120983.0,60.0,2.0,3.7,36.0,158.0,222.0,2,0.16216216216216217
120984.0,39.0,2.0,3.9,27.0,30.0,234.0,1,0.11538461538461539
120987.0,50.0,2.0,3.8,15.0,7.0,228.0,1,0.06578947368421052
120989.0,46.0,1.0,4.2,13.0,11.0,252.0,1,0.051587301587301584
120990.0,18.0,2.0,4.3,7.0,7.0,258.0,1,0.027131782945736434
120991.0,27.0,1.0,4.0,13.0,23.0,240.0,1,0.05416666666666667
120994.0,55.0,2.0,4.1,29.0,20.0,245.99999999999997,1,0.11788617886178863
120995.0,19.0,2.0,4.2,41.0,50.0,252.0,3,0.1626984126984127
120996.0,15.0,1.0,4.5,12.0,14.0,270.0,1,0.044444444444444446
120999.0,64.0,1.0,3.5,33.0,38.0,210.0,1,0.15714285714285714
121000.0,46.0,1.0,4.3,35.0,38.0,258.0,1,0.13565891472868216
121001.0,64.0,2.0,4.6,17.0,43.0,276.0,1,0.06159420289855073
121002.0,64.0,1.0,3.9,20.0,12.0,234.0,1,0.08547008547008547
121004.0,14.0,2.0,4.2,19.0,10.0,252.0,1,0.07539682539682539
121005.0,66.0,1.0,3.6,10.0,13.0,216.0,1,0.046296296296296294
121008.0,46.0,2.0,4.2,46.0,9.0,252.0,2,0.18253968253968253
121012.0,22.0,2.0,4.1,13.0,12.0,245.99999999999997,1,0.052845528455284556
121014.0,15.0,1.0,4.3,9.0,8.0,258.0,1,0.03488372093023256
121015.0,29.0,1.0,4.6,133.0,54.0,276.0,3,0.48188405797101447
121020.0,55.0,1.0,4.1,39.0,49.0,245.99999999999997,2,0.1585365853658537
121022.0,39.0,2.0,3.7,21.0,33.0,222.0,1,0.0945945945945946
121023.0,60.0,1.0,4.3,31.0,32.0,258.0,1,0.12015503875968993
121024.0,12.0,1.0,4.0,22.0,14.0,240.0,1,0.09166666666666666
121027.0,20.0,2.0,4.0,10.0,15.0,240.0,1,0.041666666666666664
121029.0,76.0,1.0,3.8,16.0,26.0,228.0,1,0.07017543859649122
121030.0,29.0,2.0,3.8,19.0,34.0,228.0,1,0.08333333333333333
121032.0,23.0,2.0,4.2,19.0,17.0,252.0,1,0.07539682539682539
121033.0,19.0,2.0,4.1,6.0,18.0,245.99999999999997,1,0.02439024390243903
121035.0,14.0,1.0,5.0,12.0,9.0,300.0,1,0.04
121037.0,46.0,2.0,3.7,9.0,14.0,222.0,1,0.04054054054054054
121038.0,53.0,1.0,4.0,18.0,88.0,240.0,2,0.075
121041.0,42.0,1.0,3.8,84.0,25.0,228.0,2,0.3684210526315789
121043.0,26.0,1.0,4.3,40.0,26.0,258.0,1,0.15503875968992248
121045.0,27.0,1.0,4.1,52.0,46.0,245.99999999999997,2,0.21138211382113822
121047.0,75.0,1.0,3.9,13.0,11.0,234.0,1,0.05555555555555555
121052.0,24.0,2.0,3.7,16.0,14.0,222.0,1,0.07207207207207207
121054.0,15.0,1.0,4.6,11.0,11.0,276.0,1,0.03985507246376811
121057.0,25.0,1.0,4.5,51.0,32.0,270.0,2,0.18888888888888888
121058.0,51.0,1.0,4.5,108.0,585.0,270.0,3,0.4
121059.0,29.0,1.0,4.2,10.0,18.0,252.0,1,0.03968253968253968
121060.0,31.0,1.0,3.9,12.0,9.0,234.0,1,0.05128205128205128
121061.0,62.0,1.0,4.3,18.0,36.0,258.0,1,0.06976744186046512
121063.0,42.0,2.0,4.0,16.0,25.0,240.0,1,0.06666666666666667
121064.0,59.0,1.0,3.5,14.0,15.0,210.0,1,0.06666666666666667
121065.0,74.0,2.0,4.1,13.0,46.0,245.99999999999997,1,0.052845528455284556
121067.0,60.0,1.0,3.7,46.0,43.0,222.0,2,0.2072072072072072
121068.0,54.0,2.0,4.5,25.0,18.0,270.0,1,0.09259259259259259
121069.0,31.0,1.0,3.9,31.0,29.0,234.0,1,0.13247863247863248
121070.0,43.0,2.0,4.2,17.0,9.0,252.0,1,0.06746031746031746
121071.0,21.0,2.0,4.3,16.0,16.0,258.0,1,0.06201550387596899
121072.0,80.0,1.0,4.4,14.0,11.0,264.0,1,0.05303030303030303
121073.0,71.0,1.0,4.0,15.0,15.0,240.0,1,0.0625
121074.0,35.0,1.0,4.6,21.0,20.0,276.0,1,0.07608695652173914
121076.0,18.0,2.0,4.1,15.0,27.0,245.99999999999997,1,0.06097560975609757
121077.0,30.0,1.0,4.3,49.0,27.0,258.0,2,0.18992248062015504
121078.0,64.0,1.0,4.1,33.0,32.0,245.99999999999997,1,0.13414634146341464
121080.0,32.0,1.0,4.6,30.0,32.0,276.0,1,0.10869565217391304
121081.0,51.0,2.0,4.2,15.0,14.0,252.0,1,0.05952380952380952
121082.0,48.0,2.0,4.0,8.0,10.0,240.0,1,0.03333333333333333
121083.0,24.0,1.0,4.3,33.0,33.0,258.0,1,0.12790697674418605
121088.0,31.0,2.0,3.9,43.0,15.0,234.0,2,0.18376068376068377
121089.0,72.0,2.0,3.5,12.0,14.0,210.0,1,0.05714285714285714
121090.0,17.0,2.0,4.1,15.0,20.0,245.99999999999997,1,0.06097560975609757
121091.0,18.0,2.0,4.2,8.0,14.0,252.0,1,0.031746031746031744
121092.0,40.0,2.0,3.4,16.0,29.0,204.0,1,0.0784313725490196
121095.0,67.0,2.0,3.9,6.0,21.0,234.0,1,0.02564102564102564
121098.0,56.0,1.0,4.0,28.0,33.0,240.0,1,0.11666666666666667
121099.0,80.0,1.0,3.8,19.0,15.0,228.0,1,0.08333333333333333
121101.0,33.0,1.0,4.1,20.0,25.0,245.99999999999997,1,0.0813008130081301
121102.0,45.0,1.0,3.7,15.0,128.0,222.0,2,0.06756756756756757
121104.0,66.0,2.0,3.6,19.0,24.0,216.0,1,0.08796296296296297
121105.0,54.0,1.0,3.5,11.0,76.0,210.0,2,0.05238095238095238
121106.0,71.0,1.0,4.1,19.0,24.0,245.99999999999997,1,0.07723577235772358
121108.0,80.0,2.0,3.7,11.0,17.0,222.0,1,0.04954954954954955
121110.0,41.0,1.0,4.4,34.0,35.0,264.0,1,0.12878787878787878
121111.0,29.0,1.0,4.5,63.0,50.0,270.0,3,0.23333333333333334
121114.0,29.0,2.0,4.3,11.0,16.0,258.0,1,0.04263565891472868
121115.0,72.0,1.0,3.9,22.0,19.0,234.0,1,0.09401709401709402
121116.0,42.0,2.0,4.4,50.0,26.0,264.0,2,0.1893939393939394
121117.0,50.0,1.0,4.1,13.0,23.0,245.99999999999997,1,0.052845528455284556
121119.0,16.0,2.0,4.0,8.0,18.0,240.0,1,0.03333333333333333
121120.0,54.0,2.0,3.8,141.0,74.0,228.0,3,0.618421052631579
121122.0,46.0,1.0,3.9,13.0,18.0,234.0,1,0.05555555555555555
121123.0,53.0,2.0,3.7,30.0,31.0,222.0,1,0.13513513513513514
121125.0,22.0,1.0,4.6,82.0,29.0,276.0,2,0.2971014492753623
121126.0,53.0,2.0,4.2,21.0,49.0,252.0,2,0.08333333333333333
121127.0,14.0,1.0,4.0,19.0,17.0,240.0,1,0.07916666666666666
121134.0,56.0,1.0,4.2,47.0,27.0,252.0,2,0.1865079365079365
121135.0,40.0,1.0,4.3,14.0,20.0,258.0,1,0.05426356589147287
121136.0,79.0,1.0,4.1,18.0,20.0,245.99999999999997,1,0.07317073170731708
121139.0,18.0,1.0,3.0,24.0,14.0,180.0,1,0.13333333333333333
121142.0,80.0,1.0,4.1,11.0,28.0,245.99999999999997,1,0.04471544715447155
121146.0,26.0,1.0,4.7,14.0,19.0,282.0,1,0.04964539007092199
121147.0,50.0,2.0,4.4,18.0,14.0,264.0,1,0.06818181818181818
121148.0,53.0,2.0,4.7,13.0,18.0,282.0,1,0.04609929078014184
121149.0,43.0,2.0,3.4,14.0,16.0,204.0,1,0.06862745098039216
121153.0,28.0,1.0,4.0,31.0,19.0,240.0,1,0.12916666666666668
121154.0,61.0,2.0,4.3,15.0,20.0,258.0,1,0.05813953488372093
121156.0,59.0,2.0,3.8,13.0,15.0,228.0,1,0.05701754385964912
121157.0,63.0,2.0,4.3,13.0,12.0,258.0,1,0.050387596899224806
121160.0,72.0,1.0,4.1,20.0,37.0,245.99999999999997,1,0.0813008130081301
121161.0,12.0,1.0,4.5,10.0,11.0,270.0,1,0.037037037037037035
121162.0,42.0,2.0,4.2,12.0,9.0,252.0,1,0.047619047619047616
121163.0,72.0,2.0,3.4,37.0,48.0,204.0,1,0.18137254901960784
121164.0,16.0,2.0,4.0,20.0,14.0,240.0,1,0.08333333333333333
121165.0,22.0,1.0,4.4,14.0,19.0,264.0,1,0.05303030303030303
121169.0,31.0,1.0,4.4,17.0,10.0,264.0,1,0.06439393939393939
121171.0,49.0,2.0,3.7,31.0,33.0,222.0,1,0.13963963963963963
121172.0,73.0,2.0,3.9,10.0,15.0,234.0,1,0.042735042735042736
121173.0,63.0,2.0,3.8,13.0,19.0,228.0,1,0.05701754385964912
121174.0,55.0,1.0,3.9,16.0,21.0,234.0,1,0.06837606837606838
121175.0,63.0,1.0,4.3,12.0,29.0,258.0,1,0.046511627906976744
121176.0,60.0,2.0,4.1,15.0,24.0,245.99999999999997,1,0.06097560975609757
121177.0,18.0,2.0,4.1,31.0,10.0,245.99999999999997,1,0.12601626016260165
121178.0,72.0,1.0,4.3,20.0,17.0,258.0,1,0.07751937984496124
121181.0,57.0,1.0,4.4,29.0,35.0,264.0,1,0.10984848484848485
121182.0,45.0,1.0,4.0,12.0,21.0,240.0,1,0.05
121185.0,47.0,2.0,4.0,11.0,14.0,240.0,1,0.04583333333333333
121187.0,61.0,2.0,4.1,19.0,24.0,245.99999999999997,1,0.07723577235772358
121188.0,35.0,2.0,3.9,14.0,9.0,234.0,1,0.05982905982905983
121189.0,12.0,2.0,4.3,9.0,11.0,258.0,1,0.03488372093023256
121192.0,18.0,2.0,4.6,10.0,13.0,276.0,1,0.036231884057971016
121194.0,39.0,2.0,3.7,9.0,9.0,222.0,1,0.04054054054054054
121196.0,14.0,1.0,4.5,19.0,13.0,270.0,1,0.07037037037037037
121197.0,61.0,1.0,4.5,17.0,30.0,270.0,1,0.06296296296296296
121198.0,19.0,2.0,3.8,8.0,14.0,228.0,1,0.03508771929824561
121199.0,24.0,2.0,4.2,9.0,13.0,252.0,1,0.03571428571428571
121200.0,49.0,2.0,3.8,12.0,18.0,228.0,1,0.05263157894736842
121201.0,36.0,1.0,3.7,51.0,34.0,222.0,2,0.22972972972972974
121203.0,80.0,2.0,4.2,11.0,10.0,252.0,1,0.04365079365079365
121204.0,70.0,2.0,3.6,27.0,67.0,216.0,2,0.125
121205.0,70.0,1.0,4.2,18.0,32.0,252.0,1,0.07142857142857142
121207.0,65.0,1.0,3.9,15.0,17.0,234.0,1,0.0641025641025641
121208.0,40.0,2.0,3.7,11.0,11.0,222.0,1,0.04954954954954955
121209.0,50.0,2.0,4.3,21.0,24.0,258.0,1,0.08139534883720931
121210.0,24.0,1.0,4.8,50.0,37.0,288.0,2,0.1736111111111111
121211.0,37.0,2.0,3.7,11.0,12.0,222.0,1,0.04954954954954955
121213.0,24.0,2.0,4.1,9.0,7.0,245.99999999999997,1,0.03658536585365854
121215.0,32.0,2.0,4.1,14.0,9.0,245.99999999999997,1,0.05691056910569106
121219.0,41.0,1.0,4.6,31.0,20.0,276.0,1,0.11231884057971014
121220.0,36.0,1.0,4.2,14.0,17.0,252.0,1,0.05555555555555555
121225.0,13.0,2.0,3.6,21.0,59.0,216.0,2,0.09722222222222222
121228.0,29.0,2.0,4.8,14.0,12.0,288.0,1,0.04861111111111111
121231.0,60.0,1.0,3.5,92.0,145.0,210.0,3,0.4380952380952381
121235.0,18.0,1.0,4.4,11.0,15.0,264.0,1,0.041666666666666664
121236.0,80.0,2.0,3.9,16.0,51.0,234.0,2,0.06837606837606838
121237.0,63.0,2.0,4.1,10.0,17.0,245.99999999999997,1,0.04065040650406505
121240.0,44.0,2.0,3.8,13.0,29.0,228.0,1,0.05701754385964912
121242.0,41.0,2.0,4.0,18.0,36.0,240.0,1,0.075
121243.0,62.0,2.0,4.6,24.0,26.0,276.0,1,0.08695652173913043
121245.0,24.0,1.0,4.0,19.0,17.0,240.0,1,0.07916666666666666
121246.0,48.0,2.0,3.3,7.0,27.0,198.0,1,0.03535353535353535
121247.0,44.0,1.0,4.3,36.0,62.0,258.0,2,0.13953488372093023
121249.0,77.0,1.0,3.9,32.0,32.0,234.0,1,0.13675213675213677
121251.0,80.0,1.0,3.7,24.0,24.0,222.0,1,0.10810810810810811
121253.0,55.0,2.0,4.0,24.0,22.0,240.0,1,0.1
121254.0,47.0,1.0,4.4,17.0,11.0,264.0,1,0.06439393939393939
121255.0,33.0,2.0,3.6,19.0,36.0,216.0,1,0.08796296296296297
121256.0,23.0,2.0,4.0,21.0,16.0,240.0,1,0.0875
121258.0,18.0,2.0,3.9,150.0,28.0,234.0,2,0.6410256410256411
121259.0,35.0,2.0,3.7,14.0,27.0,222.0,1,0.06306306306306306
121260.0,75.0,2.0,3.6,7.0,14.0,216.0,1,0.032407407407407406
121261.0,19.0,2.0,4.1,21.0,15.0,245.99999999999997,1,0.08536585365853659
121262.0,64.0,2.0,4.0,27.0,200.0,240.0,2,0.1125
121264.0,42.0,1.0,4.0,45.0,36.0,240.0,2,0.1875
121267.0,14.0,2.0,4.0,20.0,12.0,240.0,1,0.08333333333333333
121269.0,53.0,1.0,4.2,31.0,17.0,252.0,1,0.12301587301587301
121270.0,24.0,1.0,4.4,15.0,17.0,264.0,1,0.056818181818181816
121272.0,80.0,2.0,3.9,13.0,14.0,234.0,1,0.05555555555555555
121273.0,16.0,1.0,5.0,19.0,30.0,300.0,1,0.06333333333333334
121274.0,58.0,1.0,3.8,28.0,26.0,228.0,1,0.12280701754385964
121276.0,35.0,2.0,3.6,8.0,24.0,216.0,1,0.037037037037037035
121277.0,60.0,2.0,3.9,19.0,18.0,234.0,1,0.0811965811965812
121279.0,28.0,2.0,4.3,25.0,46.0,258.0,1,0.09689922480620156
121284.0,46.0,1.0,4.2,22.0,46.0,252.0,1,0.0873015873015873
121286.0,29.0,2.0,4.0,9.0,14.0,240.0,1,0.0375
121287.0,60.0,1.0,4.3,15.0,20.0,258.0,1,0.05813953488372093
121288.0,14.0,2.0,4.2,13.0,8.0,252.0,1,0.051587301587301584
121290.0,58.0,2.0,3.8,24.0,9.0,228.0,1,0.10526315789473684
121291.0,65.0,1.0,4.4,16.0,33.0,264.0,1,0.06060606060606061
121293.0,25.0,2.0,4.1,11.0,21.0,245.99999999999997,1,0.04471544715447155
121294.0,80.0,2.0,3.7,9.0,8.0,222.0,1,0.04054054054054054
121295.0,66.0,1.0,4.4,11.0,25.0,264.0,1,0.041666666666666664
121296.0,57.0,1.0,4.6,18.0,22.0,276.0,1,0.06521739130434782
121297.0,17.0,2.0,4.1,12.0,11.0,245.99999999999997,1,0.04878048780487806
121299.0,64.0,2.0,3.8,17.0,14.0,228.0,1,0.07456140350877193
121300.0,14.0,2.0,3.8,9.0,15.0,228.0,1,0.039473684210526314
121303.0,46.0,1.0,4.4,17.0,13.0,264.0,1,0.06439393939393939
121304.0,58.0,1.0,4.3,29.0,27.0,258.0,1,0.1124031007751938
121305.0,44.0,1.0,4.0,21.0,73.0,240.0,2,0.0875
121307.0,15.0,1.0,4.4,11.0,11.0,264.0,1,0.041666666666666664
121308.0,41.0,2.0,3.9,25.0,17.0,234.0,1,0.10683760683760683
121309.0,70.0,2.0,4.0,35.0,20.0,240.0,1,0.14583333333333334
121311.0,38.0,2.0,3.8,17.0,21.0,228.0,1,0.07456140350877193
121313.0,55.0,2.0,4.5,14.0,22.0,270.0,1,0.05185185185185185
121315.0,53.0,1.0,4.2,28.0,23.0,252.0,1,0.1111111111111111
121317.0,61.0,1.0,3.9,41.0,20.0,234.0,2,0.1752136752136752
121319.0,47.0,2.0,4.2,13.0,18.0,252.0,1,0.051587301587301584
121321.0,63.0,1.0,3.8,21.0,23.0,228.0,1,0.09210526315789473
121322.0,61.0,2.0,3.7,16.0,14.0,222.0,1,0.07207207207207207
121323.0,80.0,1.0,4.0,15.0,14.0,240.0,1,0.0625
121324.0,27.0,2.0,4.2,14.0,10.0,252.0,1,0.05555555555555555
121325.0,55.0,1.0,4.0,38.0,35.0,240.0,1,0.15833333333333333
121326.0,70.0,2.0,3.8,12.0,12.0,228.0,1,0.05263157894736842
121329.0,63.0,2.0,3.4,37.0,106.0,204.0,2,0.18137254901960784
121334.0,69.0,2.0,4.3,9.0,5.0,258.0,1,0.03488372093023256
121335.0,26.0,2.0,4.8,18.0,15.0,288.0,1,0.0625
121336.0,73.0,2.0,4.3,14.0,35.0,258.0,1,0.05426356589147287
121337.0,72.0,1.0,3.7,13.0,15.0,222.0,1,0.05855855855855856
121340.0,37.0,2.0,3.8,7.0,26.0,228.0,1,0.03070175438596491
121341.0,61.0,1.0,4.0,34.0,55.0,240.0,2,0.14166666666666666
121342.0,18.0,1.0,4.4,10.0,13.0,264.0,1,0.03787878787878788
121343.0,45.0,2.0,3.5,16.0,28.0,210.0,1,0.0761904761904762
121345.0,34.0,2.0,4.0,11.0,10.0,240.0,1,0.04583333333333333
121346.0,52.0,1.0,4.1,28.0,23.0,245.99999999999997,1,0.11382113821138212
121348.0,49.0,2.0,3.7,12.0,11.0,222.0,1,0.05405405405405406
121349.0,75.0,1.0,3.8,16.0,18.0,228.0,1,0.07017543859649122
121350.0,42.0,2.0,3.7,8.0,18.0,222.0,1,0.036036036036036036
121351.0,41.0,1.0,4.0,21.0,20.0,240.0,1,0.0875
121353.0,63.0,1.0,3.6,17.0,56.0,216.0,2,0.0787037037037037
121358.0,29.0,1.0,4.1,56.0,59.0,245.99999999999997,3,0.22764227642276424
121359.0,76.0,2.0,3.6,13.0,31.0,216.0,1,0.06018518518518518
121360.0,58.0,1.0,3.8,27.0,30.0,228.0,1,0.11842105263157894
121361.0,40.0,2.0,4.4,9.0,11.0,264.0,1,0.03409090909090909
121364.0,27.0,2.0,3.7,15.0,16.0,222.0,1,0.06756756756756757
121365.0,37.0,1.0,4.3,26.0,16.0,258.0,1,0.10077519379844961
121367.0,45.0,1.0,3.9,56.0,36.0,234.0,2,0.23931623931623933
121368.0,55.0,1.0,4.5,19.0,10.0,270.0,1,0.07037037037037037
121371.0,23.0,1.0,4.1,15.0,14.0,245.99999999999997,1,0.06097560975609757
121373.0,76.0,1.0,4.8,31.0,48.0,288.0,1,0.1076388888888889
121378.0,45.0,2.0,3.7,13.0,10.0,222.0,1,0.05855855855855856
121379.0,80.0,1.0,3.8,25.0,28.0,228.0,1,0.10964912280701754
121380.0,16.0,1.0,4.4,60.0,43.0,264.0,2,0.22727272727272727
121381.0,23.0,2.0,4.0,31.0,29.0,240.0,1,0.12916666666666668
121382.0,38.0,2.0,3.8,12.0,17.0,228.0,1,0.05263157894736842
121383.0,70.0,1.0,4.0,39.0,53.0,240.0,2,0.1625
121386.0,48.0,1.0,3.9,17.0,32.0,234.0,1,0.07264957264957266
121391.0,62.0,2.0,4.3,18.0,17.0,258.0,1,0.06976744186046512
121393.0,65.0,2.0,4.0,9.0,18.0,240.0,1,0.0375
121394.0,43.0,2.0,3.8,10.0,19.0,228.0,1,0.043859649122807015
121395.0,54.0,2.0,3.8,30.0,53.0,228.0,2,0.13157894736842105
121398.0,80.0,1.0,4.0,22.0,28.0,240.0,1,0.09166666666666666
121399.0,17.0,2.0,3.9,13.0,15.0,234.0,1,0.05555555555555555
121400.0,33.0,2.0,4.0,14.0,36.0,240.0,1,0.058333333333333334
121401.0,35.0,2.0,3.8,10.0,9.0,228.0,1,0.043859649122807015
121405.0,37.0,2.0,4.4,12.0,16.0,264.0,1,0.045454545454545456
121406.0,78.0,2.0,3.7,11.0,10.0,222.0,1,0.04954954954954955
121408.0,37.0,1.0,4.3,13.0,30.0,258.0,1,0.050387596899224806
121409.0,15.0,2.0,4.2,8.0,12.0,252.0,1,0.031746031746031744
121410.0,60.0,2.0,4.1,20.0,21.0,245.99999999999997,1,0.0813008130081301
121411.0,80.0,2.0,3.5,12.0,9.0,210.0,1,0.05714285714285714
121412.0,12.0,1.0,4.2,16.0,14.0,252.0,1,0.06349206349206349
121414.0,53.0,2.0,4.3,15.0,31.0,258.0,1,0.05813953488372093
121415.0,60.0,2.0,4.1,31.0,11.0,245.99999999999997,1,0.12601626016260165
121417.0,49.0,1.0,4.4,7.0,14.0,264.0,1,0.026515151515151516
121418.0,77.0,2.0,4.0,16.0,14.0,240.0,1,0.06666666666666667
121420.0,69.0,1.0,3.9,30.0,29.0,234.0,1,0.1282051282051282
121421.0,46.0,1.0,4.1,30.0,31.0,245.99999999999997,1,0.12195121951219513
121422.0,31.0,2.0,4.5,21.0,33.0,270.0,1,0.07777777777777778
121424.0,49.0,2.0,3.9,11.0,31.0,234.0,1,0.04700854700854701
121425.0,41.0,2.0,3.9,19.0,35.0,234.0,1,0.0811965811965812
121427.0,80.0,1.0,3.5,20.0,18.0,210.0,1,0.09523809523809523
121428.0,36.0,1.0,4.6,29.0,28.0,276.0,1,0.10507246376811594
121429.0,39.0,2.0,4.9,11.0,41.0,294.0,1,0.03741496598639456
121431.0,19.0,2.0,3.8,12.0,7.0,228.0,1,0.05263157894736842
121432.0,73.0,1.0,4.2,12.0,30.0,252.0,1,0.047619047619047616
121433.0,16.0,1.0,4.8,14.0,16.0,288.0,1,0.04861111111111111
121434.0,13.0,2.0,4.5,8.0,10.0,270.0,1,0.02962962962962963
121435.0,28.0,1.0,4.2,29.0,105.0,252.0,2,0.11507936507936507
121436.0,69.0,1.0,3.9,17.0,13.0,234.0,1,0.07264957264957266
121437.0,12.0,1.0,3.9,16.0,16.0,234.0,1,0.06837606837606838
121441.0,20.0,2.0,4.3,15.0,11.0,258.0,1,0.05813953488372093
121442.0,66.0,1.0,3.8,107.0,262.0,228.0,3,0.4692982456140351
121443.0,40.0,1.0,4.7,26.0,26.0,282.0,1,0.09219858156028368
121444.0,44.0,1.0,3.7,17.0,21.0,222.0,1,0.07657657657657657
121445.0,62.0,1.0,4.1,36.0,56.0,245.99999999999997,2,0.14634146341463417
121449.0,14.0,1.0,4.3,14.0,10.0,258.0,1,0.05426356589147287
121450.0,80.0,2.0,3.6,33.0,166.0,216.0,2,0.1527777777777778
121451.0,60.0,2.0,4.0,11.0,21.0,240.0,1,0.04583333333333333
121453.0,19.0,1.0,4.4,16.0,12.0,264.0,1,0.06060606060606061
121454.0,80.0,2.0,4.3,26.0,16.0,258.0,1,0.10077519379844961
121456.0,80.0,1.0,3.9,10.0,12.0,234.0,1,0.042735042735042736
121457.0,80.0,1.0,3.9,11.0,23.0,234.0,1,0.04700854700854701
121458.0,41.0,1.0,4.1,32.0,51.0,245.99999999999997,2,0.13008130081300814
121459.0,62.0,1.0,3.8,16.0,21.0,228.0,1,0.07017543859649122
121460.0,58.0,2.0,3.5,28.0,58.0,210.0,2,0.13333333333333333
121461.0,45.0,2.0,3.9,18.0,16.0,234.0,1,0.07692307692307693
121462.0,78.0,2.0,4.5,18.0,58.0,270.0,2,0.06666666666666667
121464.0,33.0,1.0,3.7,20.0,18.0,222.0,1,0.09009009009009009
121465.0,71.0,1.0,4.0,20.0,32.0,240.0,1,0.08333333333333333
121468.0,40.0,1.0,4.6,23.0,37.0,276.0,1,0.08333333333333333
121473.0,66.0,1.0,3.9,14.0,15.0,234.0,1,0.05982905982905983
121474.0,16.0,1.0,5.0,23.0,15.0,300.0,1,0.07666666666666666
121475.0,55.0,2.0,4.2,14.0,12.0,252.0,1,0.05555555555555555
121476.0,44.0,2.0,3.7,10.0,9.0,222.0,1,0.04504504504504504
121477.0,80.0,2.0,3.5,8.0,8.0,210.0,1,0.0380952380952381
121478.0,13.0,2.0,4.0,16.0,13.0,240.0,1,0.06666666666666667
121479.0,22.0,2.0,4.0,19.0,16.0,240.0,1,0.07916666666666666
121480.0,68.0,1.0,3.9,14.0,66.0,234.0,2,0.05982905982905983
121481.0,18.0,1.0,4.2,15.0,17.0,252.0,1,0.05952380952380952
121483.0,18.0,2.0,4.0,13.0,14.0,240.0,1,0.05416666666666667
121484.0,56.0,2.0,4.1,24.0,23.0,245.99999999999997,1,0.09756097560975611
121485.0,21.0,1.0,4.7,12.0,32.0,282.0,1,0.0425531914893617
121486.0,35.0,2.0,4.7,15.0,15.0,282.0,1,0.05319148936170213
121488.0,26.0,2.0,4.0,10.0,12.0,240.0,1,0.041666666666666664
121489.0,80.0,1.0,4.0,14.0,19.0,240.0,1,0.058333333333333334
121490.0,30.0,2.0,4.4,11.0,10.0,264.0,1,0.041666666666666664
121491.0,16.0,1.0,4.2,12.0,10.0,252.0,1,0.047619047619047616
121494.0,80.0,1.0,3.8,22.0,48.0,228.0,1,0.09649122807017543
121500.0,30.0,2.0,3.8,10.0,8.0,228.0,1,0.043859649122807015
121505.0,27.0,2.0,3.8,18.0,13.0,228.0,1,0.07894736842105263
121506.0,53.0,1.0,4.5,16.0,23.0,270.0,1,0.05925925925925926
121507.0,60.0,1.0,4.4,19.0,16.0,264.0,1,0.07196969696969698
121508.0,76.0,2.0,4.0,15.0,20.0,240.0,1,0.0625
121512.0,80.0,1.0,4.4,15.0,22.0,264.0,1,0.056818181818181816
121515.0,36.0,2.0,4.4,7.0,8.0,264.0,1,0.026515151515151516
121519.0,69.0,2.0,4.0,8.0,17.0,240.0,1,0.03333333333333333
121520.0,57.0,1.0,4.7,34.0,40.0,282.0,1,0.12056737588652482
121521.0,19.0,2.0,3.8,14.0,11.0,228.0,1,0.06140350877192982
121524.0,16.0,1.0,4.3,20.0,15.0,258.0,1,0.07751937984496124
121525.0,65.0,2.0,4.0,19.0,25.0,240.0,1,0.07916666666666666
121526.0,56.0,2.0,3.9,44.0,84.0,234.0,3,0.18803418803418803
121528.0,23.0,1.0,4.3,25.0,14.0,258.0,1,0.09689922480620156
121529.0,13.0,2.0,4.2,8.0,12.0,252.0,1,0.031746031746031744
121530.0,30.0,1.0,4.4,25.0,30.0,264.0,1,0.0946969696969697
121533.0,22.0,2.0,4.4,17.0,29.0,264.0,1,0.06439393939393939
121534.0,38.0,2.0,3.8,20.0,14.0,228.0,1,0.08771929824561403
121535.0,45.0,1.0,4.8,37.0,23.0,288.0,1,0.1284722222222222
121538.0,19.0,1.0,4.6,18.0,35.0,276.0,1,0.06521739130434782
121540.0,48.0,1.0,4.2,18.0,11.0,252.0,1,0.07142857142857142
121541.0,15.0,2.0,4.1,12.0,28.0,245.99999999999997,1,0.04878048780487806
121543.0,61.0,1.0,3.6,13.0,19.0,216.0,1,0.06018518518518518
121544.0,46.0,2.0,4.0,30.0,32.0,240.0,1,0.125
121548.0,68.0,1.0,3.9,12.0,7.0,234.0,1,0.05128205128205128
121549.0,72.0,2.0,4.3,25.0,16.0,258.0,1,0.09689922480620156
121550.0,32.0,1.0,4.3,14.0,31.0,258.0,1,0.05426356589147287
121551.0,70.0,2.0,4.2,9.0,6.0,252.0,1,0.03571428571428571
121554.0,34.0,1.0,4.4,15.0,18.0,264.0,1,0.056818181818181816
121555.0,12.0,1.0,4.4,34.0,15.0,264.0,1,0.12878787878787878
121556.0,66.0,2.0,3.8,22.0,17.0,228.0,1,0.09649122807017543
121557.0,13.0,2.0,4.2,9.0,8.0,252.0,1,0.03571428571428571
121558.0,18.0,1.0,5.0,10.0,10.0,300.0,1,0.03333333333333333
121559.0,52.0,2.0,3.9,20.0,19.0,234.0,1,0.08547008547008547
121560.0,12.0,2.0,4.7,10.0,10.0,282.0,1,0.03546099290780142
121561.0,72.0,1.0,4.2,13.0,11.0,252.0,1,0.051587301587301584
121564.0,38.0,2.0,3.8,14.0,13.0,228.0,1,0.06140350877192982
121565.0,24.0,2.0,3.8,10.0,18.0,228.0,1,0.043859649122807015
121569.0,72.0,1.0,4.0,15.0,15.0,240.0,1,0.0625
121570.0,43.0,2.0,3.7,10.0,7.0,222.0,1,0.04504504504504504
121571.0,40.0,1.0,4.1,27.0,34.0,245.99999999999997,1,0.10975609756097562
121574.0,12.0,1.0,4.0,13.0,16.0,240.0,1,0.05416666666666667
121575.0,14.0,2.0,4.2,15.0,10.0,252.0,1,0.05952380952380952
121576.0,55.0,2.0,3.8,11.0,10.0,228.0,1,0.04824561403508772
121577.0,19.0,2.0,4.0,12.0,19.0,240.0,1,0.05
121578.0,63.0,1.0,4.0,24.0,47.0,240.0,1,0.1
121579.0,48.0,2.0,3.7,7.0,6.0,222.0,1,0.03153153153153153
121580.0,64.0,2.0,4.2,14.0,17.0,252.0,1,0.05555555555555555
121581.0,27.0,2.0,4.1,14.0,22.0,245.99999999999997,1,0.05691056910569106
121582.0,31.0,2.0,4.0,10.0,31.0,240.0,1,0.041666666666666664
121585.0,44.0,1.0,3.8,13.0,15.0,228.0,1,0.05701754385964912
121587.0,23.0,1.0,4.1,21.0,23.0,245.99999999999997,1,0.08536585365853659
121588.0,80.0,1.0,3.4,22.0,18.0,204.0,1,0.10784313725490197
121589.0,80.0,1.0,4.0,11.0,14.0,240.0,1,0.04583333333333333
121590.0,63.0,2.0,4.3,45.0,104.0,258.0,3,0.1744186046511628
121592.0,29.0,2.0,3.9,11.0,18.0,234.0,1,0.04700854700854701
121593.0,63.0,2.0,3.8,13.0,16.0,228.0,1,0.05701754385964912
121594.0,17.0,1.0,3.7,10.0,40.0,222.0,1,0.04504504504504504
121597.0,55.0,1.0,4.2,26.0,14.0,252.0,1,0.10317460317460317
121598.0,16.0,1.0,4.0,54.0,38.0,240.0,2,0.225
121603.0,24.0,1.0,3.9,56.0,31.0,234.0,2,0.23931623931623933
121604.0,37.0,1.0,3.9,11.0,30.0,234.0,1,0.04700854700854701
121606.0,44.0,2.0,3.6,17.0,33.0,216.0,1,0.0787037037037037
121607.0,72.0,1.0,3.9,13.0,30.0,234.0,1,0.05555555555555555
121610.0,31.0,2.0,4.0,12.0,11.0,240.0,1,0.05
121611.0,16.0,1.0,4.4,16.0,9.0,264.0,1,0.06060606060606061
121616.0,74.0,2.0,4.3,8.0,14.0,258.0,1,0.031007751937984496
121617.0,12.0,2.0,4.4,10.0,7.0,264.0,1,0.03787878787878788
121618.0,54.0,2.0,3.4,22.0,85.0,204.0,2,0.10784313725490197
121620.0,51.0,1.0,4.4,57.0,116.0,264.0,3,0.2159090909090909
121621.0,70.0,2.0,4.2,25.0,26.0,252.0,1,0.0992063492063492
121622.0,38.0,1.0,4.6,21.0,12.0,276.0,1,0.07608695652173914
121623.0,63.0,1.0,3.8,51.0,207.0,228.0,3,0.2236842105263158
121625.0,68.0,1.0,4.7,53.0,70.0,282.0,3,0.1879432624113475
121628.0,12.0,2.0,4.9,11.0,9.0,294.0,1,0.03741496598639456
121629.0,56.0,2.0,4.2,19.0,27.0,252.0,1,0.07539682539682539
121630.0,50.0,2.0,3.9,27.0,12.0,234.0,1,0.11538461538461539
121631.0,28.0,2.0,4.5,11.0,17.0,270.0,1,0.040740740740740744
121634.0,42.0,2.0,4.2,13.0,13.0,252.0,1,0.051587301587301584
121635.0,72.0,2.0,4.1,14.0,36.0,245.99999999999997,1,0.05691056910569106
121637.0,64.0,2.0,3.9,23.0,25.0,234.0,1,0.09829059829059829
121638.0,21.0,2.0,4.3,11.0,13.0,258.0,1,0.04263565891472868
121639.0,80.0,2.0,4.4,10.0,10.0,264.0,1,0.03787878787878788
121641.0,44.0,2.0,3.9,14.0,44.0,234.0,1,0.05982905982905983
121642.0,34.0,2.0,4.1,17.0,13.0,245.99999999999997,1,0.06910569105691057
121643.0,29.0,1.0,4.1,11.0,15.0,245.99999999999997,1,0.04471544715447155
121644.0,52.0,1.0,3.9,25.0,96.0,234.0,2,0.10683760683760683
121645.0,80.0,2.0,3.3,11.0,27.0,198.0,1,0.05555555555555555
121646.0,22.0,1.0,4.5,10.0,27.0,270.0,1,0.037037037037037035
121647.0,63.0,2.0,3.7,19.0,19.0,222.0,1,0.08558558558558559
121648.0,61.0,1.0,4.1,17.0,25.0,245.99999999999997,1,0.06910569105691057
121649.0,80.0,1.0,4.1,26.0,38.0,245.99999999999997,1,0.10569105691056911
121650.0,38.0,1.0,4.1,39.0,29.0,245.99999999999997,1,0.1585365853658537
121651.0,66.0,1.0,3.9,18.0,14.0,234.0,1,0.07692307692307693
121652.0,31.0,2.0,4.2,18.0,13.0,252.0,1,0.07142857142857142
121653.0,42.0,1.0,4.1,18.0,16.0,245.99999999999997,1,0.07317073170731708
121654.0,45.0,2.0,3.6,12.0,38.0,216.0,1,0.05555555555555555
121657.0,49.0,2.0,4.3,11.0,26.0,258.0,1,0.04263565891472868
121660.0,66.0,2.0,3.6,9.0,10.0,216.0,1,0.041666666666666664
121662.0,29.0,1.0,4.4,17.0,13.0,264.0,1,0.06439393939393939
121663.0,34.0,1.0,4.2,12.0,12.0,252.0,1,0.047619047619047616
121664.0,40.0,1.0,3.9,28.0,28.0,234.0,1,0.11965811965811966
121665.0,29.0,2.0,4.2,12.0,21.0,252.0,1,0.047619047619047616
121666.0,14.0,2.0,4.5,12.0,14.0,270.0,1,0.044444444444444446
121669.0,61.0,2.0,4.3,14.0,14.0,258.0,1,0.05426356589147287
121670.0,60.0,1.0,4.1,32.0,23.0,245.99999999999997,1,0.13008130081300814
121671.0,34.0,2.0,3.6,13.0,24.0,216.0,1,0.06018518518518518
121673.0,20.0,2.0,4.6,16.0,16.0,276.0,1,0.057971014492753624
121674.0,34.0,2.0,4.1,14.0,23.0,245.99999999999997,1,0.05691056910569106
121675.0,60.0,1.0,3.9,21.0,30.0,234.0,1,0.08974358974358974
121681.0,80.0,2.0,3.8,13.0,33.0,228.0,1,0.05701754385964912
121682.0,76.0,1.0,3.8,21.0,16.0,228.0,1,0.09210526315789473
121684.0,13.0,2.0,4.4,8.0,9.0,264.0,1,0.030303030303030304
121687.0,26.0,2.0,4.1,47.0,52.0,245.99999999999997,3,0.1910569105691057
121692.0,58.0,1.0,4.0,9.0,11.0,240.0,1,0.0375
121693.0,80.0,2.0,4.0,7.0,42.0,240.0,1,0.029166666666666667
121694.0,76.0,2.0,4.2,14.0,16.0,252.0,1,0.05555555555555555
121695.0,47.0,1.0,3.6,23.0,33.0,216.0,1,0.10648148148148148
121696.0,40.0,1.0,3.8,17.0,20.0,228.0,1,0.07456140350877193
121697.0,68.0,1.0,4.5,17.0,21.0,270.0,1,0.06296296296296296
121699.0,71.0,2.0,3.6,14.0,33.0,216.0,1,0.06481481481481481
121700.0,47.0,1.0,4.0,41.0,286.0,240.0,3,0.17083333333333334
121701.0,17.0,1.0,4.3,14.0,20.0,258.0,1,0.05426356589147287
121702.0,16.0,2.0,3.8,14.0,15.0,228.0,1,0.06140350877192982
121704.0,12.0,2.0,4.0,10.0,7.0,240.0,1,0.041666666666666664
121705.0,52.0,1.0,4.2,36.0,55.0,252.0,2,0.14285714285714285
121708.0,65.0,2.0,4.8,53.0,22.0,288.0,2,0.1840277777777778
121710.0,25.0,1.0,4.5,32.0,20.0,270.0,1,0.11851851851851852
121711.0,38.0,2.0,4.2,9.0,9.0,252.0,1,0.03571428571428571
121714.0,27.0,2.0,3.8,9.0,23.0,228.0,1,0.039473684210526314
121716.0,78.0,1.0,3.6,9.0,41.0,216.0,1,0.041666666666666664
121719.0,50.0,1.0,4.4,31.0,21.0,264.0,1,0.11742424242424243
121720.0,79.0,2.0,4.3,13.0,14.0,258.0,1,0.050387596899224806
121721.0,57.0,2.0,3.6,28.0,26.0,216.0,1,0.12962962962962962
121722.0,79.0,1.0,3.8,19.0,15.0,228.0,1,0.08333333333333333
121727.0,71.0,2.0,3.7,13.0,28.0,222.0,1,0.05855855855855856
121728.0,62.0,1.0,3.4,13.0,29.0,204.0,1,0.06372549019607843
121730.0,54.0,2.0,4.2,31.0,19.0,252.0,1,0.12301587301587301
121731.0,42.0,2.0,3.4,13.0,23.0,204.0,1,0.06372549019607843
121735.0,80.0,1.0,4.5,21.0,99.0,270.0,2,0.07777777777777778
121737.0,19.0,1.0,4.3,14.0,12.0,258.0,1,0.05426356589147287
121738.0,44.0,2.0,4.1,13.0,9.0,245.99999999999997,1,0.052845528455284556
121741.0,77.0,1.0,3.9,19.0,16.0,234.0,1,0.0811965811965812
121742.0,14.0,1.0,4.3,15.0,42.0,258.0,1,0.05813953488372093
121744.0,61.0,2.0,3.9,47.0,44.0,234.0,2,0.20085470085470086
121746.0,71.0,2.0,4.3,10.0,10.0,258.0,1,0.03875968992248062
121747.0,56.0,2.0,3.9,21.0,11.0,234.0,1,0.08974358974358974
121749.0,14.0,2.0,4.0,20.0,16.0,240.0,1,0.08333333333333333
121750.0,60.0,1.0,3.9,20.0,28.0,234.0,1,0.08547008547008547
121751.0,52.0,1.0,4.0,49.0,38.0,240.0,2,0.20416666666666666
121753.0,20.0,1.0,4.6,47.0,28.0,276.0,2,0.17028985507246377
121754.0,29.0,1.0,4.2,69.0,24.0,252.0,2,0.27380952380952384
121758.0,30.0,2.0,3.6,22.0,19.0,216.0,1,0.10185185185185185
121760.0,14.0,1.0,4.6,30.0,22.0,276.0,1,0.10869565217391304
121761.0,43.0,1.0,4.3,48.0,52.0,258.0,3,0.18604651162790697
121763.0,42.0,2.0,3.6,12.0,14.0,216.0,1,0.05555555555555555
121764.0,20.0,2.0,4.4,9.0,18.0,264.0,1,0.03409090909090909
121767.0,68.0,2.0,3.5,13.0,24.0,210.0,1,0.06190476190476191
121771.0,41.0,1.0,4.1,18.0,11.0,245.99999999999997,1,0.07317073170731708
121773.0,42.0,1.0,4.4,16.0,35.0,264.0,1,0.06060606060606061
121774.0,72.0,1.0,3.7,31.0,45.0,222.0,1,0.13963963963963963
121775.0,59.0,1.0,4.1,24.0,28.0,245.99999999999997,1,0.09756097560975611
121776.0,59.0,2.0,4.4,13.0,21.0,264.0,1,0.04924242424242424
121777.0,16.0,1.0,4.5,10.0,12.0,270.0,1,0.037037037037037035
121778.0,53.0,2.0,4.3,14.0,13.0,258.0,1,0.05426356589147287
121779.0,24.0,1.0,3.9,18.0,50.0,234.0,2,0.07692307692307693
121780.0,65.0,1.0,4.0,33.0,47.0,240.0,1,0.1375
121782.0,35.0,1.0,4.7,40.0,58.0,282.0,2,0.14184397163120568
121783.0,73.0,1.0,4.6,29.0,73.0,276.0,2,0.10507246376811594
121784.0,74.0,2.0,4.3,21.0,22.0,258.0,1,0.08139534883720931
121785.0,66.0,1.0,3.9,17.0,14.0,234.0,1,0.07264957264957266
121786.0,55.0,1.0,3.3,23.0,17.0,198.0,1,0.11616161616161616
121789.0,35.0,1.0,4.6,54.0,53.0,276.0,3,0.1956521739130435
121790.0,14.0,1.0,4.1,29.0,8.0,245.99999999999997,1,0.11788617886178863
121791.0,60.0,2.0,3.9,13.0,19.0,234.0,1,0.05555555555555555
121793.0,36.0,2.0,4.2,8.0,12.0,252.0,1,0.031746031746031744
121796.0,57.0,1.0,3.9,20.0,72.0,234.0,2,0.08547008547008547
121799.0,30.0,2.0,4.0,5.0,8.0,240.0,1,0.020833333333333332
121807.0,17.0,1.0,4.5,20.0,33.0,270.0,1,0.07407407407407407
121808.0,23.0,1.0,4.0,11.0,17.0,240.0,1,0.04583333333333333
121809.0,22.0,1.0,4.6,9.0,16.0,276.0,1,0.03260869565217391
121810.0,31.0,2.0,3.1,11.0,8.0,186.0,1,0.05913978494623656
121812.0,57.0,2.0,3.9,24.0,17.0,234.0,1,0.10256410256410256
121814.0,41.0,2.0,3.9,16.0,13.0,234.0,1,0.06837606837606838
121816.0,78.0,1.0,4.4,41.0,44.0,264.0,2,0.1553030303030303
121818.0,44.0,1.0,4.2,41.0,42.0,252.0,2,0.1626984126984127
121821.0,58.0,2.0,3.8,37.0,44.0,228.0,1,0.16228070175438597
121822.0,57.0,2.0,4.2,20.0,16.0,252.0,1,0.07936507936507936
121824.0,50.0,2.0,3.8,12.0,20.0,228.0,1,0.05263157894736842
121825.0,17.0,2.0,4.4,13.0,12.0,264.0,1,0.04924242424242424
121827.0,66.0,2.0,4.1,15.0,22.0,245.99999999999997,1,0.06097560975609757
121828.0,18.0,2.0,4.2,35.0,12.0,252.0,1,0.1388888888888889
121830.0,69.0,2.0,4.5,12.0,12.0,270.0,1,0.044444444444444446
121831.0,77.0,2.0,4.3,13.0,19.0,258.0,1,0.050387596899224806
121832.0,17.0,1.0,3.9,23.0,34.0,234.0,1,0.09829059829059829
121833.0,55.0,2.0,4.5,10.0,34.0,270.0,1,0.037037037037037035
121836.0,27.0,2.0,4.7,13.0,10.0,282.0,1,0.04609929078014184
121838.0,38.0,1.0,4.6,20.0,17.0,276.0,1,0.07246376811594203
121839.0,78.0,2.0,3.4,10.0,17.0,204.0,1,0.049019607843137254
121840.0,64.0,2.0,3.9,8.0,17.0,234.0,1,0.03418803418803419
121841.0,30.0,2.0,4.2,31.0,24.0,252.0,1,0.12301587301587301
121842.0,21.0,1.0,5.1,15.0,22.0,306.0,1,0.049019607843137254
121843.0,16.0,2.0,4.3,17.0,22.0,258.0,1,0.06589147286821706
121844.0,76.0,2.0,4.3,14.0,14.0,258.0,1,0.05426356589147287
121845.0,32.0,1.0,4.5,39.0,61.0,270.0,2,0.14444444444444443
121846.0,36.0,2.0,3.5,40.0,106.0,210.0,2,0.19047619047619047
121847.0,80.0,2.0,3.4,11.0,12.0,204.0,1,0.05392156862745098
121848.0,23.0,1.0,4.4,22.0,17.0,264.0,1,0.08333333333333333
121850.0,21.0,1.0,4.8,11.0,8.0,288.0,1,0.03819444444444445
121851.0,29.0,2.0,2.5,17.0,21.0,150.0,1,0.11333333333333333
121854.0,28.0,2.0,3.9,10.0,13.0,234.0,1,0.042735042735042736
121859.0,15.0,2.0,3.8,12.0,16.0,228.0,1,0.05263157894736842
121862.0,13.0,2.0,3.8,8.0,7.0,228.0,1,0.03508771929824561
121864.0,72.0,1.0,3.7,9.0,13.0,222.0,1,0.04054054054054054
121865.0,25.0,1.0,4.3,39.0,16.0,258.0,1,0.1511627906976744
121866.0,50.0,2.0,4.3,12.0,20.0,258.0,1,0.046511627906976744
121867.0,65.0,1.0,4.2,26.0,44.0,252.0,1,0.10317460317460317
121868.0,31.0,1.0,3.9,18.0,26.0,234.0,1,0.07692307692307693
121871.0,31.0,2.0,3.8,13.0,10.0,228.0,1,0.05701754385964912
121872.0,67.0,1.0,4.0,31.0,29.0,240.0,1,0.12916666666666668
121873.0,68.0,2.0,3.5,11.0,25.0,210.0,1,0.05238095238095238
121874.0,23.0,2.0,4.2,26.0,21.0,252.0,1,0.10317460317460317
121875.0,17.0,1.0,4.4,15.0,29.0,264.0,1,0.056818181818181816
121876.0,49.0,2.0,4.2,13.0,14.0,252.0,1,0.051587301587301584
121877.0,33.0,2.0,3.7,27.0,17.0,222.0,1,0.12162162162162163
121879.0,12.0,2.0,4.1,25.0,19.0,245.99999999999997,1,0.10162601626016261
121882.0,38.0,1.0,4.5,20.0,19.0,270.0,1,0.07407407407407407
121883.0,70.0,1.0,4.2,32.0,29.0,252.0,1,0.12698412698412698
121885.0,27.0,2.0,4.4,41.0,14.0,264.0,2,0.1553030303030303
121886.0,12.0,1.0,4.2,40.0,15.0,252.0,1,0.15873015873015872
121887.0,66.0,1.0,3.5,25.0,36.0,210.0,1,0.11904761904761904
121888.0,64.0,2.0,3.9,11.0,33.0,234.0,1,0.04700854700854701
121891.0,53.0,2.0,4.0,39.0,30.0,240.0,1,0.1625
121893.0,34.0,1.0,4.6,18.0,30.0,276.0,1,0.06521739130434782
121894.0,57.0,1.0,4.0,37.0,23.0,240.0,1,0.15416666666666667
121895.0,26.0,1.0,4.3,23.0,29.0,258.0,1,0.08914728682170543
121896.0,75.0,1.0,3.9,11.0,20.0,234.0,1,0.04700854700854701
121897.0,18.0,1.0,4.4,31.0,19.0,264.0,1,0.11742424242424243
121899.0,47.0,1.0,4.1,30.0,40.0,245.99999999999997,1,0.12195121951219513
121902.0,17.0,2.0,4.2,9.0,19.0,252.0,1,0.03571428571428571
121905.0,63.0,1.0,4.0,28.0,41.0,240.0,1,0.11666666666666667
121906.0,26.0,1.0,4.4,37.0,31.0,264.0,1,0.14015151515151514
121907.0,64.0,1.0,4.1,24.0,16.0,245.99999999999997,1,0.09756097560975611
121908.0,16.0,2.0,4.0,10.0,9.0,240.0,1,0.041666666666666664
121910.0,80.0,2.0,3.8,10.0,18.0,228.0,1,0.043859649122807015
121911.0,80.0,2.0,3.8,13.0,54.0,228.0,2,0.05701754385964912
121913.0,37.0,2.0,4.2,11.0,8.0,252.0,1,0.04365079365079365
121917.0,56.0,2.0,3.8,26.0,15.0,228.0,1,0.11403508771929824
121918.0,63.0,1.0,4.0,15.0,29.0,240.0,1,0.0625
121919.0,18.0,2.0,4.3,9.0,18.0,258.0,1,0.03488372093023256
121920.0,30.0,1.0,4.0,14.0,17.0,240.0,1,0.058333333333333334
121921.0,30.0,1.0,4.4,32.0,31.0,264.0,1,0.12121212121212122
121922.0,41.0,2.0,4.4,16.0,13.0,264.0,1,0.06060606060606061
121923.0,62.0,2.0,4.1,18.0,17.0,245.99999999999997,1,0.07317073170731708
121924.0,29.0,2.0,3.3,8.0,8.0,198.0,1,0.04040404040404041
121925.0,47.0,1.0,4.2,19.0,40.0,252.0,1,0.07539682539682539
121927.0,71.0,2.0,4.1,17.0,33.0,245.99999999999997,1,0.06910569105691057
121928.0,60.0,2.0,2.8,19.0,40.0,168.0,1,0.1130952380952381
121929.0,64.0,2.0,3.7,11.0,18.0,222.0,1,0.04954954954954955
121931.0,23.0,2.0,4.7,68.0,39.0,282.0,2,0.24113475177304963
121932.0,21.0,2.0,3.7,11.0,17.0,222.0,1,0.04954954954954955
121935.0,13.0,1.0,4.1,11.0,20.0,245.99999999999997,1,0.04471544715447155
121936.0,60.0,1.0,4.1,15.0,26.0,245.99999999999997,1,0.06097560975609757
121937.0,22.0,1.0,3.9,27.0,23.0,234.0,1,0.11538461538461539
121938.0,38.0,2.0,4.1,112.0,273.0,245.99999999999997,3,0.4552845528455285
121939.0,12.0,1.0,4.3,18.0,9.0,258.0,1,0.06976744186046512
121941.0,80.0,2.0,3.6,14.0,11.0,216.0,1,0.06481481481481481
121943.0,22.0,1.0,4.4,49.0,30.0,264.0,2,0.1856060606060606
121944.0,56.0,2.0,4.2,20.0,25.0,252.0,1,0.07936507936507936
121945.0,80.0,2.0,4.3,10.0,10.0,258.0,1,0.03875968992248062
121947.0,13.0,1.0,4.6,14.0,22.0,276.0,1,0.050724637681159424
121948.0,51.0,2.0,2.5,12.0,31.0,150.0,1,0.08
121949.0,71.0,2.0,4.2,22.0,12.0,252.0,1,0.0873015873015873
121950.0,41.0,2.0,3.7,15.0,12.0,222.0,1,0.06756756756756757
121956.0,24.0,2.0,4.7,18.0,9.0,282.0,1,0.06382978723404255
121958.0,30.0,1.0,3.8,28.0,27.0,228.0,1,0.12280701754385964
121959.0,15.0,1.0,4.7,13.0,14.0,282.0,1,0.04609929078014184
121961.0,41.0,1.0,4.1,9.0,28.0,245.99999999999997,1,0.03658536585365854
121962.0,54.0,1.0,4.0,127.0,414.0,240.0,3,0.5291666666666667
121964.0,73.0,2.0,4.5,13.0,12.0,270.0,1,0.04814814814814815
121965.0,73.0,2.0,4.3,14.0,17.0,258.0,1,0.05426356589147287
121968.0,69.0,1.0,3.9,24.0,21.0,234.0,1,0.10256410256410256
121970.0,32.0,2.0,3.6,17.0,28.0,216.0,1,0.0787037037037037
121972.0,38.0,1.0,4.3,68.0,78.0,258.0,3,0.26356589147286824
121974.0,80.0,2.0,4.1,12.0,16.0,245.99999999999997,1,0.04878048780487806
121975.0,62.0,1.0,4.1,12.0,25.0,245.99999999999997,1,0.04878048780487806
121976.0,50.0,1.0,4.1,58.0,146.0,245.99999999999997,3,0.23577235772357727
121977.0,62.0,1.0,4.2,35.0,47.0,252.0,1,0.1388888888888889
121978.0,52.0,1.0,4.0,43.0,62.0,240.0,3,0.17916666666666667
121979.0,50.0,2.0,4.2,30.0,104.0,252.0,2,0.11904761904761904
121981.0,68.0,2.0,4.3,17.0,16.0,258.0,1,0.06589147286821706
121982.0,27.0,1.0,4.5,34.0,21.0,270.0,1,0.1259259259259259
121984.0,61.0,1.0,4.1,31.0,9.0,245.99999999999997,1,0.12601626016260165
121985.0,19.0,2.0,4.3,37.0,24.0,258.0,1,0.1434108527131783
121987.0,57.0,1.0,3.8,16.0,38.0,228.0,1,0.07017543859649122
121988.0,46.0,1.0,3.9,69.0,223.0,234.0,3,0.2948717948717949
121989.0,60.0,1.0,4.1,34.0,12.0,245.99999999999997,1,0.13821138211382114
121991.0,26.0,2.0,4.2,33.0,10.0,252.0,1,0.13095238095238096
121993.0,79.0,1.0,4.0,16.0,43.0,240.0,1,0.06666666666666667
121994.0,80.0,1.0,3.9,35.0,20.0,234.0,1,0.14957264957264957
121995.0,51.0,2.0,4.3,37.0,11.0,258.0,1,0.1434108527131783
121997.0,24.0,1.0,5.0,16.0,14.0,300.0,1,0.05333333333333334
122001.0,48.0,1.0,4.1,27.0,18.0,245.99999999999997,1,0.10975609756097562
122004.0,40.0,2.0,4.4,28.0,24.0,264.0,1,0.10606060606060606
122005.0,33.0,1.0,4.6,39.0,42.0,276.0,1,0.14130434782608695
122007.0,18.0,1.0,4.3,6.0,9.0,258.0,1,0.023255813953488372
122011.0,22.0,1.0,4.2,16.0,43.0,252.0,1,0.06349206349206349
122012.0,29.0,1.0,3.4,51.0,14.0,204.0,2,0.25
122013.0,69.0,1.0,4.7,39.0,24.0,282.0,1,0.13829787234042554
122015.0,39.0,1.0,4.0,19.0,24.0,240.0,1,0.07916666666666666
122018.0,30.0,2.0,4.0,7.0,22.0,240.0,1,0.029166666666666667
122019.0,43.0,2.0,3.9,48.0,129.0,234.0,3,0.20512820512820512
122021.0,23.0,1.0,4.7,85.0,95.0,282.0,3,0.30141843971631205
122022.0,47.0,2.0,4.2,17.0,14.0,252.0,1,0.06746031746031746
122023.0,59.0,1.0,3.7,19.0,22.0,222.0,1,0.08558558558558559
122028.0,33.0,1.0,4.3,42.0,17.0,258.0,2,0.16279069767441862
122029.0,29.0,1.0,4.4,19.0,16.0,264.0,1,0.07196969696969698
122030.0,65.0,2.0,4.2,16.0,28.0,252.0,1,0.06349206349206349
122032.0,19.0,1.0,4.5,53.0,16.0,270.0,2,0.1962962962962963
122033.0,20.0,1.0,4.5,77.0,19.0,270.0,2,0.2851851851851852
122035.0,18.0,2.0,4.6,15.0,11.0,276.0,1,0.05434782608695652
122036.0,80.0,2.0,3.8,15.0,7.0,228.0,1,0.06578947368421052
122037.0,68.0,1.0,3.7,27.0,22.0,222.0,1,0.12162162162162163
122038.0,73.0,2.0,4.3,11.0,12.0,258.0,1,0.04263565891472868
122039.0,46.0,1.0,4.1,36.0,30.0,245.99999999999997,1,0.14634146341463417
122041.0,33.0,2.0,3.8,26.0,36.0,228.0,1,0.11403508771929824
122043.0,64.0,2.0,3.7,14.0,14.0,222.0,1,0.06306306306306306
122044.0,41.0,2.0,3.8,14.0,23.0,228.0,1,0.06140350877192982
122047.0,80.0,1.0,3.7,37.0,8.0,222.0,1,0.16666666666666666
122048.0,66.0,2.0,3.8,10.0,27.0,228.0,1,0.043859649122807015
122049.0,16.0,1.0,4.8,14.0,10.0,288.0,1,0.04861111111111111
122052.0,63.0,2.0,3.9,23.0,14.0,234.0,1,0.09829059829059829
122053.0,47.0,2.0,4.6,12.0,16.0,276.0,1,0.043478260869565216
122054.0,49.0,1.0,4.3,16.0,23.0,258.0,1,0.06201550387596899
122056.0,61.0,2.0,4.0,23.0,30.0,240.0,1,0.09583333333333334
122061.0,74.0,2.0,4.1,12.0,13.0,245.99999999999997,1,0.04878048780487806
122062.0,31.0,1.0,4.4,15.0,26.0,264.0,1,0.056818181818181816
122063.0,44.0,2.0,4.1,9.0,10.0,245.99999999999997,1,0.03658536585365854
122064.0,16.0,2.0,3.9,18.0,22.0,234.0,1,0.07692307692307693
122065.0,12.0,1.0,4.4,56.0,28.0,264.0,2,0.21212121212121213
122070.0,61.0,1.0,4.1,11.0,11.0,245.99999999999997,1,0.04471544715447155
122074.0,63.0,1.0,4.2,11.0,18.0,252.0,1,0.04365079365079365
122075.0,13.0,2.0,4.5,11.0,10.0,270.0,1,0.040740740740740744
122077.0,43.0,1.0,3.6,28.0,35.0,216.0,1,0.12962962962962962
122078.0,77.0,2.0,4.1,14.0,20.0,245.99999999999997,1,0.05691056910569106
122080.0,16.0,1.0,4.2,14.0,26.0,252.0,1,0.05555555555555555
122081.0,73.0,1.0,4.1,19.0,18.0,245.99999999999997,1,0.07723577235772358
122087.0,12.0,2.0,4.4,20.0,12.0,264.0,1,0.07575757575757576
122088.0,80.0,1.0,3.3,10.0,21.0,198.0,1,0.050505050505050504
122089.0,73.0,2.0,4.1,16.0,23.0,245.99999999999997,1,0.06504065040650407
122093.0,27.0,2.0,3.8,10.0,16.0,228.0,1,0.043859649122807015
122094.0,54.0,1.0,3.9,21.0,52.0,234.0,2,0.08974358974358974
122095.0,43.0,2.0,4.0,12.0,12.0,240.0,1,0.05
122096.0,42.0,1.0,4.5,15.0,19.0,270.0,1,0.05555555555555555
122097.0,38.0,2.0,4.6,10.0,12.0,276.0,1,0.036231884057971016
122099.0,57.0,1.0,4.4,29.0,59.0,264.0,2,0.10984848484848485
122101.0,43.0,1.0,4.2,19.0,18.0,252.0,1,0.07539682539682539
122102.0,44.0,1.0,5.0,109.0,124.0,300.0,3,0.36333333333333334
122105.0,37.0,1.0,4.8,32.0,51.0,288.0,2,0.1111111111111111
122107.0,34.0,2.0,4.0,7.0,23.0,240.0,1,0.029166666666666667
122108.0,73.0,2.0,3.9,14.0,16.0,234.0,1,0.05982905982905983
122110.0,43.0,2.0,3.8,13.0,22.0,228.0,1,0.05701754385964912
122111.0,33.0,1.0,4.3,19.0,19.0,258.0,1,0.07364341085271318
122112.0,25.0,1.0,4.6,16.0,13.0,276.0,1,0.057971014492753624
122113.0,42.0,1.0,4.2,13.0,14.0,252.0,1,0.051587301587301584
122114.0,15.0,1.0,4.4,14.0,9.0,264.0,1,0.05303030303030303
122115.0,40.0,1.0,4.2,21.0,23.0,252.0,1,0.08333333333333333
122116.0,32.0,2.0,4.0,21.0,24.0,240.0,1,0.0875
122118.0,24.0,2.0,3.9,40.0,53.0,234.0,2,0.17094017094017094
122121.0,64.0,1.0,4.4,51.0,45.0,264.0,2,0.19318181818181818
122124.0,16.0,2.0,4.2,11.0,11.0,252.0,1,0.04365079365079365
122126.0,19.0,2.0,3.9,8.0,18.0,234.0,1,0.03418803418803419
122127.0,18.0,2.0,3.7,8.0,5.0,222.0,1,0.036036036036036036
122128.0,37.0,2.0,3.9,11.0,10.0,234.0,1,0.04700854700854701
122129.0,75.0,1.0,4.4,20.0,20.0,264.0,1,0.07575757575757576
122130.0,19.0,2.0,4.1,12.0,14.0,245.99999999999997,1,0.04878048780487806
122134.0,80.0,2.0,3.4,9.0,10.0,204.0,1,0.04411764705882353
122135.0,18.0,1.0,3.9,12.0,25.0,234.0,1,0.05128205128205128
122136.0,59.0,2.0,4.0,15.0,17.0,240.0,1,0.0625
122139.0,72.0,1.0,4.3,11.0,12.0,258.0,1,0.04263565891472868
122140.0,53.0,2.0,3.7,13.0,29.0,222.0,1,0.05855855855855856
122143.0,18.0,2.0,4.3,14.0,17.0,258.0,1,0.05426356589147287
122144.0,69.0,1.0,4.2,19.0,26.0,252.0,1,0.07539682539682539
122146.0,60.0,1.0,4.3,20.0,37.0,258.0,1,0.07751937984496124
122149.0,18.0,1.0,4.3,44.0,34.0,258.0,2,0.17054263565891473
122150.0,60.0,1.0,4.1,38.0,26.0,245.99999999999997,1,0.15447154471544716
122152.0,42.0,2.0,4.4,13.0,12.0,264.0,1,0.04924242424242424
122153.0,63.0,1.0,4.3,31.0,19.0,258.0,1,0.12015503875968993
122154.0,72.0,1.0,5.0,25.0,59.0,300.0,2,0.08333333333333333
122156.0,60.0,1.0,3.9,16.0,27.0,234.0,1,0.06837606837606838
122157.0,13.0,2.0,4.2,8.0,12.0,252.0,1,0.031746031746031744
122158.0,20.0,2.0,4.7,11.0,12.0,282.0,1,0.03900709219858156
122159.0,77.0,2.0,4.1,20.0,32.0,245.99999999999997,1,0.0813008130081301
122162.0,12.0,1.0,4.7,17.0,15.0,282.0,1,0.06028368794326241
122163.0,31.0,1.0,4.7,19.0,17.0,282.0,1,0.0673758865248227
122166.0,70.0,1.0,3.8,12.0,20.0,228.0,1,0.05263157894736842
122168.0,62.0,1.0,4.2,28.0,46.0,252.0,1,0.1111111111111111
122169.0,62.0,2.0,4.2,24.0,24.0,252.0,1,0.09523809523809523
122171.0,34.0,2.0,3.5,5.0,13.0,210.0,1,0.023809523809523808
122174.0,13.0,1.0,4.0,58.0,22.0,240.0,2,0.24166666666666667
122178.0,32.0,1.0,4.3,18.0,16.0,258.0,1,0.06976744186046512
122179.0,18.0,1.0,4.6,17.0,9.0,276.0,1,0.06159420289855073
122180.0,34.0,2.0,4.6,9.0,16.0,276.0,1,0.03260869565217391
122183.0,12.0,1.0,4.6,11.0,17.0,276.0,1,0.03985507246376811
122184.0,27.0,1.0,3.6,23.0,22.0,216.0,1,0.10648148148148148
122187.0,80.0,1.0,3.9,10.0,13.0,234.0,1,0.042735042735042736
122188.0,54.0,2.0,4.2,7.0,14.0,252.0,1,0.027777777777777776
122189.0,68.0,2.0,3.6,22.0,52.0,216.0,2,0.10185185185185185
122190.0,15.0,1.0,4.4,13.0,14.0,264.0,1,0.04924242424242424
122192.0,59.0,1.0,3.8,19.0,25.0,228.0,1,0.08333333333333333
122193.0,54.0,2.0,4.3,30.0,21.0,258.0,1,0.11627906976744186
122194.0,13.0,1.0,4.5,9.0,9.0,270.0,1,0.03333333333333333
122196.0,23.0,2.0,4.3,13.0,16.0,258.0,1,0.050387596899224806
122197.0,19.0,1.0,4.5,23.0,22.0,270.0,1,0.08518518518518518
122198.0,16.0,2.0,4.2,9.0,9.0,252.0,1,0.03571428571428571
122199.0,60.0,2.0,4.0,26.0,30.0,240.0,1,0.10833333333333334
122201.0,36.0,1.0,4.2,50.0,19.0,252.0,2,0.1984126984126984
122202.0,49.0,1.0,3.9,20.0,25.0,234.0,1,0.08547008547008547
122203.0,29.0,1.0,4.4,25.0,30.0,264.0,1,0.0946969696969697
122204.0,34.0,1.0,4.8,32.0,13.0,288.0,1,0.1111111111111111
122205.0,16.0,2.0,4.5,16.0,48.0,270.0,1,0.05925925925925926
122207.0,43.0,2.0,4.1,26.0,13.0,245.99999999999997,1,0.10569105691056911
122209.0,31.0,1.0,4.2,23.0,21.0,252.0,1,0.09126984126984126
122210.0,19.0,2.0,4.2,10.0,12.0,252.0,1,0.03968253968253968
122213.0,36.0,2.0,4.0,31.0,9.0,240.0,1,0.12916666666666668
122214.0,76.0,2.0,3.9,18.0,15.0,234.0,1,0.07692307692307693
122215.0,42.0,2.0,4.3,13.0,17.0,258.0,1,0.050387596899224806
122216.0,44.0,1.0,4.3,40.0,34.0,258.0,1,0.15503875968992248
122217.0,49.0,2.0,3.6,13.0,24.0,216.0,1,0.06018518518518518
122219.0,50.0,1.0,4.4,27.0,100.0,264.0,2,0.10227272727272728
122222.0,25.0,1.0,4.4,17.0,34.0,264.0,1,0.06439393939393939
122223.0,57.0,1.0,3.8,22.0,29.0,228.0,1,0.09649122807017543
122224.0,16.0,2.0,4.3,7.0,8.0,258.0,1,0.027131782945736434
122226.0,16.0,1.0,4.4,26.0,24.0,264.0,1,0.09848484848484848
122227.0,66.0,1.0,4.0,11.0,37.0,240.0,1,0.04583333333333333
122233.0,20.0,2.0,4.2,16.0,13.0,252.0,1,0.06349206349206349
122234.0,22.0,1.0,4.3,18.0,21.0,258.0,1,0.06976744186046512
122235.0,50.0,1.0,4.1,22.0,23.0,245.99999999999997,1,0.0894308943089431
122237.0,68.0,2.0,4.0,13.0,51.0,240.0,2,0.05416666666666667
122239.0,35.0,1.0,4.3,8.0,31.0,258.0,1,0.031007751937984496
122240.0,63.0,2.0,4.3,24.0,29.0,258.0,1,0.09302325581395349
122241.0,42.0,1.0,4.3,12.0,15.0,258.0,1,0.046511627906976744
122242.0,13.0,1.0,4.2,13.0,27.0,252.0,1,0.051587301587301584
122244.0,75.0,1.0,4.3,15.0,13.0,258.0,1,0.05813953488372093
122245.0,54.0,1.0,4.0,39.0,134.0,240.0,2,0.1625
122246.0,70.0,1.0,3.7,25.0,79.0,222.0,2,0.11261261261261261
122252.0,70.0,1.0,4.5,29.0,15.0,270.0,1,0.10740740740740741
122254.0,32.0,2.0,4.1,11.0,7.0,245.99999999999997,1,0.04471544715447155
122257.0,17.0,1.0,4.6,9.0,12.0,276.0,1,0.03260869565217391
122258.0,22.0,1.0,4.2,44.0,26.0,252.0,2,0.1746031746031746
122260.0,62.0,1.0,4.7,23.0,76.0,282.0,2,0.08156028368794327
122263.0,21.0,2.0,4.2,31.0,15.0,252.0,1,0.12301587301587301
122264.0,41.0,2.0,3.9,10.0,12.0,234.0,1,0.042735042735042736
122265.0,22.0,2.0,3.8,18.0,11.0,228.0,1,0.07894736842105263
122266.0,43.0,1.0,4.3,21.0,21.0,258.0,1,0.08139534883720931
122267.0,17.0,2.0,4.7,8.0,13.0,282.0,1,0.028368794326241134
122268.0,64.0,2.0,4.0,11.0,17.0,240.0,1,0.04583333333333333
122269.0,70.0,2.0,4.0,18.0,20.0,240.0,1,0.075
122270.0,16.0,2.0,4.0,11.0,7.0,240.0,1,0.04583333333333333
122271.0,22.0,1.0,4.5,43.0,20.0,270.0,2,0.15925925925925927
122272.0,55.0,1.0,4.3,14.0,18.0,258.0,1,0.05426356589147287
122273.0,14.0,1.0,4.1,15.0,10.0,245.99999999999997,1,0.06097560975609757
122274.0,30.0,1.0,3.9,27.0,25.0,234.0,1,0.11538461538461539
122276.0,28.0,2.0,4.1,28.0,26.0,245.99999999999997,1,0.11382113821138212
122277.0,13.0,1.0,4.6,20.0,12.0,276.0,1,0.07246376811594203
122278.0,18.0,2.0,4.1,11.0,17.0,245.99999999999997,1,0.04471544715447155
122279.0,17.0,2.0,4.3,26.0,16.0,258.0,1,0.10077519379844961
122282.0,25.0,2.0,4.1,22.0,11.0,245.99999999999997,1,0.0894308943089431
122283.0,60.0,1.0,4.4,13.0,23.0,264.0,1,0.04924242424242424
122286.0,64.0,2.0,4.3,79.0,28.0,258.0,2,0.3062015503875969
122287.0,64.0,2.0,3.7,11.0,12.0,222.0,1,0.04954954954954955
122289.0,57.0,2.0,4.0,12.0,17.0,240.0,1,0.05
122290.0,61.0,2.0,3.9,32.0,27.0,234.0,1,0.13675213675213677
122291.0,73.0,1.0,4.2,11.0,24.0,252.0,1,0.04365079365079365
122292.0,17.0,2.0,3.9,11.0,10.0,234.0,1,0.04700854700854701
122293.0,64.0,2.0,4.1,20.0,31.0,245.99999999999997,1,0.0813008130081301
122294.0,30.0,2.0,4.2,21.0,7.0,252.0,1,0.08333333333333333
122295.0,70.0,2.0,3.8,23.0,23.0,228.0,1,0.10087719298245613
122297.0,59.0,2.0,4.3,13.0,8.0,258.0,1,0.050387596899224806
122299.0,17.0,2.0,4.0,19.0,28.0,240.0,1,0.07916666666666666
122300.0,47.0,1.0,4.4,15.0,22.0,264.0,1,0.056818181818181816
122301.0,39.0,2.0,3.6,7.0,17.0,216.0,1,0.032407407407407406
122302.0,23.0,2.0,4.5,9.0,9.0,270.0,1,0.03333333333333333
122303.0,19.0,2.0,4.1,23.0,33.0,245.99999999999997,1,0.0934959349593496
122304.0,65.0,2.0,4.6,19.0,22.0,276.0,1,0.06884057971014493
122305.0,33.0,1.0,4.4,54.0,107.0,264.0,3,0.20454545454545456
122308.0,13.0,1.0,4.6,9.0,9.0,276.0,1,0.03260869565217391
122310.0,48.0,1.0,4.7,16.0,25.0,282.0,1,0.05673758865248227
122311.0,16.0,1.0,4.4,10.0,14.0,264.0,1,0.03787878787878788
122313.0,14.0,1.0,4.7,79.0,47.0,282.0,2,0.2801418439716312
122314.0,77.0,2.0,3.5,23.0,21.0,210.0,1,0.10952380952380952
122315.0,80.0,1.0,4.2,57.0,109.0,252.0,3,0.2261904761904762
122316.0,12.0,1.0,3.9,28.0,33.0,234.0,1,0.11965811965811966
122318.0,25.0,2.0,3.4,9.0,5.0,204.0,1,0.04411764705882353
122319.0,31.0,2.0,3.8,9.0,30.0,228.0,1,0.039473684210526314
122322.0,39.0,2.0,3.3,84.0,45.0,198.0,2,0.42424242424242425
122323.0,48.0,2.0,4.2,20.0,21.0,252.0,1,0.07936507936507936
122324.0,47.0,1.0,4.5,21.0,83.0,270.0,2,0.07777777777777778
122325.0,40.0,1.0,4.0,21.0,43.0,240.0,1,0.0875
122326.0,13.0,2.0,4.1,9.0,7.0,245.99999999999997,1,0.03658536585365854
122328.0,55.0,1.0,3.9,19.0,25.0,234.0,1,0.0811965811965812
122330.0,27.0,2.0,4.0,18.0,8.0,240.0,1,0.075
122332.0,12.0,1.0,4.3,12.0,9.0,258.0,1,0.046511627906976744
122333.0,39.0,2.0,3.3,15.0,17.0,198.0,1,0.07575757575757576
122334.0,29.0,2.0,3.6,15.0,17.0,216.0,1,0.06944444444444445
122335.0,28.0,1.0,4.5,12.0,23.0,270.0,1,0.044444444444444446
122337.0,64.0,1.0,4.2,57.0,646.0,252.0,3,0.2261904761904762
122338.0,34.0,2.0,4.0,23.0,17.0,240.0,1,0.09583333333333334
122339.0,68.0,1.0,3.8,10.0,23.0,228.0,1,0.043859649122807015
122340.0,36.0,2.0,3.8,15.0,15.0,228.0,1,0.06578947368421052
122342.0,63.0,1.0,3.7,14.0,21.0,222.0,1,0.06306306306306306
122343.0,69.0,2.0,3.6,17.0,13.0,216.0,1,0.0787037037037037
122346.0,33.0,1.0,4.0,12.0,19.0,240.0,1,0.05
122350.0,39.0,2.0,4.2,9.0,9.0,252.0,1,0.03571428571428571
122351.0,57.0,2.0,4.1,29.0,10.0,245.99999999999997,1,0.11788617886178863
122354.0,78.0,1.0,3.8,18.0,17.0,228.0,1,0.07894736842105263
122355.0,70.0,2.0,4.2,20.0,27.0,252.0,1,0.07936507936507936
122356.0,22.0,2.0,4.2,10.0,11.0,252.0,1,0.03968253968253968
122358.0,20.0,2.0,4.5,5.0,13.0,270.0,1,0.018518518518518517
122359.0,66.0,1.0,4.1,25.0,26.0,245.99999999999997,1,0.10162601626016261
122360.0,18.0,1.0,4.7,11.0,13.0,282.0,1,0.03900709219858156
122361.0,31.0,1.0,3.6,22.0,40.0,216.0,1,0.10185185185185185
122363.0,39.0,1.0,4.3,43.0,75.0,258.0,3,0.16666666666666666
122364.0,19.0,2.0,3.9,14.0,28.0,234.0,1,0.05982905982905983
122366.0,19.0,1.0,4.6,19.0,17.0,276.0,1,0.06884057971014493
122367.0,59.0,2.0,3.8,9.0,22.0,228.0,1,0.039473684210526314
122369.0,26.0,2.0,3.9,45.0,65.0,234.0,3,0.19230769230769232
122373.0,39.0,2.0,3.7,19.0,39.0,222.0,1,0.08558558558558559
122375.0,57.0,1.0,4.3,21.0,15.0,258.0,1,0.08139534883720931
122376.0,74.0,2.0,4.1,11.0,15.0,245.99999999999997,1,0.04471544715447155
122378.0,18.0,1.0,4.6,13.0,14.0,276.0,1,0.04710144927536232
122379.0,46.0,2.0,3.6,12.0,24.0,216.0,1,0.05555555555555555
122382.0,14.0,1.0,4.4,11.0,14.0,264.0,1,0.041666666666666664
122383.0,22.0,2.0,4.3,17.0,9.0,258.0,1,0.06589147286821706
122384.0,43.0,1.0,4.4,41.0,45.0,264.0,2,0.1553030303030303
122385.0,47.0,2.0,3.8,8.0,12.0,228.0,1,0.03508771929824561
122387.0,72.0,1.0,3.5,16.0,16.0,210.0,1,0.0761904761904762
122389.0,28.0,1.0,4.2,30.0,30.0,252.0,1,0.11904761904761904
122390.0,41.0,2.0,4.0,13.0,17.0,240.0,1,0.05416666666666667
122392.0,51.0,2.0,3.7,8.0,20.0,222.0,1,0.036036036036036036
122393.0,23.0,2.0,4.5,12.0,10.0,270.0,1,0.044444444444444446
122394.0,66.0,2.0,3.4,14.0,20.0,204.0,1,0.06862745098039216
122395.0,38.0,1.0,4.4,40.0,28.0,264.0,1,0.15151515151515152
122396.0,53.0,1.0,3.6,31.0,21.0,216.0,1,0.14351851851851852
122398.0,13.0,1.0,4.7,10.0,14.0,282.0,1,0.03546099290780142
122399.0,78.0,2.0,3.8,9.0,16.0,228.0,1,0.039473684210526314
122400.0,61.0,1.0,4.1,39.0,87.0,245.99999999999997,2,0.1585365853658537
122401.0,43.0,2.0,3.8,8.0,19.0,228.0,1,0.03508771929824561
122402.0,15.0,2.0,4.3,24.0,35.0,258.0,1,0.09302325581395349
122403.0,12.0,1.0,4.4,14.0,9.0,264.0,1,0.05303030303030303
122404.0,19.0,1.0,4.7,24.0,25.0,282.0,1,0.0851063829787234
122405.0,67.0,1.0,4.7,36.0,35.0,282.0,1,0.1276595744680851
122407.0,61.0,1.0,3.8,27.0,38.0,228.0,1,0.11842105263157894
122408.0,42.0,2.0,4.4,13.0,13.0,264.0,1,0.04924242424242424
122410.0,12.0,2.0,4.4,12.0,9.0,264.0,1,0.045454545454545456
122412.0,49.0,1.0,4.1,13.0,15.0,245.99999999999997,1,0.052845528455284556
122413.0,14.0,1.0,4.6,15.0,16.0,276.0,1,0.05434782608695652
122414.0,56.0,2.0,4.1,18.0,35.0,245.99999999999997,1,0.07317073170731708
122415.0,60.0,1.0,4.0,16.0,15.0,240.0,1,0.06666666666666667
122416.0,28.0,1.0,4.7,21.0,22.0,282.0,1,0.07446808510638298
122417.0,62.0,1.0,3.9,36.0,22.0,234.0,1,0.15384615384615385
122418.0,64.0,2.0,3.6,6.0,17.0,216.0,1,0.027777777777777776
122419.0,61.0,1.0,4.8,19.0,59.0,288.0,2,0.06597222222222222
122421.0,19.0,2.0,4.1,9.0,8.0,245.99999999999997,1,0.03658536585365854
122422.0,15.0,2.0,3.8,31.0,20.0,228.0,1,0.13596491228070176
122423.0,47.0,1.0,4.4,102.0,68.0,264.0,3,0.38636363636363635
122425.0,80.0,1.0,4.2,21.0,52.0,252.0,2,0.08333333333333333
122430.0,19.0,2.0,4.5,11.0,13.0,270.0,1,0.040740740740740744
122431.0,57.0,2.0,3.6,15.0,11.0,216.0,1,0.06944444444444445
122433.0,17.0,2.0,4.4,17.0,20.0,264.0,1,0.06439393939393939
122434.0,74.0,2.0,3.8,48.0,28.0,228.0,2,0.21052631578947367
122435.0,48.0,1.0,4.1,29.0,43.0,245.99999999999997,1,0.11788617886178863
122436.0,71.0,1.0,3.9,19.0,20.0,234.0,1,0.0811965811965812
122437.0,14.0,1.0,4.3,24.0,11.0,258.0,1,0.09302325581395349
122438.0,26.0,1.0,4.4,24.0,17.0,264.0,1,0.09090909090909091
122442.0,62.0,2.0,4.3,10.0,10.0,258.0,1,0.03875968992248062
122447.0,17.0,1.0,3.7,26.0,22.0,222.0,1,0.11711711711711711
122448.0,44.0,1.0,4.4,36.0,42.0,264.0,1,0.13636363636363635
122449.0,40.0,1.0,4.0,14.0,12.0,240.0,1,0.058333333333333334
122451.0,22.0,2.0,4.1,14.0,21.0,245.99999999999997,1,0.05691056910569106
122453.0,61.0,1.0,4.3,38.0,30.0,258.0,1,0.14728682170542637
122454.0,51.0,2.0,4.1,13.0,15.0,245.99999999999997,1,0.052845528455284556
122456.0,56.0,2.0,3.7,23.0,20.0,222.0,1,0.1036036036036036
122458.0,63.0,2.0,2.8,21.0,62.0,168.0,2,0.125
122459.0,25.0,1.0,4.6,12.0,17.0,276.0,1,0.043478260869565216
122460.0,20.0,2.0,4.4,13.0,10.0,264.0,1,0.04924242424242424
122462.0,30.0,2.0,4.5,17.0,19.0,270.0,1,0.06296296296296296
122463.0,53.0,1.0,4.1,24.0,25.0,245.99999999999997,1,0.09756097560975611
122464.0,14.0,1.0,3.7,14.0,19.0,222.0,1,0.06306306306306306
122468.0,31.0,1.0,4.1,46.0,57.0,245.99999999999997,3,0.1869918699186992
122472.0,37.0,1.0,3.9,74.0,78.0,234.0,3,0.3162393162393162
122473.0,67.0,2.0,4.0,12.0,60.0,240.0,2,0.05
122474.0,49.0,2.0,4.1,73.0,34.0,245.99999999999997,2,0.29674796747967486
122475.0,62.0,2.0,4.4,17.0,18.0,264.0,1,0.06439393939393939
122477.0,35.0,2.0,4.5,38.0,31.0,270.0,1,0.14074074074074075
122478.0,42.0,2.0,4.2,16.0,17.0,252.0,1,0.06349206349206349
122479.0,17.0,1.0,4.3,17.0,20.0,258.0,1,0.06589147286821706
122481.0,18.0,1.0,4.6,22.0,13.0,276.0,1,0.07971014492753623
122482.0,69.0,2.0,4.0,18.0,19.0,240.0,1,0.075
122484.0,17.0,1.0,4.6,23.0,19.0,276.0,1,0.08333333333333333
122487.0,20.0,2.0,4.8,15.0,10.0,288.0,1,0.052083333333333336
122489.0,48.0,1.0,4.4,36.0,29.0,264.0,1,0.13636363636363635
122490.0,33.0,1.0,4.3,13.0,15.0,258.0,1,0.050387596899224806
122492.0,80.0,2.0,4.1,9.0,10.0,245.99999999999997,1,0.03658536585365854
122493.0,52.0,2.0,2.4,22.0,56.0,144.0,2,0.1527777777777778
122496.0,80.0,1.0,4.4,23.0,33.0,264.0,1,0.08712121212121213
122497.0,27.0,2.0,4.2,14.0,19.0,252.0,1,0.05555555555555555
122499.0,55.0,2.0,3.7,10.0,15.0,222.0,1,0.04504504504504504
122500.0,23.0,2.0,4.5,10.0,10.0,270.0,1,0.037037037037037035
122502.0,60.0,2.0,3.8,9.0,11.0,228.0,1,0.039473684210526314
122503.0,32.0,2.0,3.8,11.0,8.0,228.0,1,0.04824561403508772
122504.0,47.0,1.0,4.2,28.0,79.0,252.0,2,0.1111111111111111
122511.0,60.0,1.0,4.8,10.0,21.0,288.0,1,0.034722222222222224
122512.0,37.0,2.0,3.9,10.0,10.0,234.0,1,0.042735042735042736
122513.0,28.0,2.0,3.7,42.0,27.0,222.0,2,0.1891891891891892
122514.0,19.0,1.0,4.5,37.0,30.0,270.0,1,0.13703703703703704
122516.0,45.0,2.0,3.7,10.0,17.0,222.0,1,0.04504504504504504
122517.0,67.0,2.0,3.6,8.0,18.0,216.0,1,0.037037037037037035
122520.0,54.0,1.0,4.0,20.0,17.0,240.0,1,0.08333333333333333
122522.0,42.0,2.0,3.9,10.0,41.0,234.0,1,0.042735042735042736
122524.0,45.0,2.0,4.2,9.0,7.0,252.0,1,0.03571428571428571
122525.0,62.0,1.0,4.5,8.0,29.0,270.0,1,0.02962962962962963
122526.0,23.0,1.0,4.8,20.0,21.0,288.0,1,0.06944444444444445
122528.0,19.0,1.0,4.2,16.0,19.0,252.0,1,0.06349206349206349
122533.0,17.0,2.0,4.4,12.0,10.0,264.0,1,0.045454545454545456
122534.0,63.0,1.0,4.0,43.0,155.0,240.0,3,0.17916666666666667
122535.0,23.0,1.0,4.1,34.0,46.0,245.99999999999997,1,0.13821138211382114
122536.0,54.0,1.0,4.0,23.0,30.0,240.0,1,0.09583333333333334
122537.0,31.0,1.0,5.0,51.0,28.0,300.0,2,0.17
122538.0,17.0,2.0,4.8,14.0,12.0,288.0,1,0.04861111111111111
122539.0,52.0,2.0,3.8,30.0,14.0,228.0,1,0.13157894736842105
122543.0,47.0,1.0,4.0,63.0,69.0,240.0,3,0.2625
122546.0,43.0,1.0,4.2,36.0,27.0,252.0,1,0.14285714285714285
122549.0,58.0,2.0,3.6,14.0,14.0,216.0,1,0.06481481481481481
122550.0,80.0,1.0,3.9,10.0,21.0,234.0,1,0.042735042735042736
122552.0,70.0,2.0,3.6,19.0,22.0,216.0,1,0.08796296296296297
122554.0,13.0,1.0,4.1,13.0,11.0,245.99999999999997,1,0.052845528455284556
122555.0,33.0,2.0,3.9,10.0,20.0,234.0,1,0.042735042735042736
122556.0,51.0,1.0,4.3,19.0,27.0,258.0,1,0.07364341085271318
122558.0,16.0,1.0,4.1,18.0,12.0,245.99999999999997,1,0.07317073170731708
122559.0,44.0,1.0,4.1,28.0,26.0,245.99999999999997,1,0.11382113821138212
122560.0,71.0,2.0,3.7,13.0,19.0,222.0,1,0.05855855855855856
122561.0,12.0,1.0,4.7,8.0,10.0,282.0,1,0.028368794326241134
122563.0,19.0,1.0,4.1,30.0,31.0,245.99999999999997,1,0.12195121951219513
122567.0,71.0,1.0,4.3,18.0,37.0,258.0,1,0.06976744186046512
122569.0,54.0,2.0,4.0,28.0,28.0,240.0,1,0.11666666666666667
122570.0,42.0,1.0,4.3,12.0,15.0,258.0,1,0.046511627906976744
122571.0,59.0,1.0,4.3,11.0,34.0,258.0,1,0.04263565891472868
122572.0,62.0,1.0,3.8,16.0,11.0,228.0,1,0.07017543859649122
122574.0,70.0,2.0,4.6,13.0,18.0,276.0,1,0.04710144927536232
122575.0,62.0,1.0,4.8,19.0,19.0,288.0,1,0.06597222222222222
122576.0,55.0,2.0,4.2,12.0,22.0,252.0,1,0.047619047619047616
122578.0,22.0,2.0,3.9,36.0,42.0,234.0,1,0.15384615384615385
122580.0,14.0,2.0,3.7,21.0,17.0,222.0,1,0.0945945945945946
122581.0,31.0,2.0,3.8,9.0,16.0,228.0,1,0.039473684210526314
122582.0,29.0,2.0,4.4,76.0,216.0,264.0,3,0.2878787878787879
122584.0,70.0,1.0,4.2,27.0,24.0,252.0,1,0.10714285714285714
122585.0,72.0,1.0,3.7,17.0,20.0,222.0,1,0.07657657657657657
122586.0,18.0,2.0,3.7,12.0,9.0,222.0,1,0.05405405405405406
122587.0,48.0,1.0,4.1,23.0,23.0,245.99999999999997,1,0.0934959349593496
122591.0,12.0,2.0,4.1,17.0,16.0,245.99999999999997,1,0.06910569105691057
122592.0,26.0,2.0,4.0,6.0,12.0,240.0,1,0.025
122593.0,12.0,2.0,4.3,14.0,10.0,258.0,1,0.05426356589147287
122594.0,59.0,1.0,4.5,19.0,23.0,270.0,1,0.07037037037037037
122595.0,65.0,1.0,3.6,17.0,34.0,216.0,1,0.0787037037037037
122596.0,25.0,1.0,4.2,26.0,49.0,252.0,2,0.10317460317460317
122597.0,56.0,1.0,4.2,15.0,26.0,252.0,1,0.05952380952380952
122598.0,25.0,2.0,3.9,13.0,12.0,234.0,1,0.05555555555555555
122599.0,55.0,2.0,3.5,22.0,109.0,210.0,2,0.10476190476190476
122600.0,57.0,1.0,3.5,15.0,54.0,210.0,2,0.07142857142857142
122601.0,80.0,2.0,3.4,10.0,11.0,204.0,1,0.049019607843137254
122602.0,22.0,2.0,4.0,13.0,15.0,240.0,1,0.05416666666666667
122608.0,19.0,2.0,3.5,9.0,16.0,210.0,1,0.04285714285714286
122609.0,44.0,2.0,4.1,7.0,10.0,245.99999999999997,1,0.02845528455284553
122611.0,44.0,1.0,3.7,30.0,22.0,222.0,1,0.13513513513513514
122612.0,67.0,2.0,4.2,12.0,11.0,252.0,1,0.047619047619047616
122613.0,17.0,1.0,4.1,19.0,19.0,245.99999999999997,1,0.07723577235772358
122616.0,48.0,1.0,4.2,24.0,41.0,252.0,1,0.09523809523809523
122617.0,25.0,2.0,4.2,17.0,23.0,252.0,1,0.06746031746031746
122619.0,31.0,2.0,4.1,11.0,16.0,245.99999999999997,1,0.04471544715447155
122621.0,72.0,1.0,4.4,20.0,81.0,264.0,2,0.07575757575757576
122622.0,28.0,1.0,4.4,18.0,2.0,264.0,1,0.06818181818181818
122624.0,76.0,1.0,4.1,31.0,24.0,245.99999999999997,1,0.12601626016260165
122625.0,62.0,1.0,3.9,13.0,22.0,234.0,1,0.05555555555555555
122626.0,17.0,1.0,4.1,29.0,17.0,245.99999999999997,1,0.11788617886178863
122627.0,31.0,2.0,4.0,9.0,15.0,240.0,1,0.0375
122629.0,73.0,1.0,3.9,18.0,50.0,234.0,2,0.07692307692307693
122630.0,30.0,1.0,4.1,37.0,112.0,245.99999999999997,2,0.15040650406504066
122631.0,45.0,2.0,4.3,19.0,9.0,258.0,1,0.07364341085271318
122634.0,30.0,2.0,4.0,8.0,12.0,240.0,1,0.03333333333333333
122636.0,61.0,2.0,4.4,18.0,33.0,264.0,1,0.06818181818181818
122637.0,24.0,1.0,4.3,13.0,26.0,258.0,1,0.050387596899224806
122639.0,48.0,1.0,4.4,20.0,41.0,264.0,1,0.07575757575757576
122643.0,28.0,1.0,4.6,49.0,63.0,276.0,3,0.17753623188405798
122644.0,44.0,1.0,4.4,21.0,29.0,264.0,1,0.07954545454545454
122647.0,60.0,2.0,3.6,25.0,25.0,216.0,1,0.11574074074074074
122648.0,15.0,1.0,4.3,12.0,13.0,258.0,1,0.046511627906976744
122649.0,80.0,2.0,4.0,11.0,15.0,240.0,1,0.04583333333333333
122651.0,56.0,2.0,4.2,21.0,26.0,252.0,1,0.08333333333333333
122652.0,73.0,2.0,4.3,13.0,9.0,258.0,1,0.050387596899224806
122653.0,35.0,2.0,2.7,14.0,8.0,162.0,1,0.08641975308641975
122654.0,55.0,1.0,4.0,24.0,42.0,240.0,1,0.1
122655.0,56.0,2.0,4.1,17.0,27.0,245.99999999999997,1,0.06910569105691057
122656.0,20.0,1.0,3.9,23.0,35.0,234.0,1,0.09829059829059829
122657.0,72.0,1.0,4.0,20.0,68.0,240.0,2,0.08333333333333333
122659.0,32.0,1.0,4.3,35.0,12.0,258.0,1,0.13565891472868216
122660.0,65.0,2.0,4.2,19.0,36.0,252.0,1,0.07539682539682539
122662.0,35.0,1.0,4.3,28.0,42.0,258.0,1,0.10852713178294573
122663.0,24.0,2.0,3.8,8.0,5.0,228.0,1,0.03508771929824561
122664.0,52.0,1.0,3.9,21.0,20.0,234.0,1,0.08974358974358974
122665.0,61.0,2.0,3.6,18.0,78.0,216.0,2,0.08333333333333333
122667.0,16.0,2.0,4.4,9.0,23.0,264.0,1,0.03409090909090909
122670.0,56.0,1.0,4.1,56.0,89.0,245.99999999999997,3,0.22764227642276424
122672.0,47.0,1.0,4.6,19.0,22.0,276.0,1,0.06884057971014493
122673.0,52.0,2.0,4.0,14.0,12.0,240.0,1,0.058333333333333334
122675.0,76.0,1.0,3.8,11.0,29.0,228.0,1,0.04824561403508772
122676.0,43.0,1.0,4.6,34.0,37.0,276.0,1,0.12318840579710146
122678.0,61.0,2.0,4.4,13.0,61.0,264.0,2,0.04924242424242424
122683.0,54.0,1.0,3.8,19.0,24.0,228.0,1,0.08333333333333333
122684.0,26.0,2.0,4.6,34.0,18.0,276.0,1,0.12318840579710146
122685.0,61.0,2.0,3.5,15.0,18.0,210.0,1,0.07142857142857142
122687.0,19.0,2.0,4.3,22.0,7.0,258.0,1,0.08527131782945736
122689.0,38.0,1.0,4.2,26.0,31.0,252.0,1,0.10317460317460317
122690.0,17.0,2.0,4.1,18.0,15.0,245.99999999999997,1,0.07317073170731708
122691.0,42.0,1.0,4.3,61.0,28.0,258.0,2,0.2364341085271318
122692.0,44.0,2.0,4.3,11.0,17.0,258.0,1,0.04263565891472868
122693.0,13.0,2.0,4.2,9.0,14.0,252.0,1,0.03571428571428571
122694.0,77.0,1.0,4.5,22.0,35.0,270.0,1,0.08148148148148149
122695.0,14.0,2.0,3.9,8.0,10.0,234.0,1,0.03418803418803419
122698.0,33.0,1.0,4.5,26.0,14.0,270.0,1,0.0962962962962963
122699.0,29.0,1.0,4.5,22.0,25.0,270.0,1,0.08148148148148149
122700.0,35.0,1.0,4.4,27.0,40.0,264.0,1,0.10227272727272728
122701.0,27.0,2.0,3.0,6.0,10.0,180.0,1,0.03333333333333333
122703.0,53.0,2.0,4.0,12.0,9.0,240.0,1,0.05
122704.0,17.0,1.0,4.2,9.0,10.0,252.0,1,0.03571428571428571
122706.0,13.0,2.0,4.3,11.0,11.0,258.0,1,0.04263565891472868
122707.0,32.0,1.0,4.4,16.0,15.0,264.0,1,0.06060606060606061
122709.0,54.0,2.0,3.9,22.0,27.0,234.0,1,0.09401709401709402
122710.0,13.0,1.0,4.5,10.0,11.0,270.0,1,0.037037037037037035
122713.0,54.0,2.0,4.0,9.0,17.0,240.0,1,0.0375
122717.0,57.0,2.0,3.7,9.0,17.0,222.0,1,0.04054054054054054
122719.0,78.0,1.0,3.7,14.0,9.0,222.0,1,0.06306306306306306
122720.0,54.0,2.0,3.8,26.0,13.0,228.0,1,0.11403508771929824
122721.0,64.0,2.0,4.3,14.0,17.0,258.0,1,0.05426356589147287
122722.0,22.0,2.0,3.5,11.0,10.0,210.0,1,0.05238095238095238
122724.0,49.0,2.0,4.3,19.0,22.0,258.0,1,0.07364341085271318
122725.0,23.0,2.0,4.2,13.0,23.0,252.0,1,0.051587301587301584
122729.0,32.0,1.0,4.3,8.0,15.0,258.0,1,0.031007751937984496
122730.0,66.0,1.0,4.1,14.0,13.0,245.99999999999997,1,0.05691056910569106
122731.0,59.0,1.0,4.2,19.0,148.0,252.0,2,0.07539682539682539
122732.0,57.0,1.0,3.8,12.0,38.0,228.0,1,0.05263157894736842
122733.0,14.0,1.0,4.6,8.0,9.0,276.0,1,0.028985507246376812
122734.0,69.0,1.0,4.2,15.0,19.0,252.0,1,0.05952380952380952
122737.0,25.0,2.0,3.9,23.0,13.0,234.0,1,0.09829059829059829
122739.0,13.0,1.0,3.6,18.0,31.0,216.0,1,0.08333333333333333
122740.0,24.0,2.0,3.9,12.0,13.0,234.0,1,0.05128205128205128
122741.0,70.0,2.0,4.0,13.0,13.0,240.0,1,0.05416666666666667
122742.0,57.0,1.0,4.4,29.0,51.0,264.0,2,0.10984848484848485
122746.0,34.0,1.0,4.1,15.0,14.0,245.99999999999997,1,0.06097560975609757
122747.0,64.0,1.0,3.8,25.0,143.0,228.0,2,0.10964912280701754
122748.0,17.0,1.0,4.3,9.0,12.0,258.0,1,0.03488372093023256
122749.0,76.0,1.0,4.0,13.0,29.0,240.0,1,0.05416666666666667
122752.0,54.0,1.0,3.8,23.0,52.0,228.0,2,0.10087719298245613
122753.0,72.0,1.0,3.8,43.0,66.0,228.0,3,0.18859649122807018
122759.0,47.0,1.0,4.3,23.0,32.0,258.0,1,0.08914728682170543
122760.0,48.0,1.0,4.2,20.0,26.0,252.0,1,0.07936507936507936
122763.0,65.0,1.0,4.1,19.0,19.0,245.99999999999997,1,0.07723577235772358
122766.0,64.0,2.0,3.7,22.0,16.0,222.0,1,0.0990990990990991
122769.0,61.0,2.0,4.2,16.0,14.0,252.0,1,0.06349206349206349
122771.0,25.0,1.0,4.7,47.0,23.0,282.0,2,0.16666666666666666
122772.0,17.0,1.0,4.6,12.0,11.0,276.0,1,0.043478260869565216
122773.0,12.0,1.0,4.2,56.0,30.0,252.0,2,0.2222222222222222
122774.0,66.0,2.0,4.4,10.0,12.0,264.0,1,0.03787878787878788
122775.0,16.0,1.0,4.3,9.0,11.0,258.0,1,0.03488372093023256
122776.0,63.0,1.0,4.3,40.0,35.0,258.0,1,0.15503875968992248
122777.0,31.0,2.0,4.1,14.0,12.0,245.99999999999997,1,0.05691056910569106
122780.0,80.0,1.0,4.4,13.0,12.0,264.0,1,0.04924242424242424
122781.0,71.0,2.0,3.8,12.0,22.0,228.0,1,0.05263157894736842
122783.0,71.0,2.0,3.7,9.0,9.0,222.0,1,0.04054054054054054
122784.0,47.0,2.0,3.9,8.0,13.0,234.0,1,0.03418803418803419
122785.0,52.0,1.0,4.0,24.0,40.0,240.0,1,0.1
122786.0,47.0,2.0,4.1,88.0,13.0,245.99999999999997,2,0.3577235772357724
122787.0,42.0,1.0,4.1,12.0,17.0,245.99999999999997,1,0.04878048780487806
122789.0,74.0,1.0,3.6,24.0,19.0,216.0,1,0.1111111111111111
122790.0,28.0,2.0,4.6,13.0,13.0,276.0,1,0.04710144927536232
122791.0,52.0,2.0,3.6,26.0,95.0,216.0,2,0.12037037037037036
122792.0,45.0,2.0,4.0,12.0,39.0,240.0,1,0.05
122795.0,58.0,2.0,4.0,23.0,14.0,240.0,1,0.09583333333333334
122796.0,64.0,1.0,3.8,7.0,11.0,228.0,1,0.03070175438596491
122799.0,15.0,1.0,4.5,8.0,15.0,270.0,1,0.02962962962962963
122800.0,34.0,2.0,3.7,12.0,27.0,222.0,1,0.05405405405405406
122801.0,16.0,2.0,4.4,24.0,14.0,264.0,1,0.09090909090909091
122802.0,66.0,1.0,4.1,19.0,35.0,245.99999999999997,1,0.07723577235772358
122803.0,60.0,1.0,3.9,15.0,19.0,234.0,1,0.0641025641025641
122804.0,16.0,1.0,4.7,12.0,10.0,282.0,1,0.0425531914893617
122806.0,45.0,2.0,4.0,20.0,20.0,240.0,1,0.08333333333333333
122807.0,49.0,1.0,4.4,17.0,16.0,264.0,1,0.06439393939393939
122813.0,73.0,1.0,4.5,19.0,15.0,270.0,1,0.07037037037037037
122814.0,60.0,2.0,3.8,11.0,17.0,228.0,1,0.04824561403508772
122816.0,37.0,2.0,4.0,19.0,18.0,240.0,1,0.07916666666666666
122818.0,18.0,1.0,4.4,52.0,33.0,264.0,2,0.19696969696969696
122820.0,67.0,1.0,4.0,18.0,26.0,240.0,1,0.075
122824.0,36.0,1.0,3.9,27.0,17.0,234.0,1,0.11538461538461539
122825.0,16.0,1.0,4.3,19.0,15.0,258.0,1,0.07364341085271318
122826.0,21.0,2.0,3.0,8.0,5.0,180.0,1,0.044444444444444446
122828.0,33.0,2.0,4.1,18.0,10.0,245.99999999999997,1,0.07317073170731708
122830.0,64.0,2.0,3.3,21.0,23.0,198.0,1,0.10606060606060606
122832.0,65.0,1.0,3.4,7.0,14.0,204.0,1,0.03431372549019608
122833.0,44.0,2.0,4.3,23.0,43.0,258.0,1,0.08914728682170543
122834.0,19.0,2.0,4.1,4.0,12.0,245.99999999999997,1,0.016260162601626018
122839.0,30.0,2.0,3.9,13.0,10.0,234.0,1,0.05555555555555555
122840.0,39.0,2.0,3.7,8.0,17.0,222.0,1,0.036036036036036036
122842.0,57.0,2.0,4.3,22.0,37.0,258.0,1,0.08527131782945736
122843.0,69.0,2.0,4.0,15.0,15.0,240.0,1,0.0625
122845.0,43.0,1.0,4.0,41.0,56.0,240.0,3,0.17083333333333334
122846.0,24.0,2.0,2.6,6.0,3.0,156.0,1,0.038461538461538464
122847.0,13.0,1.0,4.1,18.0,10.0,245.99999999999997,1,0.07317073170731708
122848.0,73.0,1.0,3.9,39.0,96.0,234.0,2,0.16666666666666666
122849.0,68.0,2.0,4.2,24.0,17.0,252.0,1,0.09523809523809523
122851.0,31.0,2.0,3.5,13.0,14.0,210.0,1,0.06190476190476191
122852.0,36.0,2.0,4.1,13.0,16.0,245.99999999999997,1,0.052845528455284556
122855.0,32.0,1.0,3.9,18.0,18.0,234.0,1,0.07692307692307693
122856.0,80.0,1.0,3.9,16.0,24.0,234.0,1,0.06837606837606838
122860.0,15.0,1.0,4.2,15.0,10.0,252.0,1,0.05952380952380952
122864.0,58.0,1.0,4.4,20.0,24.0,264.0,1,0.07575757575757576
122866.0,12.0,1.0,4.2,12.0,11.0,252.0,1,0.047619047619047616
122867.0,22.0,2.0,4.1,23.0,17.0,245.99999999999997,1,0.0934959349593496
122869.0,14.0,2.0,3.8,25.0,28.0,228.0,1,0.10964912280701754
122870.0,32.0,2.0,3.6,21.0,16.0,216.0,1,0.09722222222222222
122871.0,52.0,2.0,4.1,18.0,16.0,245.99999999999997,1,0.07317073170731708
122874.0,35.0,2.0,4.2,8.0,8.0,252.0,1,0.031746031746031744
122876.0,61.0,2.0,3.8,13.0,34.0,228.0,1,0.05701754385964912
122877.0,14.0,2.0,4.3,13.0,18.0,258.0,1,0.050387596899224806
122878.0,65.0,1.0,4.1,29.0,48.0,245.99999999999997,1,0.11788617886178863
122881.0,56.0,2.0,4.1,29.0,20.0,245.99999999999997,1,0.11788617886178863
122883.0,44.0,2.0,4.0,17.0,59.0,240.0,2,0.07083333333333333
122884.0,16.0,1.0,4.0,47.0,269.0,240.0,3,0.19583333333333333
122885.0,22.0,1.0,4.4,10.0,11.0,264.0,1,0.03787878787878788
122886.0,31.0,1.0,4.1,15.0,11.0,245.99999999999997,1,0.06097560975609757
122888.0,53.0,1.0,3.9,12.0,36.0,234.0,1,0.05128205128205128
122889.0,53.0,2.0,4.2,17.0,15.0,252.0,1,0.06746031746031746
122893.0,45.0,2.0,3.5,14.0,18.0,210.0,1,0.06666666666666667
122894.0,39.0,1.0,4.3,11.0,28.0,258.0,1,0.04263565891472868
122895.0,80.0,1.0,3.9,12.0,15.0,234.0,1,0.05128205128205128
122896.0,74.0,1.0,4.2,100.0,55.0,252.0,3,0.3968253968253968
122898.0,75.0,1.0,3.1,16.0,18.0,186.0,1,0.08602150537634409
122899.0,16.0,2.0,3.6,14.0,18.0,216.0,1,0.06481481481481481
122901.0,47.0,1.0,4.5,30.0,27.0,270.0,1,0.1111111111111111
122902.0,57.0,1.0,3.6,16.0,96.0,216.0,2,0.07407407407407407
122905.0,41.0,1.0,3.8,37.0,43.0,228.0,1,0.16228070175438597
122906.0,26.0,2.0,3.7,10.0,8.0,222.0,1,0.04504504504504504
122907.0,15.0,1.0,4.6,20.0,13.0,276.0,1,0.07246376811594203
122909.0,64.0,2.0,4.4,10.0,21.0,264.0,1,0.03787878787878788
122910.0,17.0,1.0,4.2,15.0,17.0,252.0,1,0.05952380952380952
122911.0,27.0,2.0,3.5,21.0,45.0,210.0,1,0.1
122912.0,41.0,1.0,4.4,19.0,19.0,264.0,1,0.07196969696969698
122913.0,27.0,1.0,3.6,20.0,39.0,216.0,1,0.09259259259259259
122914.0,36.0,1.0,4.1,17.0,27.0,245.99999999999997,1,0.06910569105691057
122915.0,60.0,2.0,3.9,54.0,63.0,234.0,3,0.23076923076923078
122916.0,18.0,1.0,4.1,21.0,12.0,245.99999999999997,1,0.08536585365853659
122919.0,24.0,1.0,4.4,29.0,20.0,264.0,1,0.10984848484848485
122921.0,76.0,2.0,4.2,16.0,11.0,252.0,1,0.06349206349206349
122922.0,73.0,2.0,3.9,13.0,30.0,234.0,1,0.05555555555555555
122923.0,61.0,1.0,3.8,14.0,27.0,228.0,1,0.06140350877192982
122925.0,57.0,2.0,4.2,22.0,87.0,252.0,2,0.0873015873015873
122926.0,17.0,2.0,4.6,10.0,10.0,276.0,1,0.036231884057971016
122928.0,50.0,2.0,3.8,22.0,24.0,228.0,1,0.09649122807017543
122929.0,26.0,2.0,4.2,19.0,21.0,252.0,1,0.07539682539682539
122930.0,77.0,1.0,4.2,31.0,14.0,252.0,1,0.12301587301587301
122931.0,68.0,2.0,3.7,27.0,15.0,222.0,1,0.12162162162162163
122932.0,41.0,1.0,4.5,28.0,45.0,270.0,1,0.1037037037037037
122933.0,76.0,2.0,3.7,12.0,68.0,222.0,2,0.05405405405405406
122934.0,32.0,1.0,4.0,12.0,19.0,240.0,1,0.05
122937.0,41.0,1.0,4.1,14.0,10.0,245.99999999999997,1,0.05691056910569106
122938.0,66.0,2.0,3.7,10.0,9.0,222.0,1,0.04504504504504504
122939.0,26.0,2.0,4.6,15.0,23.0,276.0,1,0.05434782608695652
122940.0,42.0,1.0,4.7,25.0,27.0,282.0,1,0.08865248226950355
122943.0,78.0,2.0,3.7,11.0,18.0,222.0,1,0.04954954954954955
122945.0,63.0,2.0,4.1,21.0,23.0,245.99999999999997,1,0.08536585365853659
122946.0,36.0,2.0,3.2,16.0,10.0,192.0,1,0.08333333333333333
122949.0,43.0,2.0,3.9,12.0,10.0,234.0,1,0.05128205128205128
122950.0,50.0,2.0,3.6,15.0,18.0,216.0,1,0.06944444444444445
122951.0,25.0,1.0,4.7,13.0,14.0,282.0,1,0.04609929078014184
122952.0,34.0,2.0,3.8,16.0,9.0,228.0,1,0.07017543859649122
122953.0,66.0,1.0,4.0,23.0,68.0,240.0,2,0.09583333333333334
122954.0,60.0,1.0,4.5,18.0,23.0,270.0,1,0.06666666666666667
122955.0,31.0,2.0,3.5,10.0,17.0,210.0,1,0.047619047619047616
122956.0,51.0,2.0,4.1,17.0,14.0,245.99999999999997,1,0.06910569105691057
122958.0,15.0,2.0,3.7,25.0,12.0,222.0,1,0.11261261261261261
122959.0,62.0,1.0,4.2,41.0,54.0,252.0,3,0.1626984126984127
122960.0,62.0,2.0,4.1,29.0,16.0,245.99999999999997,1,0.11788617886178863
122961.0,12.0,1.0,4.2,22.0,18.0,252.0,1,0.0873015873015873
122962.0,63.0,2.0,3.9,42.0,28.0,234.0,2,0.1794871794871795
122963.0,56.0,2.0,4.5,5.0,12.0,270.0,1,0.018518518518518517
122967.0,14.0,2.0,3.9,15.0,9.0,234.0,1,0.0641025641025641
122969.0,16.0,2.0,4.4,10.0,9.0,264.0,1,0.03787878787878788
122970.0,43.0,1.0,4.0,27.0,26.0,240.0,1,0.1125
122971.0,16.0,2.0,3.8,13.0,15.0,228.0,1,0.05701754385964912
122972.0,47.0,2.0,3.6,10.0,17.0,216.0,1,0.046296296296296294
122973.0,69.0,1.0,3.8,21.0,18.0,228.0,1,0.09210526315789473
122974.0,71.0,1.0,4.1,25.0,22.0,245.99999999999997,1,0.10162601626016261
122975.0,45.0,2.0,3.9,20.0,51.0,234.0,2,0.08547008547008547
122977.0,53.0,1.0,4.3,29.0,234.0,258.0,2,0.1124031007751938
122979.0,63.0,1.0,3.6,11.0,14.0,216.0,1,0.05092592592592592
122980.0,15.0,1.0,4.3,11.0,14.0,258.0,1,0.04263565891472868
122981.0,15.0,1.0,4.6,13.0,14.0,276.0,1,0.04710144927536232
122982.0,53.0,1.0,4.3,58.0,24.0,258.0,2,0.2248062015503876
122984.0,27.0,2.0,3.9,9.0,12.0,234.0,1,0.038461538461538464
122985.0,26.0,1.0,4.5,44.0,29.0,270.0,2,0.16296296296296298
122987.0,46.0,2.0,4.1,16.0,29.0,245.99999999999997,1,0.06504065040650407
122988.0,54.0,2.0,3.9,12.0,17.0,234.0,1,0.05128205128205128
122991.0,79.0,2.0,4.4,13.0,59.0,264.0,2,0.04924242424242424
122992.0,45.0,1.0,3.1,16.0,18.0,186.0,1,0.08602150537634409
122993.0,54.0,1.0,4.0,13.0,22.0,240.0,1,0.05416666666666667
122994.0,12.0,2.0,4.3,15.0,13.0,258.0,1,0.05813953488372093
122995.0,41.0,1.0,4.4,19.0,27.0,264.0,1,0.07196969696969698
122996.0,47.0,2.0,3.6,14.0,21.0,216.0,1,0.06481481481481481
122997.0,19.0,2.0,4.1,9.0,23.0,245.99999999999997,1,0.03658536585365854
122998.0,25.0,1.0,4.1,17.0,27.0,245.99999999999997,1,0.06910569105691057
123002.0,62.0,1.0,4.7,34.0,54.0,282.0,2,0.12056737588652482
123003.0,45.0,1.0,4.2,40.0,31.0,252.0,1,0.15873015873015872
123004.0,42.0,1.0,4.4,22.0,119.0,264.0,2,0.08333333333333333
123005.0,47.0,2.0,3.9,57.0,96.0,234.0,3,0.24358974358974358
123007.0,35.0,1.0,4.2,96.0,176.0,252.0,3,0.38095238095238093
123008.0,17.0,1.0,4.4,9.0,11.0,264.0,1,0.03409090909090909
123009.0,43.0,2.0,3.7,27.0,20.0,222.0,1,0.12162162162162163
123010.0,66.0,1.0,3.8,14.0,25.0,228.0,1,0.06140350877192982
123011.0,80.0,1.0,4.0,21.0,9.0,240.0,1,0.0875
123012.0,15.0,2.0,3.5,11.0,11.0,210.0,1,0.05238095238095238
123014.0,14.0,2.0,4.5,8.0,21.0,270.0,1,0.02962962962962963
123015.0,25.0,2.0,4.3,10.0,8.0,258.0,1,0.03875968992248062
123019.0,18.0,2.0,4.3,8.0,9.0,258.0,1,0.031007751937984496
123021.0,60.0,2.0,4.4,8.0,25.0,264.0,1,0.030303030303030304
123023.0,28.0,1.0,4.0,16.0,17.0,240.0,1,0.06666666666666667
123024.0,71.0,1.0,3.7,18.0,10.0,222.0,1,0.08108108108108109
123025.0,72.0,1.0,4.2,15.0,14.0,252.0,1,0.05952380952380952
123026.0,65.0,2.0,4.5,22.0,20.0,270.0,1,0.08148148148148149
123027.0,15.0,1.0,4.3,11.0,12.0,258.0,1,0.04263565891472868
123029.0,43.0,1.0,4.0,20.0,51.0,240.0,2,0.08333333333333333
123031.0,38.0,1.0,3.9,13.0,14.0,234.0,1,0.05555555555555555
123032.0,77.0,1.0,3.9,12.0,33.0,234.0,1,0.05128205128205128
123033.0,60.0,2.0,4.7,29.0,19.0,282.0,1,0.10283687943262411
123035.0,22.0,2.0,4.0,9.0,9.0,240.0,1,0.0375
123037.0,67.0,1.0,3.9,19.0,19.0,234.0,1,0.0811965811965812
123038.0,75.0,1.0,3.8,20.0,27.0,228.0,1,0.08771929824561403
123040.0,64.0,1.0,4.6,22.0,37.0,276.0,1,0.07971014492753623
123041.0,66.0,2.0,4.1,45.0,39.0,245.99999999999997,2,0.1829268292682927
123042.0,50.0,2.0,3.6,22.0,47.0,216.0,1,0.10185185185185185
123043.0,54.0,2.0,3.4,41.0,170.0,204.0,3,0.20098039215686275
123045.0,80.0,2.0,3.7,14.0,22.0,222.0,1,0.06306306306306306
123047.0,39.0,1.0,4.2,14.0,22.0,252.0,1,0.05555555555555555
123048.0,52.0,2.0,4.1,17.0,15.0,245.99999999999997,1,0.06910569105691057
123050.0,73.0,2.0,3.9,30.0,16.0,234.0,1,0.1282051282051282
123051.0,15.0,2.0,3.7,13.0,9.0,222.0,1,0.05855855855855856
123052.0,20.0,2.0,3.6,32.0,22.0,216.0,1,0.14814814814814814
123053.0,46.0,2.0,3.6,28.0,212.0,216.0,2,0.12962962962962962
123054.0,18.0,2.0,4.0,18.0,10.0,240.0,1,0.075
123059.0,68.0,2.0,3.3,18.0,177.0,198.0,2,0.09090909090909091
123063.0,68.0,1.0,3.9,14.0,16.0,234.0,1,0.05982905982905983
123064.0,44.0,2.0,3.5,15.0,10.0,210.0,1,0.07142857142857142
123068.0,35.0,2.0,4.0,11.0,7.0,240.0,1,0.04583333333333333
123069.0,80.0,2.0,3.9,15.0,33.0,234.0,1,0.0641025641025641
123070.0,53.0,1.0,4.0,30.0,36.0,240.0,1,0.125
123073.0,52.0,1.0,3.8,9.0,13.0,228.0,1,0.039473684210526314
123075.0,24.0,1.0,4.1,49.0,33.0,245.99999999999997,2,0.19918699186991873
123077.0,50.0,1.0,4.2,22.0,33.0,252.0,1,0.0873015873015873
123078.0,66.0,1.0,4.4,23.0,25.0,264.0,1,0.08712121212121213
123079.0,40.0,2.0,4.1,8.0,21.0,245.99999999999997,1,0.032520325203252036
123081.0,12.0,1.0,3.8,24.0,17.0,228.0,1,0.10526315789473684
123082.0,54.0,2.0,3.8,25.0,58.0,228.0,2,0.10964912280701754
123083.0,68.0,2.0,4.2,16.0,14.0,252.0,1,0.06349206349206349
123084.0,50.0,1.0,3.2,24.0,355.0,192.0,2,0.125
123085.0,60.0,1.0,3.9,21.0,35.0,234.0,1,0.08974358974358974
123087.0,21.0,1.0,4.2,9.0,10.0,252.0,1,0.03571428571428571
123088.0,77.0,2.0,4.0,17.0,18.0,240.0,1,0.07083333333333333
123089.0,56.0,2.0,4.1,15.0,13.0,245.99999999999997,1,0.06097560975609757
123090.0,58.0,2.0,4.2,21.0,29.0,252.0,1,0.08333333333333333
123091.0,59.0,2.0,4.6,19.0,20.0,276.0,1,0.06884057971014493
123093.0,17.0,1.0,4.1,14.0,13.0,245.99999999999997,1,0.05691056910569106
123094.0,29.0,2.0,2.8,18.0,15.0,168.0,1,0.10714285714285714
123096.0,39.0,2.0,3.5,14.0,30.0,210.0,1,0.06666666666666667
123097.0,48.0,1.0,4.0,26.0,63.0,240.0,2,0.10833333333333334
123099.0,34.0,2.0,4.1,11.0,12.0,245.99999999999997,1,0.04471544715447155
123101.0,16.0,1.0,4.4,13.0,11.0,264.0,1,0.04924242424242424
123103.0,23.0,1.0,4.1,77.0,148.0,245.99999999999997,3,0.31300813008130085
123104.0,62.0,1.0,4.3,26.0,51.0,258.0,2,0.10077519379844961
123105.0,31.0,1.0,4.3,49.0,28.0,258.0,2,0.18992248062015504
123107.0,80.0,1.0,3.9,15.0,23.0,234.0,1,0.0641025641025641
123108.0,35.0,2.0,3.9,53.0,10.0,234.0,2,0.2264957264957265
123109.0,24.0,2.0,3.7,16.0,16.0,222.0,1,0.07207207207207207
123110.0,15.0,1.0,4.7,11.0,16.0,282.0,1,0.03900709219858156
123112.0,56.0,2.0,3.9,17.0,12.0,234.0,1,0.07264957264957266
123113.0,36.0,1.0,4.3,56.0,42.0,258.0,2,0.21705426356589147
123115.0,46.0,2.0,4.0,18.0,20.0,240.0,1,0.075
123116.0,79.0,1.0,4.4,18.0,13.0,264.0,1,0.06818181818181818
123118.0,27.0,2.0,3.9,10.0,11.0,234.0,1,0.042735042735042736
123120.0,43.0,2.0,3.8,12.0,22.0,228.0,1,0.05263157894736842
123121.0,39.0,1.0,4.3,27.0,25.0,258.0,1,0.10465116279069768
123123.0,58.0,1.0,3.2,14.0,109.0,192.0,2,0.07291666666666667
123125.0,44.0,1.0,4.3,24.0,15.0,258.0,1,0.09302325581395349
123126.0,68.0,1.0,4.3,10.0,20.0,258.0,1,0.03875968992248062
123127.0,80.0,1.0,4.1,26.0,24.0,245.99999999999997,1,0.10569105691056911
123128.0,58.0,1.0,4.1,16.0,32.0,245.99999999999997,1,0.06504065040650407
123129.0,67.0,2.0,3.6,12.0,61.0,216.0,2,0.05555555555555555
123130.0,72.0,1.0,3.9,16.0,53.0,234.0,2,0.06837606837606838
123131.0,13.0,1.0,4.5,28.0,22.0,270.0,1,0.1037037037037037
123132.0,17.0,1.0,4.1,14.0,18.0,245.99999999999997,1,0.05691056910569106
123133.0,18.0,1.0,4.5,17.0,24.0,270.0,1,0.06296296296296296
123135.0,69.0,2.0,4.6,15.0,27.0,276.0,1,0.05434782608695652
123138.0,61.0,2.0,3.9,25.0,29.0,234.0,1,0.10683760683760683
123139.0,55.0,2.0,4.0,14.0,9.0,240.0,1,0.058333333333333334
123141.0,55.0,2.0,4.1,11.0,14.0,245.99999999999997,1,0.04471544715447155
123142.0,67.0,2.0,3.9,13.0,31.0,234.0,1,0.05555555555555555
123145.0,16.0,2.0,3.9,15.0,12.0,234.0,1,0.0641025641025641
123146.0,63.0,2.0,4.1,16.0,11.0,245.99999999999997,1,0.06504065040650407
123147.0,12.0,1.0,4.2,16.0,20.0,252.0,1,0.06349206349206349
123149.0,50.0,1.0,4.3,24.0,22.0,258.0,1,0.09302325581395349
123151.0,38.0,2.0,4.1,10.0,10.0,245.99999999999997,1,0.04065040650406505
123153.0,42.0,1.0,4.1,24.0,29.0,245.99999999999997,1,0.09756097560975611
123155.0,80.0,1.0,4.1,12.0,18.0,245.99999999999997,1,0.04878048780487806
123156.0,80.0,1.0,3.9,17.0,68.0,234.0,2,0.07264957264957266
123158.0,12.0,1.0,4.2,13.0,12.0,252.0,1,0.051587301587301584
123159.0,31.0,1.0,3.8,19.0,59.0,228.0,2,0.08333333333333333
123160.0,50.0,1.0,4.5,57.0,42.0,270.0,2,0.2111111111111111
123162.0,69.0,1.0,3.7,16.0,25.0,222.0,1,0.07207207207207207
123163.0,67.0,2.0,3.3,54.0,140.0,198.0,3,0.2727272727272727
123164.0,56.0,1.0,3.9,15.0,24.0,234.0,1,0.0641025641025641
123165.0,34.0,2.0,4.5,9.0,9.0,270.0,1,0.03333333333333333
123167.0,25.0,1.0,4.2,19.0,18.0,252.0,1,0.07539682539682539
123169.0,36.0,1.0,4.3,22.0,35.0,258.0,1,0.08527131782945736
123171.0,17.0,1.0,4.4,162.0,66.0,264.0,3,0.6136363636363636
123172.0,55.0,1.0,4.4,27.0,24.0,264.0,1,0.10227272727272728
123173.0,60.0,1.0,3.6,50.0,310.0,216.0,3,0.23148148148148148
123174.0,18.0,1.0,4.9,19.0,18.0,294.0,1,0.06462585034013606
123175.0,46.0,1.0,4.6,20.0,27.0,276.0,1,0.07246376811594203
123179.0,45.0,1.0,3.6,23.0,13.0,216.0,1,0.10648148148148148
123182.0,18.0,1.0,4.3,23.0,17.0,258.0,1,0.08914728682170543
123183.0,54.0,1.0,4.0,20.0,31.0,240.0,1,0.08333333333333333
123185.0,53.0,1.0,4.4,19.0,25.0,264.0,1,0.07196969696969698
123186.0,28.0,2.0,4.1,14.0,14.0,245.99999999999997,1,0.05691056910569106
123189.0,17.0,2.0,3.9,12.0,9.0,234.0,1,0.05128205128205128
123190.0,60.0,2.0,3.8,13.0,37.0,228.0,1,0.05701754385964912
123193.0,63.0,2.0,4.4,18.0,13.0,264.0,1,0.06818181818181818
123196.0,65.0,2.0,4.2,16.0,10.0,252.0,1,0.06349206349206349
123197.0,68.0,1.0,4.2,16.0,21.0,252.0,1,0.06349206349206349
123198.0,48.0,1.0,4.5,40.0,24.0,270.0,1,0.14814814814814814
123199.0,54.0,1.0,3.8,25.0,18.0,228.0,1,0.10964912280701754
123203.0,57.0,2.0,3.9,21.0,21.0,234.0,1,0.08974358974358974
123204.0,37.0,1.0,4.3,13.0,16.0,258.0,1,0.050387596899224806
123207.0,15.0,2.0,4.1,8.0,8.0,245.99999999999997,1,0.032520325203252036
123210.0,35.0,1.0,4.0,51.0,44.0,240.0,2,0.2125
123212.0,71.0,1.0,3.5,7.0,17.0,210.0,1,0.03333333333333333
123213.0,13.0,2.0,3.6,9.0,9.0,216.0,1,0.041666666666666664
123214.0,39.0,2.0,3.9,14.0,13.0,234.0,1,0.05982905982905983
123215.0,57.0,1.0,4.4,14.0,20.0,264.0,1,0.05303030303030303
123216.0,47.0,1.0,3.7,25.0,41.0,222.0,1,0.11261261261261261
123217.0,18.0,2.0,4.0,7.0,9.0,240.0,1,0.029166666666666667
123219.0,17.0,1.0,4.6,15.0,49.0,276.0,2,0.05434782608695652
123220.0,31.0,1.0,4.0,21.0,19.0,240.0,1,0.0875
123221.0,78.0,1.0,3.8,10.0,14.0,228.0,1,0.043859649122807015
123222.0,33.0,2.0,3.8,8.0,12.0,228.0,1,0.03508771929824561
123223.0,52.0,2.0,3.8,33.0,14.0,228.0,1,0.14473684210526316
123224.0,40.0,2.0,4.4,14.0,24.0,264.0,1,0.05303030303030303
123226.0,33.0,1.0,3.9,7.0,17.0,234.0,1,0.029914529914529916
123227.0,26.0,1.0,4.2,20.0,33.0,252.0,1,0.07936507936507936
123231.0,67.0,1.0,3.5,16.0,278.0,210.0,2,0.0761904761904762
123232.0,80.0,2.0,4.2,12.0,11.0,252.0,1,0.047619047619047616
123234.0,30.0,1.0,4.8,19.0,30.0,288.0,1,0.06597222222222222
123235.0,73.0,2.0,4.7,45.0,65.0,282.0,3,0.1595744680851064
123237.0,40.0,2.0,3.9,10.0,14.0,234.0,1,0.042735042735042736
123239.0,27.0,1.0,4.3,8.0,22.0,258.0,1,0.031007751937984496
123243.0,44.0,1.0,4.2,13.0,18.0,252.0,1,0.051587301587301584
123244.0,26.0,1.0,4.5,9.0,7.0,270.0,1,0.03333333333333333
123245.0,72.0,2.0,4.3,19.0,18.0,258.0,1,0.07364341085271318
123247.0,67.0,2.0,3.9,17.0,13.0,234.0,1,0.07264957264957266
123248.0,47.0,1.0,4.7,18.0,21.0,282.0,1,0.06382978723404255
123249.0,51.0,2.0,4.1,17.0,15.0,245.99999999999997,1,0.06910569105691057
123250.0,13.0,1.0,4.1,10.0,12.0,245.99999999999997,1,0.04065040650406505
123251.0,24.0,1.0,4.1,10.0,19.0,245.99999999999997,1,0.04065040650406505
123252.0,37.0,2.0,4.2,13.0,19.0,252.0,1,0.051587301587301584
123254.0,53.0,1.0,4.5,27.0,33.0,270.0,1,0.1
123257.0,38.0,2.0,3.9,10.0,12.0,234.0,1,0.042735042735042736
123258.0,77.0,2.0,4.2,12.0,14.0,252.0,1,0.047619047619047616
123260.0,39.0,2.0,3.7,12.0,19.0,222.0,1,0.05405405405405406
123261.0,50.0,2.0,3.4,7.0,10.0,204.0,1,0.03431372549019608
123263.0,53.0,1.0,4.5,23.0,13.0,270.0,1,0.08518518518518518
123264.0,56.0,2.0,3.6,42.0,62.0,216.0,3,0.19444444444444445
123265.0,22.0,2.0,4.1,12.0,10.0,245.99999999999997,1,0.04878048780487806
123266.0,36.0,1.0,4.9,23.0,28.0,294.0,1,0.0782312925170068
123267.0,46.0,1.0,3.7,16.0,24.0,222.0,1,0.07207207207207207
123268.0,63.0,2.0,4.1,15.0,26.0,245.99999999999997,1,0.06097560975609757
123269.0,22.0,1.0,4.3,20.0,33.0,258.0,1,0.07751937984496124
123271.0,63.0,1.0,4.7,14.0,18.0,282.0,1,0.04964539007092199
123273.0,20.0,2.0,3.3,8.0,16.0,198.0,1,0.04040404040404041
123274.0,32.0,1.0,4.2,54.0,28.0,252.0,2,0.21428571428571427
123275.0,30.0,1.0,4.5,38.0,67.0,270.0,2,0.14074074074074075
123277.0,54.0,1.0,4.1,40.0,21.0,245.99999999999997,1,0.1626016260162602
123278.0,59.0,1.0,4.3,53.0,112.0,258.0,3,0.2054263565891473
123279.0,62.0,1.0,4.0,25.0,31.0,240.0,1,0.10416666666666667
123280.0,71.0,1.0,3.6,9.0,18.0,216.0,1,0.041666666666666664
123281.0,80.0,2.0,3.7,14.0,20.0,222.0,1,0.06306306306306306
123282.0,78.0,2.0,3.7,15.0,24.0,222.0,1,0.06756756756756757
123284.0,58.0,2.0,3.8,25.0,30.0,228.0,1,0.10964912280701754
123286.0,18.0,2.0,3.7,12.0,11.0,222.0,1,0.05405405405405406
123287.0,27.0,1.0,4.2,25.0,25.0,252.0,1,0.0992063492063492
123290.0,65.0,2.0,4.1,31.0,25.0,245.99999999999997,1,0.12601626016260165
123291.0,48.0,2.0,4.0,11.0,19.0,240.0,1,0.04583333333333333
123292.0,19.0,1.0,4.7,16.0,12.0,282.0,1,0.05673758865248227
123294.0,25.0,1.0,4.4,33.0,32.0,264.0,1,0.125
123295.0,31.0,2.0,3.7,9.0,9.0,222.0,1,0.04054054054054054
123296.0,79.0,1.0,3.8,15.0,28.0,228.0,1,0.06578947368421052
123298.0,68.0,1.0,3.8,19.0,14.0,228.0,1,0.08333333333333333
123299.0,41.0,2.0,4.0,11.0,19.0,240.0,1,0.04583333333333333
123301.0,23.0,1.0,4.3,95.0,85.0,258.0,3,0.3682170542635659
123302.0,69.0,1.0,4.3,24.0,20.0,258.0,1,0.09302325581395349
123304.0,33.0,1.0,4.2,15.0,18.0,252.0,1,0.05952380952380952
123306.0,33.0,1.0,4.1,32.0,33.0,245.99999999999997,1,0.13008130081300814
123308.0,12.0,1.0,3.9,11.0,10.0,234.0,1,0.04700854700854701
123309.0,80.0,1.0,3.7,12.0,17.0,222.0,1,0.05405405405405406
123310.0,52.0,2.0,3.8,24.0,21.0,228.0,1,0.10526315789473684
123315.0,69.0,2.0,3.9,7.0,17.0,234.0,1,0.029914529914529916
123316.0,38.0,2.0,3.4,21.0,40.0,204.0,1,0.10294117647058823
123317.0,69.0,2.0,4.0,10.0,24.0,240.0,1,0.041666666666666664
123318.0,53.0,2.0,3.9,15.0,21.0,234.0,1,0.0641025641025641
123319.0,30.0,1.0,4.6,37.0,53.0,276.0,2,0.13405797101449277
123321.0,28.0,2.0,4.1,13.0,10.0,245.99999999999997,1,0.052845528455284556
123322.0,39.0,2.0,3.8,9.0,7.0,228.0,1,0.039473684210526314
123323.0,64.0,1.0,4.1,26.0,49.0,245.99999999999997,2,0.10569105691056911
123324.0,65.0,1.0,4.5,21.0,37.0,270.0,1,0.07777777777777778
123325.0,32.0,1.0,4.2,26.0,25.0,252.0,1,0.10317460317460317
123326.0,22.0,1.0,2.7,30.0,15.0,162.0,1,0.18518518518518517
123327.0,80.0,2.0,4.1,13.0,23.0,245.99999999999997,1,0.052845528455284556
123328.0,19.0,1.0,4.8,10.0,12.0,288.0,1,0.034722222222222224
123329.0,46.0,2.0,4.0,19.0,24.0,240.0,1,0.07916666666666666
123330.0,38.0,1.0,4.3,13.0,19.0,258.0,1,0.050387596899224806
123332.0,61.0,2.0,2.8,28.0,12.0,168.0,1,0.16666666666666666
123335.0,75.0,2.0,4.1,48.0,33.0,245.99999999999997,2,0.19512195121951223
123336.0,52.0,2.0,4.1,22.0,10.0,245.99999999999997,1,0.0894308943089431
123338.0,37.0,2.0,4.0,21.0,16.0,240.0,1,0.0875
123342.0,35.0,2.0,3.9,20.0,23.0,234.0,1,0.08547008547008547
123343.0,23.0,1.0,4.5,18.0,13.0,270.0,1,0.06666666666666667
123346.0,70.0,1.0,4.1,21.0,24.0,245.99999999999997,1,0.08536585365853659
123347.0,66.0,1.0,4.3,22.0,8.0,258.0,1,0.08527131782945736
123349.0,38.0,2.0,4.0,14.0,25.0,240.0,1,0.058333333333333334
123353.0,44.0,1.0,4.1,23.0,20.0,245.99999999999997,1,0.0934959349593496
123354.0,34.0,2.0,3.6,10.0,13.0,216.0,1,0.046296296296296294
123355.0,32.0,1.0,4.5,54.0,42.0,270.0,2,0.2
123359.0,33.0,1.0,4.3,36.0,72.0,258.0,2,0.13953488372093023
123360.0,71.0,2.0,3.9,13.0,11.0,234.0,1,0.05555555555555555
123361.0,39.0,1.0,3.8,15.0,19.0,228.0,1,0.06578947368421052
123362.0,57.0,1.0,4.0,15.0,21.0,240.0,1,0.0625
123363.0,34.0,2.0,4.2,20.0,21.0,252.0,1,0.07936507936507936
123364.0,42.0,2.0,3.6,13.0,15.0,216.0,1,0.06018518518518518
123366.0,80.0,1.0,3.7,10.0,22.0,222.0,1,0.04504504504504504
123367.0,80.0,1.0,3.9,13.0,17.0,234.0,1,0.05555555555555555
123369.0,48.0,2.0,3.9,28.0,17.0,234.0,1,0.11965811965811966
123372.0,40.0,1.0,4.2,35.0,17.0,252.0,1,0.1388888888888889
123373.0,42.0,2.0,3.4,146.0,556.0,204.0,3,0.7156862745098039
123374.0,35.0,1.0,4.5,89.0,107.0,270.0,3,0.3296296296296296
123375.0,76.0,2.0,4.0,12.0,18.0,240.0,1,0.05
123378.0,37.0,1.0,4.5,22.0,16.0,270.0,1,0.08148148148148149
123380.0,48.0,2.0,3.9,15.0,10.0,234.0,1,0.0641025641025641
123382.0,19.0,2.0,4.1,14.0,17.0,245.99999999999997,1,0.05691056910569106
123383.0,12.0,1.0,5.0,16.0,25.0,300.0,1,0.05333333333333334
123386.0,25.0,2.0,3.8,11.0,26.0,228.0,1,0.04824561403508772
123388.0,63.0,2.0,3.7,14.0,12.0,222.0,1,0.06306306306306306
123389.0,22.0,2.0,4.0,14.0,36.0,240.0,1,0.058333333333333334
123391.0,40.0,2.0,4.0,49.0,18.0,240.0,2,0.20416666666666666
123396.0,29.0,1.0,3.7,10.0,12.0,222.0,1,0.04504504504504504
123397.0,12.0,1.0,4.0,15.0,16.0,240.0,1,0.0625
123399.0,69.0,1.0,4.1,42.0,58.0,245.99999999999997,3,0.17073170731707318
123400.0,71.0,2.0,3.9,15.0,24.0,234.0,1,0.0641025641025641
123401.0,46.0,1.0,4.1,19.0,29.0,245.99999999999997,1,0.07723577235772358
123402.0,80.0,2.0,3.7,19.0,30.0,222.0,1,0.08558558558558559
123403.0,47.0,2.0,3.3,13.0,47.0,198.0,1,0.06565656565656566
123405.0,57.0,1.0,4.2,23.0,19.0,252.0,1,0.09126984126984126
123407.0,20.0,1.0,4.9,15.0,19.0,294.0,1,0.05102040816326531
123408.0,67.0,2.0,3.9,27.0,20.0,234.0,1,0.11538461538461539
123409.0,29.0,1.0,4.2,20.0,10.0,252.0,1,0.07936507936507936
123411.0,39.0,2.0,3.5,11.0,15.0,210.0,1,0.05238095238095238
123412.0,52.0,1.0,4.1,47.0,71.0,245.99999999999997,3,0.1910569105691057
123413.0,37.0,2.0,3.7,14.0,14.0,222.0,1,0.06306306306306306
123415.0,20.0,1.0,4.0,53.0,40.0,240.0,2,0.22083333333333333
123416.0,61.0,1.0,4.3,37.0,46.0,258.0,1,0.1434108527131783
123421.0,19.0,1.0,4.1,20.0,37.0,245.99999999999997,1,0.0813008130081301
123422.0,17.0,2.0,4.4,19.0,29.0,264.0,1,0.07196969696969698
123423.0,36.0,2.0,3.8,9.0,11.0,228.0,1,0.039473684210526314
123426.0,26.0,2.0,4.5,14.0,9.0,270.0,1,0.05185185185185185
123427.0,20.0,1.0,4.0,70.0,31.0,240.0,2,0.2916666666666667
123429.0,80.0,2.0,4.3,27.0,45.0,258.0,1,0.10465116279069768
123430.0,13.0,2.0,4.4,12.0,12.0,264.0,1,0.045454545454545456
123431.0,24.0,2.0,4.6,14.0,11.0,276.0,1,0.050724637681159424
123432.0,71.0,1.0,4.5,19.0,23.0,270.0,1,0.07037037037037037
123433.0,31.0,2.0,4.4,15.0,11.0,264.0,1,0.056818181818181816
123434.0,53.0,2.0,4.2,16.0,22.0,252.0,1,0.06349206349206349
123435.0,35.0,2.0,4.1,33.0,34.0,245.99999999999997,1,0.13414634146341464
123436.0,48.0,2.0,4.2,26.0,129.0,252.0,2,0.10317460317460317
123438.0,22.0,2.0,4.4,15.0,11.0,264.0,1,0.056818181818181816
123439.0,61.0,2.0,3.6,17.0,37.0,216.0,1,0.0787037037037037
123440.0,39.0,2.0,3.7,16.0,26.0,222.0,1,0.07207207207207207
123441.0,60.0,1.0,4.0,24.0,31.0,240.0,1,0.1
123443.0,15.0,2.0,4.5,9.0,8.0,270.0,1,0.03333333333333333
123445.0,55.0,1.0,3.3,18.0,27.0,198.0,1,0.09090909090909091
123446.0,37.0,2.0,3.8,18.0,10.0,228.0,1,0.07894736842105263
123447.0,28.0,2.0,4.2,11.0,10.0,252.0,1,0.04365079365079365
123449.0,13.0,2.0,3.7,13.0,13.0,222.0,1,0.05855855855855856
123452.0,77.0,1.0,4.2,25.0,23.0,252.0,1,0.0992063492063492
123453.0,29.0,1.0,4.3,23.0,20.0,258.0,1,0.08914728682170543
123454.0,53.0,1.0,4.5,53.0,67.0,270.0,3,0.1962962962962963
123458.0,19.0,1.0,4.6,17.0,10.0,276.0,1,0.06159420289855073
123460.0,41.0,2.0,4.0,14.0,19.0,240.0,1,0.058333333333333334
123461.0,80.0,1.0,4.7,36.0,17.0,282.0,1,0.1276595744680851
123463.0,27.0,2.0,3.0,15.0,32.0,180.0,1,0.08333333333333333
123465.0,18.0,2.0,4.5,7.0,10.0,270.0,1,0.025925925925925925
123466.0,48.0,1.0,3.9,11.0,16.0,234.0,1,0.04700854700854701
123467.0,66.0,1.0,4.1,50.0,36.0,245.99999999999997,2,0.20325203252032523
123472.0,39.0,1.0,4.0,15.0,14.0,240.0,1,0.0625
123474.0,40.0,1.0,4.0,21.0,26.0,240.0,1,0.0875
123475.0,26.0,2.0,3.5,13.0,24.0,210.0,1,0.06190476190476191
123476.0,20.0,1.0,4.7,8.0,14.0,282.0,1,0.028368794326241134
123478.0,38.0,2.0,3.7,20.0,11.0,222.0,1,0.09009009009009009
123479.0,46.0,1.0,4.6,48.0,52.0,276.0,3,0.17391304347826086
123480.0,15.0,2.0,4.0,13.0,26.0,240.0,1,0.05416666666666667
123481.0,17.0,1.0,4.3,13.0,10.0,258.0,1,0.050387596899224806
123484.0,60.0,2.0,4.1,9.0,9.0,245.99999999999997,1,0.03658536585365854
123486.0,12.0,2.0,4.0,8.0,6.0,240.0,1,0.03333333333333333
123488.0,66.0,1.0,4.0,14.0,18.0,240.0,1,0.058333333333333334
123489.0,80.0,1.0,3.8,55.0,85.0,228.0,3,0.2412280701754386
123490.0,80.0,1.0,3.8,28.0,64.0,228.0,2,0.12280701754385964
123492.0,69.0,1.0,4.2,44.0,52.0,252.0,3,0.1746031746031746
123493.0,32.0,2.0,4.0,13.0,15.0,240.0,1,0.05416666666666667
123494.0,44.0,2.0,4.4,10.0,10.0,264.0,1,0.03787878787878788
123495.0,19.0,1.0,4.3,26.0,43.0,258.0,1,0.10077519379844961
123496.0,73.0,2.0,4.1,24.0,66.0,245.99999999999997,2,0.09756097560975611
123498.0,27.0,1.0,4.6,7.0,22.0,276.0,1,0.025362318840579712
123500.0,12.0,1.0,4.2,10.0,12.0,252.0,1,0.03968253968253968
123503.0,25.0,2.0,3.9,18.0,11.0,234.0,1,0.07692307692307693
123504.0,54.0,1.0,4.3,47.0,30.0,258.0,2,0.1821705426356589
123505.0,23.0,2.0,4.3,14.0,18.0,258.0,1,0.05426356589147287
123506.0,70.0,2.0,4.1,12.0,24.0,245.99999999999997,1,0.04878048780487806
123507.0,28.0,2.0,4.2,8.0,16.0,252.0,1,0.031746031746031744
123508.0,59.0,1.0,3.9,24.0,34.0,234.0,1,0.10256410256410256
123509.0,48.0,2.0,4.3,15.0,15.0,258.0,1,0.05813953488372093
123511.0,35.0,2.0,3.9,14.0,22.0,234.0,1,0.05982905982905983
123512.0,34.0,2.0,3.1,14.0,31.0,186.0,1,0.07526881720430108
123513.0,28.0,2.0,3.7,35.0,48.0,222.0,1,0.15765765765765766
123514.0,41.0,2.0,4.0,9.0,18.0,240.0,1,0.0375
123515.0,72.0,1.0,5.4,17.0,20.0,324.0,1,0.05246913580246913
123516.0,80.0,2.0,4.3,12.0,20.0,258.0,1,0.046511627906976744
123517.0,37.0,1.0,4.0,65.0,67.0,240.0,3,0.2708333333333333
123518.0,61.0,1.0,4.2,61.0,69.0,252.0,3,0.24206349206349206
123519.0,44.0,2.0,4.0,30.0,30.0,240.0,1,0.125
123520.0,14.0,1.0,4.8,10.0,12.0,288.0,1,0.034722222222222224
123521.0,50.0,2.0,3.4,15.0,22.0,204.0,1,0.07352941176470588
123523.0,50.0,1.0,3.5,41.0,65.0,210.0,3,0.19523809523809524
123524.0,46.0,1.0,4.3,20.0,20.0,258.0,1,0.07751937984496124
123525.0,32.0,1.0,4.4,16.0,21.0,264.0,1,0.06060606060606061
123526.0,75.0,2.0,4.1,16.0,27.0,245.99999999999997,1,0.06504065040650407
123527.0,40.0,1.0,4.7,28.0,22.0,282.0,1,0.09929078014184398
123528.0,60.0,2.0,4.1,14.0,28.0,245.99999999999997,1,0.05691056910569106
123531.0,68.0,2.0,3.3,19.0,25.0,198.0,1,0.09595959595959595
123532.0,16.0,1.0,4.4,10.0,20.0,264.0,1,0.03787878787878788
123533.0,80.0,1.0,4.1,11.0,18.0,245.99999999999997,1,0.04471544715447155
123534.0,25.0,2.0,4.1,11.0,7.0,245.99999999999997,1,0.04471544715447155
123535.0,61.0,1.0,3.8,7.0,15.0,228.0,1,0.03070175438596491
123536.0,65.0,1.0,4.4,40.0,18.0,264.0,1,0.15151515151515152
123537.0,45.0,2.0,3.9,11.0,13.0,234.0,1,0.04700854700854701
123539.0,60.0,1.0,3.9,25.0,63.0,234.0,2,0.10683760683760683
123542.0,62.0,1.0,4.0,14.0,91.0,240.0,2,0.058333333333333334
123545.0,42.0,2.0,4.0,14.0,56.0,240.0,2,0.058333333333333334
123546.0,32.0,2.0,3.8,25.0,9.0,228.0,1,0.10964912280701754
123548.0,30.0,1.0,3.7,21.0,12.0,222.0,1,0.0945945945945946
123549.0,52.0,1.0,4.2,34.0,25.0,252.0,1,0.1349206349206349
123550.0,12.0,1.0,4.5,15.0,10.0,270.0,1,0.05555555555555555
123551.0,21.0,2.0,3.9,6.0,15.0,234.0,1,0.02564102564102564
123552.0,59.0,1.0,3.9,36.0,24.0,234.0,1,0.15384615384615385
123553.0,45.0,1.0,4.5,26.0,11.0,270.0,1,0.0962962962962963
123554.0,42.0,2.0,4.1,13.0,15.0,245.99999999999997,1,0.052845528455284556
123555.0,14.0,1.0,4.5,24.0,15.0,270.0,1,0.08888888888888889
123559.0,12.0,2.0,3.4,7.0,11.0,204.0,1,0.03431372549019608
123560.0,64.0,1.0,3.7,9.0,17.0,222.0,1,0.04054054054054054
123561.0,12.0,2.0,4.0,16.0,9.0,240.0,1,0.06666666666666667
123562.0,43.0,2.0,3.8,13.0,44.0,228.0,1,0.05701754385964912
123564.0,33.0,2.0,4.4,25.0,12.0,264.0,1,0.0946969696969697
123566.0,37.0,2.0,4.3,15.0,23.0,258.0,1,0.05813953488372093
123568.0,68.0,2.0,4.6,30.0,80.0,276.0,2,0.10869565217391304
123569.0,72.0,1.0,4.1,33.0,22.0,245.99999999999997,1,0.13414634146341464
123570.0,74.0,2.0,3.9,24.0,15.0,234.0,1,0.10256410256410256
123571.0,54.0,1.0,4.3,26.0,16.0,258.0,1,0.10077519379844961
123573.0,16.0,2.0,4.4,8.0,13.0,264.0,1,0.030303030303030304
123574.0,70.0,1.0,4.1,20.0,13.0,245.99999999999997,1,0.0813008130081301
123576.0,36.0,1.0,4.6,42.0,82.0,276.0,3,0.15217391304347827
123577.0,55.0,1.0,3.8,40.0,30.0,228.0,1,0.17543859649122806
123578.0,68.0,1.0,3.9,11.0,46.0,234.0,1,0.04700854700854701
123580.0,21.0,2.0,4.6,12.0,7.0,276.0,1,0.043478260869565216
123582.0,65.0,2.0,4.1,11.0,24.0,245.99999999999997,1,0.04471544715447155
123583.0,67.0,1.0,4.0,13.0,21.0,240.0,1,0.05416666666666667
123584.0,67.0,1.0,4.0,17.0,28.0,240.0,1,0.07083333333333333
123585.0,14.0,1.0,4.7,12.0,14.0,282.0,1,0.0425531914893617
123587.0,43.0,2.0,3.9,17.0,13.0,234.0,1,0.07264957264957266
123589.0,13.0,1.0,4.7,18.0,11.0,282.0,1,0.06382978723404255
123593.0,77.0,2.0,4.3,10.0,20.0,258.0,1,0.03875968992248062
123597.0,80.0,2.0,3.6,11.0,16.0,216.0,1,0.05092592592592592
123599.0,17.0,1.0,4.7,14.0,15.0,282.0,1,0.04964539007092199
123600.0,63.0,1.0,4.0,15.0,27.0,240.0,1,0.0625
123602.0,34.0,2.0,4.1,10.0,29.0,245.99999999999997,1,0.04065040650406505
123604.0,42.0,2.0,4.1,17.0,24.0,245.99999999999997,1,0.06910569105691057
123606.0,31.0,2.0,3.3,6.0,9.0,198.0,1,0.030303030303030304
123607.0,55.0,2.0,4.1,14.0,11.0,245.99999999999997,1,0.05691056910569106
123608.0,19.0,2.0,4.4,17.0,14.0,264.0,1,0.06439393939393939
123609.0,60.0,2.0,3.8,11.0,11.0,228.0,1,0.04824561403508772
123610.0,39.0,2.0,3.9,8.0,12.0,234.0,1,0.03418803418803419
123614.0,27.0,1.0,4.2,14.0,13.0,252.0,1,0.05555555555555555
123616.0,15.0,1.0,4.3,15.0,30.0,258.0,1,0.05813953488372093
123617.0,29.0,1.0,4.4,21.0,19.0,264.0,1,0.07954545454545454
123618.0,12.0,1.0,4.2,35.0,21.0,252.0,1,0.1388888888888889
123619.0,61.0,1.0,3.8,8.0,16.0,228.0,1,0.03508771929824561
123622.0,24.0,1.0,4.0,55.0,31.0,240.0,2,0.22916666666666666
123624.0,72.0,1.0,4.4,18.0,29.0,264.0,1,0.06818181818181818
123626.0,80.0,2.0,3.8,8.0,10.0,228.0,1,0.03508771929824561
123627.0,43.0,1.0,3.5,6.0,18.0,210.0,1,0.02857142857142857
123628.0,40.0,2.0,3.9,11.0,19.0,234.0,1,0.04700854700854701
123629.0,15.0,2.0,3.0,10.0,11.0,180.0,1,0.05555555555555555
123632.0,21.0,2.0,4.3,17.0,11.0,258.0,1,0.06589147286821706
123633.0,15.0,1.0,4.6,11.0,13.0,276.0,1,0.03985507246376811
123635.0,25.0,1.0,4.4,39.0,93.0,264.0,2,0.14772727272727273
123636.0,32.0,2.0,3.7,14.0,17.0,222.0,1,0.06306306306306306
123638.0,54.0,1.0,4.7,40.0,23.0,282.0,1,0.14184397163120568
123639.0,65.0,1.0,4.0,19.0,24.0,240.0,1,0.07916666666666666
123641.0,43.0,1.0,4.6,28.0,21.0,276.0,1,0.10144927536231885
123643.0,24.0,2.0,3.9,31.0,35.0,234.0,1,0.13247863247863248
123644.0,60.0,2.0,3.2,58.0,33.0,192.0,2,0.3020833333333333
123646.0,62.0,2.0,4.1,21.0,23.0,245.99999999999997,1,0.08536585365853659
123647.0,48.0,2.0,3.3,6.0,10.0,198.0,1,0.030303030303030304
123648.0,54.0,1.0,4.1,35.0,27.0,245.99999999999997,1,0.14227642276422767
123649.0,80.0,2.0,3.5,14.0,17.0,210.0,1,0.06666666666666667
123650.0,14.0,1.0,4.2,13.0,21.0,252.0,1,0.051587301587301584
123651.0,43.0,1.0,4.3,18.0,21.0,258.0,1,0.06976744186046512
123653.0,17.0,1.0,4.7,10.0,11.0,282.0,1,0.03546099290780142
123654.0,53.0,2.0,3.5,19.0,20.0,210.0,1,0.09047619047619047
123656.0,54.0,1.0,3.8,37.0,48.0,228.0,1,0.16228070175438597
123657.0,19.0,2.0,4.2,36.0,19.0,252.0,1,0.14285714285714285
123659.0,13.0,1.0,4.3,9.0,10.0,258.0,1,0.03488372093023256
123660.0,53.0,2.0,4.2,24.0,20.0,252.0,1,0.09523809523809523
123661.0,14.0,1.0,4.1,8.0,18.0,245.99999999999997,1,0.032520325203252036
123662.0,65.0,2.0,4.1,17.0,37.0,245.99999999999997,1,0.06910569105691057
123664.0,28.0,1.0,4.5,80.0,71.0,270.0,3,0.2962962962962963
123666.0,80.0,1.0,3.7,30.0,15.0,222.0,1,0.13513513513513514
123667.0,17.0,2.0,4.3,16.0,12.0,258.0,1,0.06201550387596899
123668.0,59.0,1.0,4.5,20.0,34.0,270.0,1,0.07407407407407407
123669.0,60.0,2.0,4.1,29.0,45.0,245.99999999999997,1,0.11788617886178863
123672.0,47.0,1.0,4.4,24.0,28.0,264.0,1,0.09090909090909091
123673.0,71.0,2.0,3.4,17.0,32.0,204.0,1,0.08333333333333333
123674.0,59.0,1.0,4.5,18.0,18.0,270.0,1,0.06666666666666667
123675.0,18.0,1.0,4.7,14.0,9.0,282.0,1,0.04964539007092199
123676.0,12.0,2.0,3.8,11.0,20.0,228.0,1,0.04824561403508772
123677.0,51.0,1.0,4.3,27.0,74.0,258.0,2,0.10465116279069768
123678.0,42.0,2.0,4.4,6.0,14.0,264.0,1,0.022727272727272728
123680.0,30.0,2.0,4.5,13.0,10.0,270.0,1,0.04814814814814815
123681.0,18.0,2.0,4.4,13.0,10.0,264.0,1,0.04924242424242424
123686.0,21.0,2.0,4.0,10.0,27.0,240.0,1,0.041666666666666664
123687.0,33.0,1.0,4.7,21.0,12.0,282.0,1,0.07446808510638298
123688.0,24.0,2.0,3.8,37.0,20.0,228.0,1,0.16228070175438597
123689.0,58.0,2.0,4.1,24.0,26.0,245.99999999999997,1,0.09756097560975611
123692.0,33.0,2.0,4.6,18.0,35.0,276.0,1,0.06521739130434782
123693.0,38.0,2.0,3.8,8.0,17.0,228.0,1,0.03508771929824561
123694.0,24.0,2.0,4.2,16.0,10.0,252.0,1,0.06349206349206349
123695.0,21.0,2.0,4.0,14.0,17.0,240.0,1,0.058333333333333334
123697.0,12.0,1.0,3.9,20.0,28.0,234.0,1,0.08547008547008547
123698.0,64.0,1.0,3.8,18.0,24.0,228.0,1,0.07894736842105263
123700.0,17.0,1.0,4.6,8.0,9.0,276.0,1,0.028985507246376812
123703.0,34.0,1.0,3.9,79.0,41.0,234.0,2,0.33760683760683763
123704.0,44.0,2.0,4.2,12.0,14.0,252.0,1,0.047619047619047616
123705.0,60.0,2.0,4.0,12.0,39.0,240.0,1,0.05
123706.0,36.0,2.0,4.1,13.0,13.0,245.99999999999997,1,0.052845528455284556
123709.0,51.0,2.0,4.0,13.0,26.0,240.0,1,0.05416666666666667
123710.0,14.0,1.0,3.9,18.0,21.0,234.0,1,0.07692307692307693
123711.0,64.0,2.0,4.0,23.0,18.0,240.0,1,0.09583333333333334
123712.0,21.0,2.0,4.6,10.0,27.0,276.0,1,0.036231884057971016
123713.0,50.0,2.0,4.5,45.0,82.0,270.0,3,0.16666666666666666
123715.0,12.0,1.0,4.5,14.0,15.0,270.0,1,0.05185185185185185
123716.0,15.0,1.0,4.2,20.0,17.0,252.0,1,0.07936507936507936
123719.0,22.0,1.0,4.7,51.0,23.0,282.0,2,0.18085106382978725
123720.0,33.0,1.0,4.2,86.0,212.0,252.0,3,0.3412698412698413
123722.0,43.0,1.0,4.2,15.0,38.0,252.0,1,0.05952380952380952
123723.0,25.0,1.0,4.6,25.0,16.0,276.0,1,0.09057971014492754
123725.0,15.0,1.0,4.8,11.0,13.0,288.0,1,0.03819444444444445
123726.0,41.0,2.0,3.5,7.0,19.0,210.0,1,0.03333333333333333
123728.0,58.0,2.0,4.2,16.0,7.0,252.0,1,0.06349206349206349
123729.0,78.0,2.0,3.8,15.0,17.0,228.0,1,0.06578947368421052
123735.0,59.0,1.0,3.7,19.0,24.0,222.0,1,0.08558558558558559
123736.0,23.0,2.0,4.3,16.0,8.0,258.0,1,0.06201550387596899
123738.0,68.0,2.0,4.0,21.0,104.0,240.0,2,0.0875
123744.0,19.0,1.0,4.8,19.0,26.0,288.0,1,0.06597222222222222
123745.0,42.0,1.0,3.8,9.0,11.0,228.0,1,0.039473684210526314
123746.0,33.0,2.0,3.9,21.0,16.0,234.0,1,0.08974358974358974
123748.0,22.0,1.0,4.2,25.0,28.0,252.0,1,0.0992063492063492
123749.0,35.0,1.0,4.2,24.0,39.0,252.0,1,0.09523809523809523
123753.0,80.0,2.0,4.1,16.0,11.0,245.99999999999997,1,0.06504065040650407
123754.0,69.0,1.0,4.3,30.0,84.0,258.0,2,0.11627906976744186
123760.0,47.0,1.0,4.0,44.0,55.0,240.0,3,0.18333333333333332
123761.0,27.0,2.0,4.5,19.0,30.0,270.0,1,0.07037037037037037
123762.0,80.0,2.0,4.1,16.0,29.0,245.99999999999997,1,0.06504065040650407
123766.0,35.0,2.0,3.2,12.0,15.0,192.0,1,0.0625
123767.0,68.0,2.0,3.9,17.0,9.0,234.0,1,0.07264957264957266
123769.0,41.0,2.0,3.9,8.0,17.0,234.0,1,0.03418803418803419
123770.0,55.0,1.0,4.8,93.0,22.0,288.0,2,0.3229166666666667
123773.0,26.0,2.0,4.0,10.0,24.0,240.0,1,0.041666666666666664
123774.0,24.0,1.0,4.7,19.0,13.0,282.0,1,0.0673758865248227
123775.0,80.0,2.0,4.0,12.0,16.0,240.0,1,0.05
123781.0,25.0,2.0,4.2,9.0,13.0,252.0,1,0.03571428571428571
123782.0,80.0,2.0,3.7,11.0,10.0,222.0,1,0.04954954954954955
123783.0,21.0,1.0,4.5,11.0,31.0,270.0,1,0.040740740740740744
123784.0,80.0,2.0,4.4,16.0,12.0,264.0,1,0.06060606060606061
123785.0,71.0,1.0,4.2,43.0,34.0,252.0,2,0.17063492063492064
123787.0,56.0,1.0,4.4,11.0,16.0,264.0,1,0.041666666666666664
123788.0,63.0,2.0,4.3,37.0,506.0,258.0,2,0.1434108527131783
123791.0,60.0,2.0,4.1,14.0,16.0,245.99999999999997,1,0.05691056910569106
123795.0,71.0,2.0,4.1,21.0,14.0,245.99999999999997,1,0.08536585365853659
123796.0,28.0,2.0,3.9,9.0,19.0,234.0,1,0.038461538461538464
123798.0,73.0,2.0,3.9,8.0,11.0,234.0,1,0.03418803418803419
123799.0,78.0,2.0,4.1,18.0,24.0,245.99999999999997,1,0.07317073170731708
123800.0,45.0,2.0,3.5,141.0,52.0,210.0,3,0.6714285714285714
123801.0,58.0,1.0,4.1,38.0,93.0,245.99999999999997,2,0.15447154471544716
123803.0,45.0,2.0,4.0,20.0,12.0,240.0,1,0.08333333333333333
123804.0,64.0,2.0,3.9,43.0,45.0,234.0,2,0.18376068376068377
123811.0,62.0,1.0,4.2,26.0,24.0,252.0,1,0.10317460317460317
123812.0,37.0,1.0,5.0,24.0,21.0,300.0,1,0.08
123813.0,22.0,1.0,3.9,14.0,34.0,234.0,1,0.05982905982905983
123819.0,80.0,2.0,4.2,11.0,12.0,252.0,1,0.04365079365079365
123821.0,60.0,1.0,3.8,12.0,11.0,228.0,1,0.05263157894736842
123825.0,23.0,1.0,4.5,15.0,19.0,270.0,1,0.05555555555555555
123827.0,78.0,1.0,3.5,23.0,27.0,210.0,1,0.10952380952380952
123830.0,46.0,1.0,3.8,47.0,50.0,228.0,3,0.20614035087719298
123833.0,34.0,2.0,4.3,11.0,12.0,258.0,1,0.04263565891472868
123838.0,47.0,1.0,4.0,19.0,42.0,240.0,1,0.07916666666666666
123839.0,14.0,1.0,4.4,14.0,25.0,264.0,1,0.05303030303030303
123840.0,46.0,2.0,4.2,47.0,12.0,252.0,2,0.1865079365079365
123841.0,69.0,1.0,4.2,11.0,15.0,252.0,1,0.04365079365079365
123842.0,71.0,1.0,3.7,9.0,15.0,222.0,1,0.04054054054054054
123843.0,48.0,1.0,4.3,41.0,66.0,258.0,3,0.15891472868217055
123844.0,52.0,1.0,4.5,49.0,117.0,270.0,3,0.1814814814814815
123845.0,60.0,1.0,3.1,23.0,101.0,186.0,2,0.12365591397849462
123846.0,24.0,2.0,4.1,12.0,13.0,245.99999999999997,1,0.04878048780487806
123847.0,29.0,2.0,3.6,11.0,19.0,216.0,1,0.05092592592592592
123850.0,32.0,1.0,4.4,16.0,33.0,264.0,1,0.06060606060606061
123852.0,60.0,2.0,4.3,9.0,7.0,258.0,1,0.03488372093023256
123853.0,67.0,1.0,4.3,17.0,13.0,258.0,1,0.06589147286821706
123854.0,52.0,1.0,3.7,11.0,18.0,222.0,1,0.04954954954954955
123855.0,14.0,2.0,3.7,11.0,17.0,222.0,1,0.04954954954954955
123856.0,26.0,1.0,4.4,29.0,29.0,264.0,1,0.10984848484848485
123858.0,24.0,1.0,4.4,20.0,15.0,264.0,1,0.07575757575757576
123860.0,61.0,2.0,4.1,23.0,24.0,245.99999999999997,1,0.0934959349593496
123861.0,42.0,1.0,3.7,18.0,18.0,222.0,1,0.08108108108108109
123862.0,73.0,1.0,4.3,18.0,25.0,258.0,1,0.06976744186046512
123863.0,72.0,1.0,4.5,20.0,28.0,270.0,1,0.07407407407407407
123866.0,41.0,1.0,4.4,28.0,24.0,264.0,1,0.10606060606060606
123867.0,68.0,2.0,4.0,14.0,12.0,240.0,1,0.058333333333333334
123870.0,26.0,1.0,4.2,36.0,76.0,252.0,2,0.14285714285714285
123871.0,55.0,2.0,3.9,13.0,36.0,234.0,1,0.05555555555555555
123873.0,47.0,2.0,3.9,17.0,16.0,234.0,1,0.07264957264957266
123876.0,34.0,1.0,4.4,23.0,35.0,264.0,1,0.08712121212121213
123877.0,28.0,1.0,4.5,26.0,25.0,270.0,1,0.0962962962962963
123878.0,80.0,2.0,4.4,14.0,16.0,264.0,1,0.05303030303030303
123879.0,80.0,2.0,4.3,16.0,18.0,258.0,1,0.06201550387596899
123880.0,17.0,2.0,4.6,6.0,6.0,276.0,1,0.021739130434782608
123881.0,38.0,2.0,3.8,19.0,5.0,228.0,1,0.08333333333333333
123884.0,64.0,1.0,3.9,24.0,46.0,234.0,1,0.10256410256410256
123885.0,67.0,2.0,3.3,9.0,12.0,198.0,1,0.045454545454545456
123886.0,63.0,1.0,4.1,54.0,39.0,245.99999999999997,2,0.21951219512195125
123887.0,12.0,1.0,4.4,4.0,10.0,264.0,1,0.015151515151515152
123888.0,17.0,1.0,4.5,55.0,19.0,270.0,2,0.2037037037037037
123890.0,60.0,1.0,3.6,21.0,24.0,216.0,1,0.09722222222222222
123891.0,70.0,2.0,4.1,14.0,12.0,245.99999999999997,1,0.05691056910569106
123892.0,19.0,1.0,4.7,50.0,30.0,282.0,2,0.1773049645390071
123898.0,26.0,2.0,2.8,14.0,13.0,168.0,1,0.08333333333333333
123899.0,54.0,2.0,4.1,12.0,16.0,245.99999999999997,1,0.04878048780487806
123900.0,73.0,1.0,4.1,21.0,25.0,245.99999999999997,1,0.08536585365853659
123902.0,34.0,2.0,3.7,14.0,21.0,222.0,1,0.06306306306306306
123903.0,75.0,2.0,3.7,14.0,22.0,222.0,1,0.06306306306306306
123906.0,15.0,1.0,4.8,21.0,28.0,288.0,1,0.07291666666666667
123910.0,14.0,1.0,4.7,30.0,15.0,282.0,1,0.10638297872340426
123912.0,72.0,1.0,3.9,12.0,24.0,234.0,1,0.05128205128205128
123913.0,62.0,1.0,4.4,17.0,12.0,264.0,1,0.06439393939393939
123914.0,69.0,2.0,4.2,17.0,20.0,252.0,1,0.06746031746031746
123915.0,27.0,2.0,4.2,11.0,10.0,252.0,1,0.04365079365079365
123917.0,15.0,1.0,4.4,12.0,13.0,264.0,1,0.045454545454545456
123918.0,54.0,2.0,3.8,26.0,27.0,228.0,1,0.11403508771929824
123919.0,30.0,1.0,4.1,58.0,53.0,245.99999999999997,3,0.23577235772357727
123920.0,29.0,1.0,4.2,32.0,111.0,252.0,2,0.12698412698412698
123926.0,21.0,1.0,4.1,30.0,11.0,245.99999999999997,1,0.12195121951219513
123927.0,32.0,1.0,4.5,21.0,17.0,270.0,1,0.07777777777777778
123928.0,50.0,1.0,3.6,40.0,27.0,216.0,1,0.18518518518518517
123930.0,80.0,1.0,4.1,13.0,26.0,245.99999999999997,1,0.052845528455284556
123931.0,63.0,1.0,3.7,24.0,186.0,222.0,2,0.10810810810810811
123932.0,32.0,2.0,3.8,10.0,13.0,228.0,1,0.043859649122807015
123933.0,61.0,2.0,4.6,11.0,16.0,276.0,1,0.03985507246376811
123934.0,67.0,1.0,4.2,35.0,26.0,252.0,1,0.1388888888888889
123935.0,50.0,2.0,3.7,14.0,51.0,222.0,2,0.06306306306306306
123936.0,51.0,1.0,3.9,17.0,20.0,234.0,1,0.07264957264957266
123937.0,50.0,2.0,4.4,10.0,9.0,264.0,1,0.03787878787878788
123938.0,12.0,2.0,4.0,10.0,14.0,240.0,1,0.041666666666666664
123940.0,41.0,1.0,4.5,71.0,70.0,270.0,3,0.26296296296296295
123941.0,80.0,1.0,4.1,17.0,53.0,245.99999999999997,2,0.06910569105691057
123943.0,78.0,1.0,3.5,15.0,21.0,210.0,1,0.07142857142857142
123945.0,50.0,1.0,4.3,18.0,11.0,258.0,1,0.06976744186046512
123948.0,50.0,1.0,3.9,38.0,178.0,234.0,2,0.1623931623931624
123949.0,66.0,1.0,4.1,16.0,27.0,245.99999999999997,1,0.06504065040650407
123950.0,54.0,2.0,3.8,18.0,17.0,228.0,1,0.07894736842105263
123951.0,62.0,2.0,4.0,21.0,53.0,240.0,2,0.0875
123953.0,41.0,1.0,4.2,36.0,71.0,252.0,2,0.14285714285714285
123959.0,27.0,2.0,4.0,17.0,37.0,240.0,1,0.07083333333333333
123960.0,64.0,2.0,3.7,17.0,24.0,222.0,1,0.07657657657657657
123962.0,24.0,2.0,4.2,16.0,70.0,252.0,2,0.06349206349206349
123963.0,80.0,2.0,3.6,15.0,18.0,216.0,1,0.06944444444444445
123964.0,18.0,1.0,4.4,27.0,55.0,264.0,2,0.10227272727272728
123965.0,52.0,1.0,3.7,14.0,41.0,222.0,1,0.06306306306306306
123966.0,64.0,2.0,4.1,29.0,32.0,245.99999999999997,1,0.11788617886178863
123968.0,25.0,2.0,4.0,14.0,10.0,240.0,1,0.058333333333333334
123969.0,27.0,2.0,4.2,23.0,19.0,252.0,1,0.09126984126984126
123970.0,48.0,1.0,4.0,22.0,25.0,240.0,1,0.09166666666666666
123971.0,80.0,1.0,4.1,25.0,25.0,245.99999999999997,1,0.10162601626016261
123972.0,60.0,1.0,4.0,17.0,27.0,240.0,1,0.07083333333333333
123975.0,57.0,1.0,4.1,44.0,54.0,245.99999999999997,3,0.1788617886178862
123982.0,68.0,1.0,4.0,15.0,12.0,240.0,1,0.0625
123983.0,65.0,1.0,4.0,9.0,15.0,240.0,1,0.0375
123984.0,65.0,1.0,4.3,26.0,41.0,258.0,1,0.10077519379844961
123986.0,29.0,2.0,4.0,8.0,12.0,240.0,1,0.03333333333333333
123987.0,13.0,1.0,4.6,14.0,9.0,276.0,1,0.050724637681159424
123988.0,46.0,2.0,4.2,26.0,22.0,252.0,1,0.10317460317460317
123989.0,20.0,2.0,4.3,12.0,14.0,258.0,1,0.046511627906976744
123992.0,62.0,1.0,4.1,18.0,92.0,245.99999999999997,2,0.07317073170731708
123993.0,74.0,1.0,3.8,15.0,23.0,228.0,1,0.06578947368421052
123994.0,64.0,2.0,3.9,12.0,26.0,234.0,1,0.05128205128205128
123995.0,31.0,1.0,3.9,13.0,11.0,234.0,1,0.05555555555555555
123998.0,32.0,2.0,4.0,15.0,21.0,240.0,1,0.0625
124000.0,59.0,1.0,4.3,25.0,26.0,258.0,1,0.09689922480620156
124002.0,80.0,2.0,3.7,7.0,14.0,222.0,1,0.03153153153153153
124003.0,16.0,1.0,4.2,18.0,11.0,252.0,1,0.07142857142857142
124004.0,40.0,1.0,3.1,10.0,40.0,186.0,1,0.053763440860215055
124005.0,13.0,2.0,4.3,9.0,8.0,258.0,1,0.03488372093023256
124007.0,61.0,1.0,4.1,27.0,27.0,245.99999999999997,1,0.10975609756097562
124008.0,39.0,2.0,3.7,12.0,25.0,222.0,1,0.05405405405405406
124009.0,37.0,1.0,3.9,27.0,34.0,234.0,1,0.11538461538461539
124010.0,33.0,1.0,4.5,48.0,18.0,270.0,2,0.17777777777777778
124011.0,59.0,1.0,4.3,18.0,19.0,258.0,1,0.06976744186046512
124012.0,36.0,2.0,4.5,9.0,11.0,270.0,1,0.03333333333333333
124013.0,19.0,2.0,4.2,17.0,15.0,252.0,1,0.06746031746031746
124014.0,53.0,2.0,4.4,15.0,8.0,264.0,1,0.056818181818181816
124015.0,54.0,1.0,4.3,18.0,14.0,258.0,1,0.06976744186046512
124019.0,34.0,1.0,4.3,20.0,11.0,258.0,1,0.07751937984496124
124020.0,18.0,1.0,4.8,64.0,11.0,288.0,2,0.2222222222222222
124024.0,45.0,2.0,4.2,7.0,20.0,252.0,1,0.027777777777777776
124025.0,59.0,2.0,3.9,17.0,30.0,234.0,1,0.07264957264957266
124026.0,24.0,2.0,3.9,16.0,28.0,234.0,1,0.06837606837606838
124027.0,12.0,2.0,4.1,14.0,12.0,245.99999999999997,1,0.05691056910569106
124028.0,62.0,1.0,3.9,15.0,18.0,234.0,1,0.0641025641025641
124030.0,35.0,1.0,3.9,16.0,43.0,234.0,1,0.06837606837606838
124034.0,47.0,1.0,4.3,27.0,25.0,258.0,1,0.10465116279069768
124037.0,41.0,1.0,3.8,21.0,32.0,228.0,1,0.09210526315789473
124039.0,40.0,1.0,4.3,56.0,43.0,258.0,2,0.21705426356589147
124040.0,78.0,1.0,4.1,11.0,58.0,245.99999999999997,2,0.04471544715447155
124041.0,37.0,2.0,4.2,10.0,10.0,252.0,1,0.03968253968253968
124043.0,64.0,2.0,4.0,23.0,269.0,240.0,2,0.09583333333333334
124044.0,44.0,2.0,4.0,14.0,18.0,240.0,1,0.058333333333333334
124045.0,72.0,1.0,4.1,22.0,31.0,245.99999999999997,1,0.0894308943089431
124047.0,47.0,2.0,4.1,12.0,14.0,245.99999999999997,1,0.04878048780487806
124048.0,48.0,2.0,3.7,14.0,25.0,222.0,1,0.06306306306306306
124051.0,23.0,2.0,4.0,16.0,25.0,240.0,1,0.06666666666666667
124052.0,37.0,2.0,4.2,11.0,8.0,252.0,1,0.04365079365079365
124053.0,45.0,1.0,4.1,49.0,38.0,245.99999999999997,2,0.19918699186991873
124054.0,28.0,1.0,4.4,28.0,17.0,264.0,1,0.10606060606060606
124056.0,45.0,1.0,4.2,48.0,31.0,252.0,2,0.19047619047619047
124057.0,39.0,2.0,3.6,24.0,14.0,216.0,1,0.1111111111111111
124059.0,18.0,1.0,4.7,19.0,16.0,282.0,1,0.0673758865248227
124060.0,33.0,2.0,3.7,10.0,11.0,222.0,1,0.04504504504504504
124061.0,55.0,2.0,4.4,13.0,15.0,264.0,1,0.04924242424242424
124062.0,59.0,2.0,4.0,14.0,33.0,240.0,1,0.058333333333333334
124063.0,49.0,1.0,3.6,14.0,18.0,216.0,1,0.06481481481481481
124066.0,36.0,1.0,4.3,24.0,28.0,258.0,1,0.09302325581395349
124068.0,39.0,2.0,4.3,17.0,14.0,258.0,1,0.06589147286821706
124069.0,23.0,2.0,3.8,87.0,66.0,228.0,3,0.3815789473684211
124071.0,50.0,2.0,4.1,20.0,22.0,245.99999999999997,1,0.0813008130081301
124072.0,75.0,1.0,4.0,20.0,24.0,240.0,1,0.08333333333333333
124073.0,30.0,1.0,4.1,53.0,43.0,245.99999999999997,2,0.21544715447154475
124074.0,18.0,2.0,4.6,11.0,10.0,276.0,1,0.03985507246376811
124077.0,14.0,1.0,4.5,21.0,19.0,270.0,1,0.07777777777777778
124078.0,57.0,1.0,3.7,37.0,68.0,222.0,2,0.16666666666666666
124080.0,35.0,2.0,4.0,10.0,13.0,240.0,1,0.041666666666666664
124081.0,18.0,1.0,4.7,23.0,24.0,282.0,1,0.08156028368794327
124084.0,12.0,1.0,4.5,26.0,12.0,270.0,1,0.0962962962962963
124085.0,60.0,1.0,4.1,18.0,24.0,245.99999999999997,1,0.07317073170731708
124086.0,23.0,1.0,4.2,27.0,27.0,252.0,1,0.10714285714285714
124087.0,41.0,1.0,4.2,31.0,23.0,252.0,1,0.12301587301587301
124088.0,29.0,1.0,4.9,30.0,47.0,294.0,1,0.10204081632653061
124089.0,30.0,2.0,4.5,17.0,26.0,270.0,1,0.06296296296296296
124090.0,65.0,2.0,3.6,15.0,20.0,216.0,1,0.06944444444444445
124091.0,61.0,1.0,4.2,12.0,23.0,252.0,1,0.047619047619047616
124092.0,38.0,2.0,4.2,17.0,24.0,252.0,1,0.06746031746031746
124094.0,40.0,2.0,4.2,15.0,7.0,252.0,1,0.05952380952380952
124096.0,53.0,1.0,3.3,41.0,54.0,198.0,3,0.20707070707070707
124097.0,20.0,1.0,4.0,28.0,24.0,240.0,1,0.11666666666666667
124098.0,13.0,2.0,3.8,12.0,16.0,228.0,1,0.05263157894736842
124100.0,61.0,2.0,3.9,34.0,17.0,234.0,1,0.1452991452991453
124101.0,58.0,2.0,3.7,87.0,60.0,222.0,3,0.3918918918918919
124102.0,65.0,1.0,3.6,10.0,19.0,216.0,1,0.046296296296296294
124104.0,55.0,1.0,4.1,21.0,122.0,245.99999999999997,2,0.08536585365853659
124105.0,17.0,1.0,4.9,9.0,14.0,294.0,1,0.030612244897959183
124106.0,40.0,2.0,4.0,10.0,12.0,240.0,1,0.041666666666666664
124107.0,28.0,2.0,3.6,20.0,20.0,216.0,1,0.09259259259259259
124108.0,56.0,1.0,4.3,21.0,29.0,258.0,1,0.08139534883720931
124109.0,52.0,1.0,4.4,14.0,35.0,264.0,1,0.05303030303030303
124110.0,24.0,2.0,4.2,7.0,6.0,252.0,1,0.027777777777777776
124111.0,26.0,1.0,4.7,10.0,24.0,282.0,1,0.03546099290780142
124113.0,44.0,2.0,4.6,13.0,13.0,276.0,1,0.04710144927536232
124115.0,60.0,1.0,4.3,17.0,21.0,258.0,1,0.06589147286821706
124118.0,29.0,2.0,4.2,5.0,10.0,252.0,1,0.01984126984126984
124119.0,71.0,1.0,3.6,11.0,26.0,216.0,1,0.05092592592592592
124121.0,39.0,2.0,4.0,14.0,10.0,240.0,1,0.058333333333333334
124122.0,57.0,2.0,3.8,23.0,25.0,228.0,1,0.10087719298245613
124124.0,50.0,1.0,4.4,38.0,53.0,264.0,2,0.14393939393939395
124125.0,19.0,1.0,4.5,18.0,11.0,270.0,1,0.06666666666666667
124126.0,36.0,2.0,3.9,14.0,32.0,234.0,1,0.05982905982905983
124127.0,40.0,2.0,4.3,13.0,10.0,258.0,1,0.050387596899224806
124128.0,42.0,1.0,4.0,18.0,76.0,240.0,2,0.075
124129.0,28.0,2.0,4.0,14.0,16.0,240.0,1,0.058333333333333334
124130.0,80.0,1.0,4.1,11.0,27.0,245.99999999999997,1,0.04471544715447155
124131.0,16.0,2.0,4.0,9.0,18.0,240.0,1,0.0375
124132.0,80.0,2.0,3.8,9.0,15.0,228.0,1,0.039473684210526314
124134.0,15.0,2.0,4.0,14.0,12.0,240.0,1,0.058333333333333334
124135.0,31.0,1.0,4.6,22.0,21.0,276.0,1,0.07971014492753623
124136.0,18.0,1.0,4.6,36.0,33.0,276.0,1,0.13043478260869565
124137.0,12.0,2.0,4.5,12.0,17.0,270.0,1,0.044444444444444446
124138.0,36.0,1.0,4.0,36.0,23.0,240.0,1,0.15
124139.0,16.0,2.0,3.6,15.0,13.0,216.0,1,0.06944444444444445
124140.0,17.0,2.0,3.8,8.0,7.0,228.0,1,0.03508771929824561
124141.0,17.0,1.0,4.4,7.0,10.0,264.0,1,0.026515151515151516
124142.0,53.0,2.0,4.3,15.0,31.0,258.0,1,0.05813953488372093
124144.0,52.0,2.0,3.9,19.0,31.0,234.0,1,0.0811965811965812
124148.0,60.0,2.0,4.1,53.0,38.0,245.99999999999997,2,0.21544715447154475
124149.0,21.0,1.0,4.3,16.0,24.0,258.0,1,0.06201550387596899
124153.0,23.0,2.0,4.2,9.0,19.0,252.0,1,0.03571428571428571
124154.0,16.0,1.0,4.8,20.0,16.0,288.0,1,0.06944444444444445
124156.0,60.0,1.0,3.6,28.0,56.0,216.0,2,0.12962962962962962
124157.0,44.0,1.0,4.0,22.0,42.0,240.0,1,0.09166666666666666
124158.0,54.0,1.0,3.8,36.0,21.0,228.0,1,0.15789473684210525
124159.0,62.0,2.0,3.9,12.0,7.0,234.0,1,0.05128205128205128
124160.0,76.0,2.0,4.1,9.0,8.0,245.99999999999997,1,0.03658536585365854
124161.0,65.0,2.0,3.6,16.0,26.0,216.0,1,0.07407407407407407
124163.0,50.0,2.0,4.0,14.0,35.0,240.0,1,0.058333333333333334
124165.0,76.0,1.0,3.8,18.0,35.0,228.0,1,0.07894736842105263
124167.0,80.0,2.0,4.1,10.0,16.0,245.99999999999997,1,0.04065040650406505
124168.0,21.0,2.0,3.6,12.0,13.0,216.0,1,0.05555555555555555
124169.0,80.0,1.0,4.0,19.0,8.0,240.0,1,0.07916666666666666
124170.0,69.0,2.0,3.8,25.0,28.0,228.0,1,0.10964912280701754
124172.0,29.0,2.0,4.4,8.0,11.0,264.0,1,0.030303030303030304
124174.0,30.0,2.0,4.7,46.0,15.0,282.0,2,0.16312056737588654
124175.0,66.0,1.0,3.8,24.0,25.0,228.0,1,0.10526315789473684
124177.0,35.0,2.0,4.0,14.0,9.0,240.0,1,0.058333333333333334
124178.0,54.0,1.0,4.0,6.0,22.0,240.0,1,0.025
124179.0,60.0,2.0,4.3,22.0,26.0,258.0,1,0.08527131782945736
124180.0,19.0,1.0,4.6,17.0,18.0,276.0,1,0.06159420289855073
124181.0,21.0,1.0,3.8,36.0,23.0,228.0,1,0.15789473684210525
124182.0,42.0,1.0,3.8,15.0,20.0,228.0,1,0.06578947368421052
124183.0,33.0,2.0,4.3,31.0,12.0,258.0,1,0.12015503875968993
124186.0,80.0,1.0,3.9,16.0,12.0,234.0,1,0.06837606837606838
124189.0,44.0,1.0,4.1,28.0,20.0,245.99999999999997,1,0.11382113821138212
124191.0,57.0,1.0,4.2,23.0,26.0,252.0,1,0.09126984126984126
124192.0,13.0,2.0,4.4,17.0,12.0,264.0,1,0.06439393939393939
124194.0,38.0,1.0,4.3,22.0,69.0,258.0,2,0.08527131782945736
124195.0,31.0,2.0,2.6,27.0,24.0,156.0,1,0.17307692307692307
124196.0,75.0,2.0,4.1,43.0,82.0,245.99999999999997,3,0.17479674796747968
124197.0,69.0,1.0,4.3,7.0,23.0,258.0,1,0.027131782945736434
124198.0,56.0,2.0,3.9,23.0,38.0,234.0,1,0.09829059829059829
124199.0,80.0,1.0,4.5,12.0,22.0,270.0,1,0.044444444444444446
124203.0,73.0,2.0,3.8,11.0,14.0,228.0,1,0.04824561403508772
124205.0,60.0,2.0,3.9,5.0,21.0,234.0,1,0.021367521367521368
124207.0,66.0,2.0,3.5,10.0,46.0,210.0,1,0.047619047619047616
124208.0,79.0,2.0,4.1,11.0,13.0,245.99999999999997,1,0.04471544715447155
124210.0,18.0,1.0,4.0,22.0,11.0,240.0,1,0.09166666666666666
124211.0,29.0,1.0,4.8,14.0,7.0,288.0,1,0.04861111111111111
124212.0,39.0,1.0,3.9,25.0,33.0,234.0,1,0.10683760683760683
124214.0,12.0,1.0,4.6,15.0,11.0,276.0,1,0.05434782608695652
124215.0,52.0,1.0,4.2,23.0,33.0,252.0,1,0.09126984126984126
124218.0,54.0,2.0,3.6,13.0,20.0,216.0,1,0.06018518518518518
124219.0,71.0,1.0,4.1,16.0,17.0,245.99999999999997,1,0.06504065040650407
124220.0,14.0,1.0,4.2,61.0,13.0,252.0,2,0.24206349206349206
124221.0,62.0,1.0,4.1,24.0,47.0,245.99999999999997,1,0.09756097560975611
124223.0,66.0,1.0,3.8,17.0,15.0,228.0,1,0.07456140350877193
124224.0,50.0,1.0,3.7,58.0,137.0,222.0,3,0.26126126126126126
124225.0,32.0,1.0,4.5,17.0,13.0,270.0,1,0.06296296296296296
124226.0,55.0,1.0,4.3,26.0,16.0,258.0,1,0.10077519379844961
124228.0,68.0,2.0,3.4,17.0,32.0,204.0,1,0.08333333333333333
124231.0,23.0,2.0,4.1,13.0,28.0,245.99999999999997,1,0.052845528455284556
124233.0,14.0,1.0,4.2,20.0,12.0,252.0,1,0.07936507936507936
124235.0,45.0,1.0,4.0,34.0,28.0,240.0,1,0.14166666666666666
124236.0,58.0,2.0,4.0,20.0,55.0,240.0,2,0.08333333333333333
124237.0,43.0,1.0,4.3,24.0,24.0,258.0,1,0.09302325581395349
124238.0,50.0,1.0,5.1,101.0,39.0,306.0,2,0.3300653594771242
124239.0,19.0,2.0,4.4,14.0,11.0,264.0,1,0.05303030303030303
124240.0,75.0,1.0,4.5,22.0,26.0,270.0,1,0.08148148148148149
124245.0,79.0,2.0,3.9,7.0,8.0,234.0,1,0.029914529914529916
124246.0,61.0,2.0,4.0,21.0,35.0,240.0,1,0.0875
124248.0,49.0,2.0,4.3,12.0,9.0,258.0,1,0.046511627906976744
124249.0,32.0,2.0,3.8,13.0,8.0,228.0,1,0.05701754385964912
124254.0,28.0,2.0,4.3,10.0,16.0,258.0,1,0.03875968992248062
124256.0,60.0,2.0,3.7,20.0,28.0,222.0,1,0.09009009009009009
124257.0,59.0,2.0,4.1,25.0,44.0,245.99999999999997,1,0.10162601626016261
124262.0,56.0,2.0,4.1,12.0,129.0,245.99999999999997,2,0.04878048780487806
124265.0,35.0,2.0,4.1,28.0,23.0,245.99999999999997,1,0.11382113821138212
124266.0,54.0,1.0,3.6,17.0,27.0,216.0,1,0.0787037037037037
124267.0,24.0,2.0,4.1,13.0,44.0,245.99999999999997,1,0.052845528455284556
124270.0,80.0,2.0,3.5,11.0,25.0,210.0,1,0.05238095238095238
124271.0,63.0,2.0,4.0,13.0,15.0,240.0,1,0.05416666666666667
124272.0,43.0,2.0,3.9,17.0,38.0,234.0,1,0.07264957264957266
124273.0,25.0,2.0,4.4,25.0,18.0,264.0,1,0.0946969696969697
124274.0,36.0,2.0,2.6,22.0,24.0,156.0,1,0.14102564102564102
124276.0,18.0,2.0,3.7,53.0,20.0,222.0,2,0.23873873873873874
124279.0,49.0,2.0,4.2,41.0,11.0,252.0,2,0.1626984126984127
124281.0,30.0,1.0,4.2,16.0,6.0,252.0,1,0.06349206349206349
124282.0,80.0,2.0,3.8,23.0,22.0,228.0,1,0.10087719298245613
124283.0,51.0,1.0,3.8,10.0,11.0,228.0,1,0.043859649122807015
124284.0,55.0,2.0,4.0,19.0,50.0,240.0,2,0.07916666666666666
124287.0,56.0,1.0,4.3,25.0,27.0,258.0,1,0.09689922480620156
124289.0,80.0,1.0,3.9,23.0,11.0,234.0,1,0.09829059829059829
124290.0,59.0,1.0,4.0,22.0,24.0,240.0,1,0.09166666666666666
124291.0,14.0,1.0,4.0,14.0,10.0,240.0,1,0.058333333333333334
124294.0,64.0,1.0,4.4,17.0,27.0,264.0,1,0.06439393939393939
124295.0,33.0,2.0,4.1,14.0,14.0,245.99999999999997,1,0.05691056910569106
124296.0,46.0,1.0,3.7,28.0,29.0,222.0,1,0.12612612612612611
124297.0,23.0,2.0,4.0,11.0,21.0,240.0,1,0.04583333333333333
124298.0,36.0,1.0,4.6,22.0,41.0,276.0,1,0.07971014492753623
124299.0,17.0,2.0,4.1,10.0,16.0,245.99999999999997,1,0.04065040650406505
124301.0,15.0,2.0,4.0,11.0,6.0,240.0,1,0.04583333333333333
124303.0,68.0,2.0,3.7,19.0,88.0,222.0,2,0.08558558558558559
124305.0,16.0,2.0,4.2,10.0,9.0,252.0,1,0.03968253968253968
124307.0,14.0,2.0,4.5,7.0,11.0,270.0,1,0.025925925925925925
124308.0,33.0,1.0,4.6,47.0,30.0,276.0,2,0.17028985507246377
124312.0,47.0,1.0,4.2,21.0,13.0,252.0,1,0.08333333333333333
124313.0,18.0,1.0,4.2,8.0,10.0,252.0,1,0.031746031746031744
124314.0,18.0,1.0,4.3,11.0,20.0,258.0,1,0.04263565891472868
124317.0,80.0,1.0,4.2,10.0,11.0,252.0,1,0.03968253968253968
124318.0,16.0,2.0,4.2,22.0,15.0,252.0,1,0.0873015873015873
124320.0,36.0,1.0,4.7,23.0,25.0,282.0,1,0.08156028368794327
124321.0,13.0,1.0,4.6,12.0,14.0,276.0,1,0.043478260869565216
124322.0,46.0,1.0,3.8,12.0,23.0,228.0,1,0.05263157894736842
124323.0,54.0,2.0,4.2,19.0,40.0,252.0,1,0.07539682539682539
124324.0,42.0,1.0,4.4,13.0,11.0,264.0,1,0.04924242424242424
124328.0,42.0,1.0,3.4,25.0,23.0,204.0,1,0.12254901960784313
124330.0,57.0,2.0,4.0,11.0,45.0,240.0,1,0.04583333333333333
124331.0,62.0,1.0,4.2,22.0,20.0,252.0,1,0.0873015873015873
124332.0,70.0,1.0,4.3,25.0,49.0,258.0,2,0.09689922480620156
124334.0,48.0,1.0,4.6,33.0,15.0,276.0,1,0.11956521739130435
124335.0,64.0,2.0,4.2,13.0,9.0,252.0,1,0.051587301587301584
124336.0,32.0,1.0,3.9,56.0,114.0,234.0,3,0.23931623931623933
124337.0,16.0,1.0,4.0,14.0,32.0,240.0,1,0.058333333333333334
124338.0,32.0,2.0,3.9,14.0,9.0,234.0,1,0.05982905982905983
124340.0,74.0,2.0,3.7,6.0,8.0,222.0,1,0.02702702702702703
124342.0,56.0,2.0,3.6,26.0,41.0,216.0,1,0.12037037037037036
124343.0,13.0,2.0,4.4,10.0,14.0,264.0,1,0.03787878787878788
124344.0,53.0,2.0,3.8,19.0,22.0,228.0,1,0.08333333333333333
124345.0,26.0,2.0,3.8,12.0,24.0,228.0,1,0.05263157894736842
124346.0,60.0,2.0,4.2,10.0,12.0,252.0,1,0.03968253968253968
124347.0,26.0,1.0,4.6,23.0,15.0,276.0,1,0.08333333333333333
124348.0,71.0,2.0,4.2,18.0,22.0,252.0,1,0.07142857142857142
124349.0,21.0,2.0,3.1,13.0,12.0,186.0,1,0.06989247311827956
124351.0,80.0,1.0,4.3,11.0,16.0,258.0,1,0.04263565891472868
124352.0,55.0,2.0,2.6,26.0,288.0,156.0,2,0.16666666666666666
124355.0,29.0,1.0,4.6,54.0,42.0,276.0,2,0.1956521739130435
124356.0,58.0,1.0,4.1,43.0,30.0,245.99999999999997,2,0.17479674796747968
124360.0,59.0,2.0,3.8,8.0,16.0,228.0,1,0.03508771929824561
124363.0,36.0,2.0,4.4,19.0,14.0,264.0,1,0.07196969696969698
124365.0,36.0,1.0,3.7,75.0,54.0,222.0,3,0.33783783783783783
124368.0,19.0,1.0,4.4,16.0,12.0,264.0,1,0.06060606060606061
124370.0,54.0,1.0,4.0,19.0,19.0,240.0,1,0.07916666666666666
124372.0,80.0,1.0,4.3,10.0,24.0,258.0,1,0.03875968992248062
124373.0,27.0,2.0,3.5,14.0,36.0,210.0,1,0.06666666666666667
124374.0,60.0,1.0,4.2,100.0,91.0,252.0,3,0.3968253968253968
124375.0,49.0,1.0,4.5,19.0,26.0,270.0,1,0.07037037037037037
124376.0,18.0,2.0,4.3,10.0,11.0,258.0,1,0.03875968992248062
124377.0,49.0,2.0,3.9,37.0,129.0,234.0,2,0.1581196581196581
124379.0,20.0,1.0,4.5,16.0,10.0,270.0,1,0.05925925925925926
124380.0,23.0,2.0,4.3,8.0,9.0,258.0,1,0.031007751937984496
124381.0,46.0,2.0,3.7,20.0,12.0,222.0,1,0.09009009009009009
124382.0,34.0,1.0,4.6,13.0,15.0,276.0,1,0.04710144927536232
124383.0,33.0,1.0,4.0,48.0,22.0,240.0,2,0.2
124387.0,33.0,2.0,3.9,36.0,31.0,234.0,1,0.15384615384615385
124388.0,40.0,2.0,4.1,10.0,10.0,245.99999999999997,1,0.04065040650406505
124390.0,46.0,1.0,3.5,25.0,101.0,210.0,2,0.11904761904761904
124391.0,69.0,2.0,3.9,103.0,178.0,234.0,3,0.44017094017094016
124394.0,50.0,2.0,4.2,14.0,11.0,252.0,1,0.05555555555555555
124395.0,17.0,2.0,4.8,21.0,9.0,288.0,1,0.07291666666666667
124396.0,68.0,1.0,3.7,16.0,16.0,222.0,1,0.07207207207207207
124398.0,33.0,1.0,4.0,26.0,33.0,240.0,1,0.10833333333333334
124400.0,46.0,2.0,3.9,22.0,13.0,234.0,1,0.09401709401709402
124401.0,54.0,2.0,4.0,14.0,14.0,240.0,1,0.058333333333333334
124404.0,34.0,2.0,3.1,12.0,6.0,186.0,1,0.06451612903225806
124405.0,62.0,1.0,3.8,29.0,21.0,228.0,1,0.12719298245614036
124406.0,36.0,2.0,3.6,10.0,17.0,216.0,1,0.046296296296296294
124409.0,80.0,1.0,3.8,13.0,41.0,228.0,1,0.05701754385964912
124411.0,59.0,2.0,4.2,11.0,27.0,252.0,1,0.04365079365079365
124412.0,52.0,1.0,4.0,14.0,23.0,240.0,1,0.058333333333333334
124413.0,36.0,1.0,3.4,18.0,10.0,204.0,1,0.08823529411764706
124414.0,60.0,1.0,3.8,8.0,40.0,228.0,1,0.03508771929824561
124415.0,62.0,1.0,4.2,57.0,275.0,252.0,3,0.2261904761904762
124417.0,25.0,2.0,4.2,11.0,17.0,252.0,1,0.04365079365079365
124418.0,80.0,1.0,4.0,16.0,25.0,240.0,1,0.06666666666666667
124419.0,55.0,1.0,4.0,17.0,34.0,240.0,1,0.07083333333333333
124420.0,80.0,1.0,4.0,22.0,13.0,240.0,1,0.09166666666666666
124421.0,47.0,2.0,3.6,25.0,26.0,216.0,1,0.11574074074074074
124422.0,52.0,2.0,3.6,34.0,49.0,216.0,2,0.1574074074074074
124423.0,52.0,1.0,4.4,25.0,89.0,264.0,2,0.0946969696969697
124426.0,80.0,2.0,4.2,13.0,19.0,252.0,1,0.051587301587301584
124427.0,14.0,1.0,4.2,63.0,9.0,252.0,2,0.25
124428.0,26.0,1.0,4.6,18.0,25.0,276.0,1,0.06521739130434782
124429.0,62.0,2.0,4.5,27.0,25.0,270.0,1,0.1
124433.0,41.0,1.0,3.7,12.0,33.0,222.0,1,0.05405405405405406
124434.0,23.0,1.0,4.7,13.0,11.0,282.0,1,0.04609929078014184
124437.0,60.0,2.0,4.1,26.0,16.0,245.99999999999997,1,0.10569105691056911
124438.0,16.0,1.0,4.5,8.0,16.0,270.0,1,0.02962962962962963
124442.0,80.0,1.0,3.8,21.0,241.0,228.0,2,0.09210526315789473
124443.0,28.0,1.0,4.2,53.0,85.0,252.0,3,0.21031746031746032
124447.0,12.0,1.0,4.5,9.0,11.0,270.0,1,0.03333333333333333
124448.0,80.0,2.0,4.1,13.0,26.0,245.99999999999997,1,0.052845528455284556
124450.0,34.0,2.0,4.1,15.0,22.0,245.99999999999997,1,0.06097560975609757
124452.0,41.0,1.0,4.0,73.0,85.0,240.0,3,0.30416666666666664
124453.0,57.0,2.0,4.5,12.0,40.0,270.0,1,0.044444444444444446
124454.0,80.0,2.0,3.7,9.0,23.0,222.0,1,0.04054054054054054
124457.0,76.0,1.0,3.8,17.0,22.0,228.0,1,0.07456140350877193
124458.0,35.0,1.0,4.0,8.0,35.0,240.0,1,0.03333333333333333
124460.0,25.0,2.0,4.5,14.0,9.0,270.0,1,0.05185185185185185
124462.0,41.0,2.0,4.1,13.0,22.0,245.99999999999997,1,0.052845528455284556
124463.0,18.0,1.0,4.6,15.0,14.0,276.0,1,0.05434782608695652
124464.0,51.0,1.0,3.9,10.0,18.0,234.0,1,0.042735042735042736
124466.0,30.0,1.0,4.0,32.0,15.0,240.0,1,0.13333333333333333
124467.0,50.0,2.0,4.2,30.0,29.0,252.0,1,0.11904761904761904
124468.0,23.0,2.0,4.4,15.0,13.0,264.0,1,0.056818181818181816
124471.0,60.0,2.0,3.9,10.0,13.0,234.0,1,0.042735042735042736
124472.0,58.0,2.0,3.9,18.0,90.0,234.0,2,0.07692307692307693
124473.0,44.0,2.0,3.8,14.0,86.0,228.0,2,0.06140350877192982
124477.0,59.0,1.0,4.6,17.0,33.0,276.0,1,0.06159420289855073
124480.0,14.0,1.0,4.5,11.0,13.0,270.0,1,0.040740740740740744
124481.0,16.0,2.0,4.1,8.0,12.0,245.99999999999997,1,0.032520325203252036
124482.0,61.0,1.0,3.8,13.0,11.0,228.0,1,0.05701754385964912
124484.0,56.0,2.0,4.7,38.0,57.0,282.0,2,0.1347517730496454
124486.0,36.0,2.0,4.1,15.0,27.0,245.99999999999997,1,0.06097560975609757
124488.0,58.0,1.0,3.8,12.0,16.0,228.0,1,0.05263157894736842
124490.0,35.0,1.0,4.3,26.0,20.0,258.0,1,0.10077519379844961
124492.0,67.0,1.0,4.5,16.0,18.0,270.0,1,0.05925925925925926
124493.0,14.0,1.0,4.2,15.0,14.0,252.0,1,0.05952380952380952
124494.0,13.0,2.0,4.2,10.0,10.0,252.0,1,0.03968253968253968
124498.0,27.0,2.0,3.6,12.0,20.0,216.0,1,0.05555555555555555
124500.0,31.0,1.0,4.5,22.0,35.0,270.0,1,0.08148148148148149
124501.0,63.0,1.0,4.2,32.0,27.0,252.0,1,0.12698412698412698
124502.0,47.0,2.0,3.2,11.0,13.0,192.0,1,0.057291666666666664
124504.0,66.0,2.0,3.9,14.0,13.0,234.0,1,0.05982905982905983
124505.0,47.0,2.0,4.3,15.0,9.0,258.0,1,0.05813953488372093
124506.0,80.0,2.0,4.0,15.0,35.0,240.0,1,0.0625
124507.0,45.0,2.0,3.9,13.0,10.0,234.0,1,0.05555555555555555
124508.0,59.0,1.0,3.7,35.0,577.0,222.0,2,0.15765765765765766
124509.0,53.0,2.0,3.7,15.0,15.0,222.0,1,0.06756756756756757
124511.0,13.0,1.0,4.2,8.0,10.0,252.0,1,0.031746031746031744
124513.0,18.0,1.0,4.6,19.0,19.0,276.0,1,0.06884057971014493
124514.0,36.0,2.0,4.1,12.0,15.0,245.99999999999997,1,0.04878048780487806
124516.0,56.0,2.0,3.6,27.0,24.0,216.0,1,0.125
124517.0,39.0,2.0,3.5,21.0,47.0,210.0,1,0.1
124519.0,72.0,2.0,3.9,17.0,27.0,234.0,1,0.07264957264957266
124520.0,77.0,1.0,4.0,15.0,16.0,240.0,1,0.0625
124524.0,31.0,2.0,4.3,7.0,21.0,258.0,1,0.027131782945736434
124525.0,61.0,2.0,4.1,18.0,12.0,245.99999999999997,1,0.07317073170731708
124526.0,56.0,2.0,4.0,8.0,12.0,240.0,1,0.03333333333333333
124528.0,80.0,1.0,4.1,21.0,20.0,245.99999999999997,1,0.08536585365853659
124529.0,30.0,1.0,4.4,10.0,19.0,264.0,1,0.03787878787878788
124531.0,57.0,1.0,4.0,18.0,97.0,240.0,2,0.075
124533.0,25.0,2.0,4.0,8.0,12.0,240.0,1,0.03333333333333333
124535.0,47.0,2.0,3.8,24.0,29.0,228.0,1,0.10526315789473684
124537.0,12.0,2.0,4.5,10.0,7.0,270.0,1,0.037037037037037035
124539.0,69.0,1.0,4.2,22.0,35.0,252.0,1,0.0873015873015873
124544.0,79.0,2.0,3.9,9.0,18.0,234.0,1,0.038461538461538464
124547.0,75.0,1.0,4.1,28.0,27.0,245.99999999999997,1,0.11382113821138212
124551.0,14.0,2.0,4.4,9.0,7.0,264.0,1,0.03409090909090909
124553.0,76.0,1.0,3.2,25.0,34.0,192.0,1,0.13020833333333334
124554.0,22.0,1.0,4.7,16.0,10.0,282.0,1,0.05673758865248227
124556.0,54.0,1.0,3.8,22.0,27.0,228.0,1,0.09649122807017543
124557.0,60.0,1.0,3.6,19.0,10.0,216.0,1,0.08796296296296297
124558.0,21.0,2.0,3.5,7.0,9.0,210.0,1,0.03333333333333333
124559.0,74.0,1.0,4.2,21.0,14.0,252.0,1,0.08333333333333333
124561.0,29.0,2.0,3.9,14.0,17.0,234.0,1,0.05982905982905983
124563.0,55.0,1.0,4.6,20.0,20.0,276.0,1,0.07246376811594203
124565.0,22.0,1.0,4.3,13.0,21.0,258.0,1,0.050387596899224806
124566.0,80.0,1.0,4.1,24.0,49.0,245.99999999999997,2,0.09756097560975611
124567.0,42.0,1.0,4.2,22.0,30.0,252.0,1,0.0873015873015873
124568.0,58.0,2.0,4.1,20.0,46.0,245.99999999999997,1,0.0813008130081301
124569.0,24.0,2.0,4.2,12.0,9.0,252.0,1,0.047619047619047616
124572.0,27.0,1.0,3.8,29.0,40.0,228.0,1,0.12719298245614036
124574.0,37.0,2.0,4.2,20.0,48.0,252.0,1,0.07936507936507936
124577.0,46.0,2.0,4.1,10.0,32.0,245.99999999999997,1,0.04065040650406505
124578.0,66.0,1.0,4.2,11.0,17.0,252.0,1,0.04365079365079365
124579.0,21.0,2.0,4.4,12.0,7.0,264.0,1,0.045454545454545456
124580.0,80.0,2.0,3.7,10.0,32.0,222.0,1,0.04504504504504504
124581.0,38.0,1.0,4.0,21.0,52.0,240.0,2,0.0875
124582.0,26.0,1.0,4.2,20.0,22.0,252.0,1,0.07936507936507936
124586.0,17.0,1.0,4.4,6.0,15.0,264.0,1,0.022727272727272728
124587.0,30.0,2.0,4.1,9.0,11.0,245.99999999999997,1,0.03658536585365854
124588.0,65.0,2.0,3.9,14.0,18.0,234.0,1,0.05982905982905983
124589.0,52.0,2.0,4.3,13.0,9.0,258.0,1,0.050387596899224806
124590.0,46.0,2.0,3.9,15.0,38.0,234.0,1,0.0641025641025641
124592.0,68.0,1.0,3.1,78.0,123.0,186.0,3,0.41935483870967744
124593.0,62.0,1.0,4.1,23.0,30.0,245.99999999999997,1,0.0934959349593496
124594.0,18.0,2.0,3.9,14.0,17.0,234.0,1,0.05982905982905983
124596.0,52.0,1.0,4.3,24.0,24.0,258.0,1,0.09302325581395349
124597.0,37.0,2.0,3.9,11.0,14.0,234.0,1,0.04700854700854701
124598.0,65.0,2.0,3.7,25.0,23.0,222.0,1,0.11261261261261261
124599.0,17.0,2.0,4.1,10.0,9.0,245.99999999999997,1,0.04065040650406505
124601.0,55.0,2.0,4.0,13.0,10.0,240.0,1,0.05416666666666667
124604.0,59.0,2.0,4.0,13.0,9.0,240.0,1,0.05416666666666667
124605.0,74.0,2.0,4.2,22.0,14.0,252.0,1,0.0873015873015873
124606.0,18.0,1.0,4.0,14.0,22.0,240.0,1,0.058333333333333334
124608.0,44.0,1.0,4.3,31.0,36.0,258.0,1,0.12015503875968993
124609.0,73.0,2.0,3.7,24.0,28.0,222.0,1,0.10810810810810811
124610.0,19.0,1.0,4.2,11.0,18.0,252.0,1,0.04365079365079365
124612.0,47.0,1.0,4.2,76.0,80.0,252.0,3,0.30158730158730157
124615.0,35.0,1.0,4.3,22.0,52.0,258.0,2,0.08527131782945736
124616.0,28.0,1.0,4.5,48.0,37.0,270.0,2,0.17777777777777778
124617.0,19.0,2.0,4.6,11.0,8.0,276.0,1,0.03985507246376811
124618.0,69.0,1.0,3.9,17.0,30.0,234.0,1,0.07264957264957266
124619.0,32.0,1.0,4.1,6.0,12.0,245.99999999999997,1,0.02439024390243903
124621.0,46.0,2.0,4.4,13.0,14.0,264.0,1,0.04924242424242424
124624.0,59.0,2.0,4.4,16.0,12.0,264.0,1,0.06060606060606061
124626.0,18.0,2.0,4.0,7.0,10.0,240.0,1,0.029166666666666667
124627.0,19.0,2.0,4.2,18.0,19.0,252.0,1,0.07142857142857142
124631.0,28.0,2.0,3.6,16.0,24.0,216.0,1,0.07407407407407407
124632.0,26.0,1.0,3.9,11.0,16.0,234.0,1,0.04700854700854701
124633.0,80.0,2.0,3.6,12.0,20.0,216.0,1,0.05555555555555555
124636.0,18.0,1.0,4.3,13.0,19.0,258.0,1,0.050387596899224806
124637.0,27.0,1.0,4.7,29.0,43.0,282.0,1,0.10283687943262411
124638.0,49.0,1.0,3.0,12.0,45.0,180.0,1,0.06666666666666667
124639.0,14.0,2.0,4.0,10.0,10.0,240.0,1,0.041666666666666664
124642.0,55.0,1.0,4.0,34.0,16.0,240.0,1,0.14166666666666666
124643.0,54.0,2.0,4.2,19.0,27.0,252.0,1,0.07539682539682539
124647.0,48.0,1.0,3.8,12.0,28.0,228.0,1,0.05263157894736842
124653.0,51.0,2.0,3.8,35.0,40.0,228.0,1,0.15350877192982457
124654.0,18.0,1.0,4.6,14.0,19.0,276.0,1,0.050724637681159424
124656.0,71.0,2.0,4.0,10.0,35.0,240.0,1,0.041666666666666664
124657.0,57.0,2.0,4.3,11.0,5.0,258.0,1,0.04263565891472868
124660.0,52.0,2.0,4.0,17.0,28.0,240.0,1,0.07083333333333333
124662.0,63.0,2.0,4.0,17.0,25.0,240.0,1,0.07083333333333333
124663.0,23.0,2.0,4.6,12.0,9.0,276.0,1,0.043478260869565216
124665.0,65.0,1.0,4.0,23.0,37.0,240.0,1,0.09583333333333334
124667.0,41.0,2.0,4.5,9.0,8.0,270.0,1,0.03333333333333333
124668.0,76.0,2.0,3.9,10.0,11.0,234.0,1,0.042735042735042736
124670.0,80.0,2.0,4.9,22.0,11.0,294.0,1,0.07482993197278912
124671.0,67.0,2.0,4.1,21.0,19.0,245.99999999999997,1,0.08536585365853659
124674.0,15.0,1.0,5.0,26.0,12.0,300.0,1,0.08666666666666667
124676.0,45.0,2.0,3.4,8.0,23.0,204.0,1,0.0392156862745098
124681.0,16.0,2.0,4.4,10.0,9.0,264.0,1,0.03787878787878788
124682.0,15.0,2.0,4.3,10.0,9.0,258.0,1,0.03875968992248062
124683.0,62.0,1.0,4.0,11.0,64.0,240.0,2,0.04583333333333333
124684.0,51.0,2.0,4.4,15.0,19.0,264.0,1,0.056818181818181816
124685.0,50.0,2.0,3.7,21.0,13.0,222.0,1,0.0945945945945946
124686.0,29.0,1.0,4.2,39.0,17.0,252.0,1,0.15476190476190477
124688.0,37.0,1.0,4.2,53.0,93.0,252.0,3,0.21031746031746032
124689.0,63.0,1.0,4.3,19.0,32.0,258.0,1,0.07364341085271318
124690.0,28.0,2.0,4.3,58.0,164.0,258.0,3,0.2248062015503876
124691.0,25.0,2.0,3.9,13.0,19.0,234.0,1,0.05555555555555555
124692.0,15.0,1.0,4.4,11.0,14.0,264.0,1,0.041666666666666664
124694.0,15.0,2.0,4.7,15.0,17.0,282.0,1,0.05319148936170213
124697.0,80.0,1.0,3.9,12.0,57.0,234.0,2,0.05128205128205128
124698.0,51.0,2.0,4.2,33.0,99.0,252.0,2,0.13095238095238096
124701.0,33.0,1.0,4.6,33.0,44.0,276.0,1,0.11956521739130435
124702.0,31.0,2.0,4.0,16.0,28.0,240.0,1,0.06666666666666667
124704.0,65.0,2.0,3.8,19.0,58.0,228.0,2,0.08333333333333333
124705.0,80.0,1.0,4.1,6.0,8.0,245.99999999999997,1,0.02439024390243903
124706.0,18.0,1.0,4.5,29.0,29.0,270.0,1,0.10740740740740741
124708.0,17.0,1.0,4.4,12.0,12.0,264.0,1,0.045454545454545456
124710.0,22.0,2.0,3.9,7.0,9.0,234.0,1,0.029914529914529916
124711.0,80.0,1.0,3.8,10.0,12.0,228.0,1,0.043859649122807015
124712.0,31.0,2.0,4.1,23.0,20.0,245.99999999999997,1,0.0934959349593496
124714.0,80.0,2.0,4.1,38.0,107.0,245.99999999999997,2,0.15447154471544716
124715.0,23.0,2.0,3.5,29.0,9.0,210.0,1,0.1380952380952381
124716.0,52.0,1.0,3.8,21.0,20.0,228.0,1,0.09210526315789473
124717.0,51.0,2.0,3.9,11.0,34.0,234.0,1,0.04700854700854701
124718.0,59.0,2.0,3.3,14.0,25.0,198.0,1,0.0707070707070707
124720.0,45.0,1.0,4.0,33.0,41.0,240.0,1,0.1375
124721.0,80.0,2.0,4.1,13.0,15.0,245.99999999999997,1,0.052845528455284556
124722.0,46.0,1.0,4.2,29.0,44.0,252.0,1,0.11507936507936507
124723.0,27.0,1.0,4.4,16.0,19.0,264.0,1,0.06060606060606061
124724.0,65.0,1.0,3.7,16.0,15.0,222.0,1,0.07207207207207207
124725.0,13.0,1.0,4.1,14.0,15.0,245.99999999999997,1,0.05691056910569106
124726.0,63.0,1.0,3.1,14.0,14.0,186.0,1,0.07526881720430108
124727.0,13.0,2.0,4.1,16.0,13.0,245.99999999999997,1,0.06504065040650407
124728.0,63.0,1.0,4.1,14.0,15.0,245.99999999999997,1,0.05691056910569106
124730.0,74.0,1.0,4.2,14.0,20.0,252.0,1,0.05555555555555555
124732.0,39.0,1.0,4.0,25.0,56.0,240.0,2,0.10416666666666667
124733.0,16.0,2.0,4.7,10.0,10.0,282.0,1,0.03546099290780142
124735.0,63.0,1.0,3.7,14.0,17.0,222.0,1,0.06306306306306306
124737.0,66.0,1.0,3.8,10.0,19.0,228.0,1,0.043859649122807015
124739.0,43.0,2.0,3.7,25.0,34.0,222.0,1,0.11261261261261261
124740.0,18.0,1.0,4.5,27.0,25.0,270.0,1,0.1
124741.0,58.0,1.0,3.6,22.0,53.0,216.0,2,0.10185185185185185
124742.0,56.0,1.0,4.3,12.0,9.0,258.0,1,0.046511627906976744
124743.0,54.0,1.0,4.1,12.0,20.0,245.99999999999997,1,0.04878048780487806
124744.0,80.0,1.0,3.3,14.0,9.0,198.0,1,0.0707070707070707
124745.0,24.0,1.0,4.3,23.0,26.0,258.0,1,0.08914728682170543
124746.0,30.0,2.0,3.5,15.0,12.0,210.0,1,0.07142857142857142
124748.0,14.0,2.0,4.8,15.0,8.0,288.0,1,0.052083333333333336
124750.0,75.0,2.0,4.1,17.0,18.0,245.99999999999997,1,0.06910569105691057
124752.0,35.0,2.0,4.3,19.0,55.0,258.0,2,0.07364341085271318
124753.0,21.0,1.0,4.2,16.0,49.0,252.0,2,0.06349206349206349
124754.0,15.0,2.0,4.4,9.0,10.0,264.0,1,0.03409090909090909
124755.0,78.0,2.0,4.0,15.0,21.0,240.0,1,0.0625
124756.0,80.0,2.0,3.9,12.0,10.0,234.0,1,0.05128205128205128
124757.0,43.0,1.0,4.5,36.0,16.0,270.0,1,0.13333333333333333
124759.0,33.0,2.0,4.0,14.0,9.0,240.0,1,0.058333333333333334
124761.0,50.0,2.0,4.3,14.0,18.0,258.0,1,0.05426356589147287
124762.0,47.0,1.0,4.6,9.0,6.0,276.0,1,0.03260869565217391
124763.0,14.0,1.0,4.5,19.0,12.0,270.0,1,0.07037037037037037
124767.0,15.0,2.0,3.7,12.0,5.0,222.0,1,0.05405405405405406
124768.0,14.0,1.0,4.0,17.0,12.0,240.0,1,0.07083333333333333
124769.0,28.0,2.0,4.1,12.0,14.0,245.99999999999997,1,0.04878048780487806
124770.0,51.0,1.0,3.9,34.0,29.0,234.0,1,0.1452991452991453
124771.0,25.0,2.0,4.1,6.0,16.0,245.99999999999997,1,0.02439024390243903
124773.0,17.0,2.0,4.8,9.0,7.0,288.0,1,0.03125
124774.0,16.0,1.0,4.7,29.0,17.0,282.0,1,0.10283687943262411
124775.0,54.0,2.0,4.3,13.0,11.0,258.0,1,0.050387596899224806
124777.0,48.0,1.0,4.3,26.0,69.0,258.0,2,0.10077519379844961
124778.0,54.0,2.0,4.1,85.0,61.0,245.99999999999997,3,0.3455284552845529
124779.0,37.0,2.0,4.0,16.0,14.0,240.0,1,0.06666666666666667
124780.0,36.0,2.0,2.9,35.0,32.0,174.0,1,0.20114942528735633
124781.0,20.0,1.0,4.4,24.0,37.0,264.0,1,0.09090909090909091
124784.0,80.0,2.0,4.1,21.0,20.0,245.99999999999997,1,0.08536585365853659
124785.0,67.0,2.0,3.8,41.0,22.0,228.0,2,0.17982456140350878
124786.0,18.0,2.0,3.9,12.0,12.0,234.0,1,0.05128205128205128
124788.0,60.0,1.0,4.4,19.0,22.0,264.0,1,0.07196969696969698
124789.0,28.0,1.0,4.2,45.0,54.0,252.0,3,0.17857142857142858
124791.0,39.0,1.0,4.3,15.0,15.0,258.0,1,0.05813953488372093
124792.0,32.0,1.0,4.3,20.0,10.0,258.0,1,0.07751937984496124
124793.0,35.0,1.0,4.7,37.0,49.0,282.0,2,0.13120567375886524
124794.0,66.0,1.0,3.7,12.0,43.0,222.0,1,0.05405405405405406
124796.0,61.0,2.0,3.7,18.0,43.0,222.0,1,0.08108108108108109
124798.0,55.0,1.0,4.5,17.0,38.0,270.0,1,0.06296296296296296
124799.0,80.0,2.0,3.9,7.0,9.0,234.0,1,0.029914529914529916
124802.0,46.0,2.0,4.2,19.0,10.0,252.0,1,0.07539682539682539
124803.0,46.0,2.0,3.8,18.0,30.0,228.0,1,0.07894736842105263
124807.0,44.0,1.0,4.1,16.0,13.0,245.99999999999997,1,0.06504065040650407
124809.0,23.0,2.0,4.2,19.0,14.0,252.0,1,0.07539682539682539
124810.0,56.0,2.0,3.8,24.0,33.0,228.0,1,0.10526315789473684
124811.0,76.0,1.0,3.6,21.0,93.0,216.0,2,0.09722222222222222
124812.0,62.0,2.0,3.7,97.0,79.0,222.0,3,0.4369369369369369
124813.0,43.0,2.0,4.2,13.0,18.0,252.0,1,0.051587301587301584
124814.0,64.0,1.0,3.7,14.0,43.0,222.0,1,0.06306306306306306
124815.0,52.0,1.0,4.0,25.0,30.0,240.0,1,0.10416666666666667
124817.0,67.0,2.0,3.7,29.0,56.0,222.0,2,0.13063063063063063
124818.0,40.0,1.0,3.9,19.0,25.0,234.0,1,0.0811965811965812
124821.0,63.0,1.0,3.6,13.0,18.0,216.0,1,0.06018518518518518
124822.0,74.0,1.0,3.8,17.0,20.0,228.0,1,0.07456140350877193
