age,bmi,ast,alt,ggt,glucose,target
60.0,35.56,27.0,49.0,19.0,119.0,1
53.0,34.95,51.0,74.0,53.0,93.0,1
33.0,31.02,31.0,72.0,49.0,90.0,1
23.0,25.91,32.0,51.0,34.0,89.0,0
36.0,30.06,38.0,96.0,484.0,96.0,0
54.0,24.65,29.0,47.0,30.0,95.0,1
50.0,34.38,37.0,55.0,36.0,97.0,1
32.0,26.09,23.0,31.0,23.0,119.0,1
18.0,35.49,88.0,206.0,92.0,80.0,0
32.0,36.65,66.0,66.0,28.0,87.0,0
43.0,34.09,25.0,39.0,29.0,96.0,0
28.0,24.02,51.0,121.0,42.0,84.0,0
60.0,34.48,47.0,59.0,57.0,100.0,0
28.0,24.99,64.0,96.0,47.0,87.0,1
51.0,35.4,41.0,63.0,27.0,105.0,0
43.0,27.4,24.0,26.0,37.0,106.0,0
52.0,37.3,58.0,56.0,27.0,97.0,1
55.0,36.65,37.0,67.0,39.0,102.0,1
43.0,27.4,24.0,26.0,37.0,106.0,0
30.0,37.18,45.0,89.0,208.0,93.0,0
55.0,27.92,20.0,19.0,34.0,141.0,1
62.0,31.12,50.0,84.0,36.0,92.0,1
33.0,31.64,25.0,43.0,28.0,83.0,0
42.0,33.91,39.0,84.0,178.0,89.0,1
39.0,32.1,18.0,12.0,9.0,110.0,0
38.0,32.0,41.0,63.0,104.0,100.0,1
35.0,37.8,16.0,26.0,19.0,99.0,1
44.0,27.85,68.0,134.0,64.0,102.0,0
47.0,42.04,19.0,21.0,46.0,129.0,0
48.0,35.15,68.0,133.0,92.0,85.0,1
55.0,31.6,59.0,96.0,27.0,130.0,1
37.0,36.16,38.0,59.0,20.0,99.0,1
32.0,48.23,69.0,153.0,48.0,98.0,1
57.0,27.68,35.0,68.0,38.0,106.0,0
50.0,29.0,72.0,81.0,40.0,114.0,1
50.0,42.53,72.0,81.0,40.0,114.0,1
40.0,31.24,40.0,51.0,64.0,133.0,0
64.0,28.83,29.0,29.0,36.0,232.0,1
43.0,46.49,29.0,25.0,18.0,98.0,1
50.0,28.06,47.0,85.0,31.0,123.0,1
48.0,49.12,21.0,22.0,21.0,121.0,1
51.0,34.52,28.0,30.0,38.0,134.0,1
48.0,25.26,33.0,66.0,46.0,132.0,0
59.0,31.11,29.0,39.0,61.0,202.0,1
39.0,27.0,25.0,31.0,38.0,188.0,0
39.0,33.26,25.0,31.0,38.0,188.0,0
35.0,29.41,35.0,71.0,34.0,79.0,0
32.0,29.04,36.0,79.0,52.0,82.0,0
58.0,31.64,23.0,26.0,18.0,90.0,0
31.0,27.64,39.0,68.0,69.0,112.0,1
60.0,30.9,29.0,28.0,30.0,112.0,0
60.0,30.85,29.0,28.0,30.0,112.0,0
49.0,29.07,35.0,51.0,10.0,106.0,1
50.0,30.26,21.0,33.0,41.0,98.0,1
47.0,42.86,27.0,38.0,79.0,109.0,0
52.0,31.25,20.0,14.0,30.0,144.0,1
47.0,29.5,46.0,54.0,49.0,127.0,1
47.0,29.48,46.0,54.0,49.0,127.0,1
40.0,31.16,47.0,57.0,81.0,261.0,0
50.0,31.0,34.0,57.0,36.0,87.0,1
47.0,29.2,46.0,102.0,31.0,86.0,0
42.0,32.81,57.0,62.0,74.0,89.0,1
28.0,27.13,49.0,114.0,64.0,97.0,0
27.0,18.29,48.0,94.0,309.0,88.0,1
60.0,36.5,29.0,29.0,60.0,160.0,1
47.0,29.34,46.0,102.0,31.0,86.0,0
53.0,29.4,42.0,85.0,31.0,85.0,1
38.0,28.89,21.0,24.0,53.0,97.0,1
34.0,29.94,59.0,119.0,101.0,98.0,0
56.0,27.14,34.0,48.0,17.0,120.0,0
37.0,29.4,32.0,47.0,50.0,86.0,1
38.0,38.3,22.0,29.0,59.0,101.0,0
44.0,37.47,66.0,135.0,48.0,105.0,0
46.0,27.54,47.0,104.0,113.0,96.0,1
46.0,27.24,46.0,110.0,24.0,101.0,1
33.0,27.92,41.0,52.0,37.0,98.0,1
46.0,27.7,18.0,27.0,33.0,99.0,0
60.0,31.47,31.0,43.0,33.0,108.0,1
42.0,31.96,33.0,48.0,34.0,115.0,1
66.0,29.39,37.0,61.0,28.0,96.0,0
56.0,33.7,46.0,67.0,271.0,130.0,1
35.0,29.57,53.0,97.0,73.0,105.0,0
46.0,34.2,47.0,70.0,36.0,108.0,1
50.0,30.93,37.0,67.0,65.0,104.0,0
44.0,31.35,29.0,51.0,69.0,114.0,0
52.0,28.73,33.0,78.0,69.0,91.0,1
41.0,32.65,77.0,123.0,129.0,95.0,1
39.0,29.07,48.0,85.0,41.0,96.0,0
31.0,32.08,110.0,116.0,99.0,92.0,1
43.0,39.9,55.0,79.0,31.0,89.0,1
18.0,26.3,41.0,96.0,51.0,98.0,0
41.0,56.0,22.0,17.0,40.0,105.0,1
45.0,43.39,278.0,227.0,17.0,97.0,1
29.0,25.97,82.0,112.0,59.0,71.0,1
41.0,55.96,32.0,17.0,40.0,105.0,1
29.0,25.78,82.0,112.0,59.0,71.0,1
55.0,28.74,25.0,54.0,26.0,93.0,1
43.0,39.92,55.0,79.0,31.0,89.0,1
54.0,33.98,32.0,67.0,92.0,112.0,0
39.0,24.9,22.0,31.0,42.0,96.0,0
58.0,35.38,24.0,26.0,28.0,113.0,1
35.0,28.65,24.0,34.0,30.0,84.0,0
39.0,24.86,22.0,31.0,42.0,96.0,0
55.0,33.33,39.0,58.0,29.0,128.0,0
40.0,30.78,56.0,101.0,38.0,113.0,1
53.0,37.3,47.0,52.0,46.0,103.0,1
25.0,33.71,48.0,100.0,93.0,91.0,0
36.0,37.4,149.0,196.0,168.0,94.0,1
36.0,37.28,149.0,196.0,168.0,94.0,1
53.0,37.32,47.0,52.0,46.0,103.0,1
43.0,29.06,35.0,39.0,39.0,99.0,1
42.0,30.3,35.0,73.0,129.0,87.0,0
38.0,25.06,20.0,56.0,53.0,77.0,0
58.0,27.0,20.0,14.0,19.0,105.0,1
44.0,30.5,45.0,69.0,21.0,94.0,1
55.0,32.7,90.0,143.0,95.0,130.0,1
57.0,25.4,63.9,115.0,70.0,130.0,1
44.0,30.39,45.0,69.0,21.0,94.0,1
37.0,31.92,27.0,31.0,24.0,99.0,0
58.0,31.64,20.0,14.0,19.0,105.0,1
55.0,32.5,26.0,24.0,44.0,95.0,1
36.0,24.1,42.0,77.0,69.0,101.0,0
54.0,33.02,50.0,78.0,43.0,133.0,1
55.0,32.47,26.0,24.0,44.0,95.0,1
49.0,27.77,38.0,77.0,71.0,109.0,1
54.0,32.39,56.0,59.0,38.0,89.0,1
39.0,29.74,106.0,147.0,99.0,145.0,1
59.0,27.6,30.0,61.0,559.0,94.0,1
31.0,40.68,26.0,26.0,61.0,100.0,1
59.0,27.7,30.0,61.0,559.0,94.0,1
39.0,31.31,37.0,75.0,76.0,132.0,1
64.0,34.52,32.0,28.0,140.0,152.0,1
44.0,31.2,168.0,245.0,46.0,105.0,1
47.0,34.25,38.0,51.0,82.0,159.0,1
50.0,30.12,47.0,121.0,76.0,143.0,1
59.0,28.01,53.0,78.0,180.0,118.0,1
56.0,30.5,70.0,122.0,41.0,164.0,1
53.0,31.2,45.0,48.0,86.0,130.0,1
57.0,40.98,15.0,18.0,29.0,124.0,0
48.0,29.41,123.0,208.0,117.0,135.0,1
64.0,39.13,24.0,20.0,27.0,150.0,1
60.0,33.62,35.0,43.0,86.0,103.0,1
63.0,27.72,57.0,56.0,32.0,158.0,0
64.0,33.78,18.0,20.0,26.0,136.0,0
37.0,30.3,45.0,85.0,75.0,182.0,1
37.0,30.39,45.0,85.0,75.0,182.0,1
29.0,24.2,37.0,93.0,53.0,70.0,0
54.0,24.22,55.0,98.0,54.0,216.0,1
29.0,24.22,37.0,93.0,53.0,70.0,0
32.0,30.45,27.0,46.0,28.0,94.0,1
33.0,28.31,37.0,95.0,140.0,87.0,1
30.0,26.75,40.0,114.0,44.0,97.0,0
32.0,32.74,45.0,67.0,53.0,80.0,1
23.0,24.91,56.0,106.0,24.0,87.0,1
23.0,31.1,45.0,76.0,47.0,88.0,0
38.0,28.37,83.0,107.0,55.0,114.0,1
23.0,31.14,45.0,76.0,47.0,88.0,0
52.0,32.04,34.0,27.0,23.0,89.0,0
50.0,32.0,60.0,61.0,53.0,95.0,1
31.0,28.0,69.0,95.0,76.0,99.0,1
31.0,27.99,69.0,95.0,76.0,99.0,1
50.0,32.01,60.0,61.0,53.0,95.0,1
53.0,33.32,43.0,57.0,29.0,98.0,1
36.0,35.63,38.0,68.0,20.0,98.0,1
40.0,39.51,34.0,65.0,31.0,96.0,1
42.0,26.73,60.0,150.0,153.0,136.0,1
34.0,28.41,26.0,41.0,58.0,102.0,1
56.0,40.86,41.0,69.0,46.0,97.0,0
43.0,31.2,25.0,35.0,71.0,97.0,0
43.0,31.28,25.0,35.0,71.0,97.0,0
35.0,42.52,34.0,62.0,55.0,98.0,0
47.0,36.45,27.0,25.0,57.0,112.0,1
64.0,29.67,37.0,54.0,41.0,147.0,1
27.0,26.73,103.0,184.0,86.0,80.0,1
40.0,38.77,73.0,209.0,59.0,117.0,1
53.0,30.4,24.0,49.0,65.0,104.0,1
53.0,30.42,24.0,49.0,65.0,104.0,1
30.0,25.31,62.0,179.0,58.0,111.0,1
53.0,36.11,34.0,59.0,32.0,104.0,1
40.0,28.76,68.0,118.0,28.0,92.0,0
55.0,31.53,32.0,46.0,50.0,163.0,1
52.0,31.6,67.0,115.0,50.0,100.0,0
50.0,23.0,36.0,82.0,82.0,91.0,0
36.0,25.62,63.0,174.0,47.0,107.0,1
51.0,39.56,59.0,78.0,56.0,94.0,1
50.0,23.18,36.0,82.0,82.0,91.0,0
52.0,31.59,67.0,115.0,50.0,100.0,0
54.0,37.52,42.0,65.0,43.0,99.0,1
26.0,23.12,52.0,140.0,30.0,92.0,1
45.0,30.42,44.0,80.0,20.0,90.0,1
46.0,36.68,38.0,74.0,53.0,192.0,1
52.0,27.89,39.0,45.0,22.0,105.0,1
44.0,28.08,49.0,98.0,48.0,100.0,0
43.0,29.06,49.0,94.0,64.0,87.0,1
39.0,33.21,45.0,95.0,26.0,85.0,0
51.0,31.1,53.0,57.0,16.0,104.0,1
52.0,35.49,23.0,31.0,38.0,97.0,1
48.0,31.57,106.0,138.0,85.0,109.0,1
45.0,32.46,30.0,53.0,46.0,92.0,0
53.0,32.45,43.0,43.0,66.0,108.0,1
62.0,31.23,32.0,26.0,62.0,81.0,1
43.0,34.9,34.0,71.0,33.0,90.0,1
52.0,39.45,55.0,108.0,27.0,88.0,0
38.0,25.95,27.0,62.0,236.0,89.0,1
38.0,28.02,55.0,116.0,43.0,93.0,1
40.0,33.59,156.0,272.0,75.0,115.0,1
38.0,30.18,48.0,72.0,61.0,88.0,1
49.0,24.22,57.0,98.0,47.0,98.0,0
34.0,27.4,41.0,66.0,128.0,95.0,1
34.0,27.34,41.0,66.0,128.0,95.0,1
53.0,26.57,38.0,77.0,17.0,98.0,0
49.0,44.44,27.0,33.0,28.0,102.0,1
66.0,28.1,44.0,86.0,90.0,93.0,1
32.0,31.62,39.0,96.0,58.0,117.0,1
38.0,35.83,79.0,172.0,48.0,97.0,1
56.0,29.01,43.0,64.0,45.0,93.0,1
50.0,26.29,22.0,35.0,37.0,108.0,1
43.0,30.2,70.0,120.0,57.0,116.0,1
56.0,49.34,25.0,33.0,24.0,107.0,0
52.0,24.61,25.0,27.0,33.0,112.0,0
49.0,40.68,46.0,83.0,73.0,121.0,1
43.0,30.08,70.0,120.0,57.0,116.0,1
47.0,28.02,36.0,59.0,62.0,98.0,0
47.0,33.9,36.0,71.0,48.0,105.0,1
64.0,29.94,53.0,27.0,23.0,138.0,1
47.0,33.95,36.0,71.0,48.0,105.0,1
45.0,30.48,95.0,184.0,42.0,100.0,0
55.0,38.46,55.0,121.0,56.0,130.0,1
62.0,37.0,44.0,28.0,47.0,103.0,1
44.0,23.73,43.0,49.0,91.0,127.0,1
62.0,36.98,44.0,28.0,47.0,103.0,1
43.0,36.1,166.0,166.0,37.0,104.0,1
51.0,28.76,43.0,52.0,44.0,157.0,0
54.0,42.57,30.0,21.0,35.0,105.0,1
64.0,26.72,55.0,89.0,33.0,171.0,1
68.0,38.45,40.0,30.0,110.0,139.0,1
38.0,34.2,47.0,83.0,40.0,95.0,1
42.0,31.11,54.0,77.0,118.0,133.0,1
55.0,34.08,42.0,69.0,47.0,117.0,1
53.0,29.64,85.0,100.0,80.0,123.0,1
50.0,33.52,147.0,196.0,115.0,99.0,1
56.0,38.9,76.0,99.0,31.0,96.0,1
56.0,37.5,76.0,99.0,31.0,96.0,1
62.0,35.57,28.0,25.0,18.0,184.0,1
51.0,24.69,38.0,67.0,31.0,145.0,1
28.0,27.18,76.0,136.0,85.0,138.0,1
39.0,30.32,43.0,75.0,39.0,136.0,1
55.0,21.37,25.0,58.0,19.0,99.0,1
32.0,29.7,86.0,155.0,127.0,98.0,1
32.0,29.72,86.0,155.0,127.0,98.0,1
39.0,32.79,66.0,107.0,169.0,91.0,1
21.0,33.46,42.0,78.0,41.0,73.0,1
54.0,30.86,31.0,33.0,37.0,104.0,1
28.0,24.27,241.0,343.0,87.0,92.0,1
48.0,25.76,56.0,103.0,37.0,122.0,1
45.0,29.36,32.0,50.0,85.0,94.0,0
43.0,29.07,33.0,37.0,24.0,72.0,0
52.0,27.75,69.0,99.0,52.0,98.0,0
22.0,34.85,96.0,175.0,228.0,104.0,1
53.0,30.43,60.0,129.0,120.0,126.0,1
47.0,39.16,40.0,60.0,49.0,91.0,1
47.0,27.4,54.0,119.0,50.0,104.0,1
27.0,35.27,127.0,252.0,146.0,95.0,1
31.0,25.77,63.0,194.0,216.0,101.0,1
49.0,28.07,45.0,85.0,46.0,97.0,0
55.0,36.41,50.0,120.0,71.0,90.0,1
38.0,29.0,29.0,41.0,17.0,106.0,1
47.0,28.71,33.0,67.0,59.0,81.0,1
54.0,30.39,42.0,86.0,46.0,99.0,1
38.0,32.2,51.0,135.0,57.0,77.0,0
32.0,25.3,38.0,78.0,43.0,74.0,1
61.0,28.37,69.0,100.0,141.0,94.0,1
45.0,31.63,56.0,67.0,50.0,76.0,1
32.0,25.34,38.0,78.0,43.0,74.0,1
38.0,32.18,51.0,135.0,57.0,77.0,0
32.0,31.1,36.0,100.0,57.0,96.0,0
45.0,27.1,49.0,84.0,66.0,117.0,1
32.0,31.28,36.0,100.0,57.0,96.0,0
57.0,35.38,43.0,48.0,82.0,110.0,1
53.0,39.55,39.0,71.0,18.0,116.0,1
53.0,34.48,21.0,29.0,33.0,87.0,1
41.0,30.2,62.0,91.0,119.0,96.0,0
46.0,28.9,24.0,44.0,49.0,99.0,1
37.0,34.31,33.0,57.0,44.0,104.0,1
51.0,33.32,40.0,39.0,66.0,106.0,1
46.0,36.93,103.0,184.0,86.0,80.0,1
58.0,29.38,34.0,49.0,35.0,113.0,1
58.0,26.3,32.0,47.0,41.0,94.0,1
37.0,30.08,35.0,63.0,37.0,119.0,0
47.0,34.53,43.0,93.0,47.0,95.0,1
51.0,35.79,28.0,39.0,39.0,109.0,1
66.0,23.92,69.0,51.0,505.0,107.0,1
38.0,35.03,37.0,66.0,58.0,192.0,1
35.0,24.3,30.0,73.0,75.0,162.0,0
59.0,28.73,33.0,59.0,25.0,120.0,1
40.0,32.24,56.0,108.0,118.0,119.0,1
29.0,41.78,111.0,139.0,41.0,121.0,1
46.0,31.21,43.0,82.0,66.0,123.0,1
46.0,40.5,31.0,67.0,29.0,101.0,1
55.0,40.63,51.0,55.0,41.0,100.0,1
59.0,33.76,52.0,64.0,54.0,120.0,1
64.0,31.05,52.0,83.0,44.0,142.0,1
42.0,37.72,45.0,44.0,49.0,150.0,1
56.0,34.63,28.0,49.0,90.0,205.0,0
57.0,31.64,31.0,26.0,44.0,131.0,1
51.0,37.02,28.0,46.0,61.0,99.0,1
43.0,28.4,38.0,63.0,58.0,91.0,1
31.0,26.26,29.0,57.0,32.0,79.0,1
52.0,32.66,55.0,65.0,50.0,97.0,1
53.0,27.91,46.0,59.0,38.0,106.0,1
42.0,30.06,56.0,106.0,98.0,95.0,1
48.0,31.99,42.0,50.0,20.0,119.0,1
53.0,29.69,104.0,129.0,102.0,93.0,1
70.0,31.24,34.0,36.0,342.0,115.0,1
47.0,34.08,118.0,165.0,68.0,119.0,1
46.0,32.41,45.0,86.0,25.0,98.0,1
43.0,35.1,72.0,101.0,22.0,130.0,1
52.0,33.06,40.0,59.0,68.0,127.0,0
39.0,31.14,25.0,38.0,41.0,102.0,1
56.0,36.6,31.0,39.0,112.0,108.0,1
39.0,31.49,51.0,107.0,50.0,105.0,1
52.0,38.21,76.0,99.0,59.0,96.0,1
51.0,32.39,55.0,57.0,89.0,132.0,1
50.0,39.86,46.0,41.0,27.0,80.0,1
50.0,36.84,32.0,35.0,27.0,165.0,1
48.0,40.0,66.0,96.0,83.0,102.0,1
49.0,30.86,65.0,104.0,110.0,130.0,1
52.0,35.25,31.0,46.0,30.0,87.0,1
33.0,25.9,47.0,109.0,38.0,103.0,0
31.0,29.72,73.0,112.0,200.0,104.0,1
29.0,31.4,88.0,133.0,115.0,95.0,1
48.0,33.78,43.0,67.0,55.0,100.0,1
29.0,31.52,88.0,133.0,115.0,95.0,1
50.0,29.14,33.0,54.0,25.0,89.0,0
29.0,51.95,38.0,59.0,49.0,90.0,1
40.0,29.26,61.0,103.0,44.0,110.0,1
33.0,35.36,137.0,288.0,179.0,111.0,1
51.0,29.06,34.0,52.0,25.0,93.0,0
26.0,30.13,45.0,86.0,99.0,101.0,1
32.0,29.0,62.0,271.0,169.0,94.0,1
32.0,29.04,62.0,271.0,169.0,94.0,1
60.0,22.43,24.0,48.0,85.0,125.0,0
36.0,29.0,39.0,82.0,30.0,84.0,1
35.0,28.04,40.0,76.0,32.0,92.0,1
48.0,30.99,59.0,92.0,77.0,79.0,1
36.0,29.04,39.0,82.0,30.0,84.0,1
55.0,35.46,91.0,59.0,85.0,77.0,1
44.0,30.8,66.0,106.0,22.0,66.0,0
58.0,33.4,29.0,56.0,35.0,97.0,1
54.0,32.45,38.0,58.0,42.0,87.0,1
44.0,30.85,66.0,106.0,22.0,66.0,0
58.0,33.39,29.0,56.0,35.0,97.0,1
52.0,28.37,28.0,53.0,57.0,128.0,0
29.0,43.57,29.0,38.0,26.0,79.0,1
28.0,28.72,51.0,104.0,35.0,94.0,1
54.0,34.21,53.0,79.0,66.0,95.0,1
42.0,30.47,54.0,77.0,43.0,101.0,0
47.0,31.25,41.0,39.0,44.0,163.0,1
32.0,31.75,56.0,129.0,95.0,86.0,1
42.0,28.08,50.0,141.0,32.0,103.0,1
32.0,29.07,56.0,106.0,24.0,94.0,1
56.0,33.06,45.0,78.0,76.0,96.0,1
71.0,31.23,34.0,32.0,43.0,114.0,1
68.0,29.78,52.0,68.0,37.0,105.0,1
59.0,33.56,27.0,26.0,146.0,120.0,1
42.0,30.9,64.0,114.0,54.0,87.0,1
40.0,29.65,148.0,174.0,188.0,97.0,1
36.0,26.37,47.0,85.0,39.0,206.0,0
57.0,31.63,41.0,48.0,127.0,112.0,1
54.0,40.79,56.0,97.0,61.0,99.0,1
70.0,26.56,43.0,60.0,37.0,103.0,1
36.0,32.9,34.0,55.0,32.0,98.0,1
60.0,37.95,42.0,50.0,53.0,121.0,1
34.0,35.51,56.0,110.0,56.0,86.0,1
49.0,26.56,142.0,168.0,153.0,197.0,1
50.0,36.76,58.0,112.0,35.0,118.0,1
57.0,37.22,44.0,53.0,54.0,135.0,1
50.0,38.02,53.0,55.0,128.0,125.0,1
55.0,26.45,39.0,58.0,59.0,145.0,1
31.0,30.42,67.0,145.0,95.0,134.0,1
30.0,32.47,114.0,124.0,90.0,121.0,1
54.0,30.48,67.0,83.0,126.0,96.0,1
50.0,29.06,45.0,81.0,25.0,127.0,1
56.0,33.51,53.0,108.0,163.0,178.0,1
46.0,41.14,63.0,89.0,84.0,143.0,1
42.0,32.39,24.0,44.0,38.0,170.0,1
51.0,23.8,40.0,49.0,84.0,307.0,1
46.0,40.9,23.0,39.0,166.0,126.0,1
50.0,34.6,85.0,154.0,251.0,130.0,1
52.0,35.92,60.0,79.0,268.0,269.0,1
36.0,26.44,103.0,182.0,83.0,136.0,1
51.0,30.76,109.0,197.0,107.0,221.0,1
57.0,30.8,51.0,80.0,67.0,300.0,1
51.0,26.02,31.0,89.0,207.0,81.0,1
57.0,33.05,182.0,323.0,87.0,101.0,1
48.0,25.38,75.0,142.0,78.0,90.0,0
47.0,31.9,62.0,77.0,33.0,77.0,1
40.0,23.12,29.0,51.0,70.0,92.0,1
49.0,33.75,73.0,129.0,72.0,101.0,1
47.0,39.54,88.0,136.0,92.0,119.0,1
42.0,32.6,33.0,75.0,58.0,92.0,1
67.0,30.42,37.0,69.0,60.0,114.0,1
47.0,36.33,52.0,99.0,56.0,101.0,1
54.0,35.96,21.0,35.0,42.0,93.0,1
51.0,38.59,31.0,47.0,42.0,95.0,1
41.0,34.58,59.0,84.0,185.0,95.0,1
22.0,36.33,84.0,215.0,185.0,95.0,1
44.0,34.58,54.0,71.0,65.0,102.0,1
53.0,26.75,43.0,48.0,53.0,85.0,1
64.0,29.49,48.0,49.0,88.0,116.0,1
44.0,34.67,54.0,71.0,65.0,102.0,1
66.0,30.86,71.0,142.0,28.0,96.0,1
54.0,35.16,50.0,51.0,62.0,146.0,1
55.0,31.24,22.0,23.0,29.0,124.0,1
50.0,29.27,34.0,56.0,61.0,100.0,1
54.0,33.78,87.0,124.0,48.0,126.0,1
38.0,29.38,66.0,118.0,76.0,115.0,1
40.0,28.3,89.0,175.0,155.0,104.0,1
59.0,27.55,76.0,113.0,48.0,136.0,1
53.0,29.76,43.0,81.0,34.0,84.0,1
58.0,38.2,64.0,116.0,72.0,142.0,1
49.0,36.2,58.0,81.0,38.0,145.0,1
50.0,28.8,41.0,40.0,56.0,130.0,1
44.0,30.73,54.0,68.0,84.0,172.0,1
56.0,37.31,84.0,112.0,160.0,202.0,1
58.0,35.8,35.0,37.0,180.0,240.0,1
54.0,27.78,12.0,13.0,13.0,105.0,1
39.0,29.03,29.0,61.0,438.0,82.0,1
36.0,32.89,17.0,12.0,13.0,81.0,0
50.0,26.7,32.0,28.0,23.0,106.0,0
50.0,26.77,32.0,28.0,23.0,106.0,0
67.0,33.91,44.0,55.0,73.0,125.0,0
61.0,33.67,40.0,45.0,26.0,94.0,0
54.0,27.12,65.0,84.0,65.0,101.0,0
61.0,31.23,23.0,19.0,22.0,169.0,0
58.0,32.56,24.0,35.0,19.0,124.0,0
30.0,23.26,23.0,20.0,13.0,70.0,1
33.0,23.71,32.0,54.0,164.0,82.0,0
36.0,30.09,33.0,46.0,37.0,88.0,1
57.0,27.0,34.0,33.0,115.0,72.0,0
50.0,29.76,59.0,84.0,55.0,98.0,0
57.0,27.08,34.0,33.0,115.0,72.0,0
46.0,36.0,50.0,40.0,134.0,87.0,0
46.0,36.07,38.0,40.0,134.0,87.0,0
44.0,33.3,19.0,25.0,72.0,96.0,0
35.0,24.4,29.0,42.0,35.0,100.0,1
35.0,24.44,29.0,42.0,35.0,100.0,1
57.0,23.71,36.0,54.0,177.0,135.0,1
50.0,32.33,66.0,106.0,42.0,92.0,1
71.0,30.1,91.0,97.0,309.0,98.0,1
71.0,30.12,91.0,97.0,309.0,98.0,1
59.0,30.67,23.0,41.0,35.0,108.0,0
39.0,29.0,19.0,18.0,18.0,102.0,1
39.0,29.09,19.0,18.0,18.0,102.0,1
42.0,28.1,35.0,46.0,24.0,81.0,0
42.0,28.09,35.0,46.0,24.0,81.0,0
36.0,28.4,45.0,90.0,58.0,78.0,0
36.0,28.39,45.0,90.0,58.0,78.0,0
35.0,36.0,49.0,72.0,19.0,82.0,1
65.0,25.83,34.0,30.0,311.0,77.0,0
25.0,24.11,44.0,92.0,25.0,96.0,0
51.0,34.0,106.0,77.0,71.0,92.0,1
51.0,34.02,106.0,77.0,71.0,92.0,1
46.0,32.86,31.0,48.0,28.0,98.0,1
61.0,33.91,25.0,25.0,19.0,112.0,1
54.0,34.55,24.0,31.0,23.0,110.0,0
52.0,27.88,29.0,31.0,15.0,84.0,0
35.0,32.14,65.0,113.0,60.0,88.0,0
30.0,26.73,37.0,51.0,24.0,70.0,0
47.0,29.01,22.0,46.0,20.0,102.0,0
33.0,24.38,30.0,60.0,22.0,96.0,0
45.0,24.98,64.0,97.0,111.0,97.0,0
47.0,31.2,65.0,89.0,44.0,85.0,0
47.0,31.31,65.0,89.0,44.0,85.0,0
62.0,35.55,33.0,36.0,38.0,92.0,0
37.0,28.65,35.0,80.0,54.0,98.0,1
53.0,29.13,16.0,17.0,21.0,82.0,0
50.0,30.83,24.0,31.0,85.0,105.0,0
34.0,23.51,29.0,38.0,16.0,89.0,0
65.0,29.55,29.0,34.0,50.0,100.0,0
56.0,34.67,40.0,42.0,82.0,87.0,1
54.0,32.03,28.0,53.0,50.0,100.0,1
41.0,31.91,42.0,43.0,46.0,92.0,0
60.0,33.83,43.0,96.0,64.0,103.0,0
41.0,32.7,54.0,107.0,46.0,110.0,0
58.0,25.4,25.0,33.0,44.0,100.0,1
41.0,32.66,54.0,107.0,46.0,110.0,0
58.0,23.83,53.0,57.0,15.0,88.0,0
45.0,32.03,302.0,268.0,60.0,105.0,0
29.0,30.02,40.0,83.0,113.0,81.0,0
57.0,28.7,43.0,63.0,78.0,82.0,0
54.0,26.17,40.0,65.0,29.0,91.0,0
58.0,28.71,24.0,29.0,27.0,117.0,0
57.0,28.67,43.0,63.0,78.0,82.0,0
50.0,32.7,37.0,54.0,58.0,101.0,1
62.0,24.97,25.0,26.0,38.0,117.0,1
40.0,32.6,21.0,28.0,217.0,98.0,0
34.0,25.1,27.0,73.0,43.0,87.0,0
43.0,33.7,33.0,67.0,55.0,121.0,0
51.0,26.94,29.0,34.0,90.0,110.0,0
40.0,32.6,21.0,28.0,217.0,98.0,0
43.0,33.69,33.0,67.0,55.0,121.0,0
34.0,25.13,27.0,73.0,43.0,87.0,0
58.0,33.67,41.0,57.0,83.0,122.0,0
56.0,34.4,33.0,67.0,58.0,94.0,1
53.0,51.8,31.0,38.0,16.0,94.0,0
60.0,39.3,40.0,66.0,104.0,122.0,1
64.0,34.11,20.0,13.0,22.0,131.0,1
54.0,38.9,26.0,34.0,43.0,118.0,1
48.0,33.45,36.0,34.0,82.0,144.0,1
54.0,38.87,26.0,34.0,43.0,118.0,1
62.0,37.1,53.0,62.0,53.0,118.0,0
50.0,33.91,34.0,55.0,36.0,137.0,1
37.0,37.9,11.0,20.0,36.0,117.0,1
65.0,41.09,26.0,19.0,17.0,123.0,1
49.0,27.56,48.0,61.0,139.0,82.0,1
52.0,27.4,30.0,51.0,37.0,104.0,1
52.0,27.41,30.0,51.0,37.0,104.0,1
36.0,34.9,44.0,73.0,50.0,77.0,1
46.0,34.66,33.0,53.0,78.0,88.0,1
36.0,34.89,44.0,73.0,50.0,77.0,1
48.0,33.0,84.0,43.0,32.0,84.0,1
47.0,24.6,39.0,117.0,48.0,84.0,0
48.0,33.02,33.0,43.0,32.0,84.0,1
47.0,24.61,39.0,117.0,48.0,84.0,0
37.0,32.32,33.0,45.0,70.0,78.0,1
41.0,28.4,16.0,18.0,34.0,102.0,0
43.0,27.1,35.0,73.0,55.0,98.0,0
43.0,27.13,35.0,73.0,55.0,98.0,0
40.0,30.82,140.0,251.0,107.0,188.0,0
23.0,35.9,73.0,163.0,88.0,99.0,0
55.0,31.12,60.0,102.0,158.0,116.0,1
23.0,35.92,73.0,163.0,88.0,99.0,0
34.0,26.8,96.0,296.0,63.0,92.0,1
36.0,40.16,25.0,32.0,20.0,90.0,0
30.0,30.45,29.0,50.0,46.0,97.0,1
36.0,44.59,27.0,34.0,53.0,86.0,1
29.0,26.8,53.0,136.0,59.0,93.0,1
48.0,33.77,30.0,23.0,44.0,101.0,0
54.0,40.86,19.0,19.0,16.0,100.0,0
33.0,24.57,38.0,96.0,95.0,80.0,0
37.0,33.83,35.0,65.0,34.0,97.0,0
61.0,38.86,25.0,29.0,86.0,89.0,1
47.0,31.44,76.0,122.0,50.0,98.0,1
42.0,26.19,52.0,100.0,108.0,107.0,0
29.0,31.71,47.0,70.0,48.0,93.0,0
38.0,28.4,50.0,65.0,46.0,92.0,0
52.0,31.24,43.0,83.0,199.0,92.0,1
36.0,29.07,51.0,73.0,30.0,73.0,0
47.0,32.07,43.0,86.0,33.0,103.0,0
49.0,28.65,22.0,31.0,83.0,90.0,0
56.0,30.11,26.0,33.0,19.0,70.0,0
29.0,21.0,50.0,99.0,95.0,95.0,0
44.0,44.85,37.0,67.0,27.0,96.0,1
51.0,32.85,26.0,41.0,32.0,95.0,0
34.0,33.5,47.0,66.0,61.0,96.0,0
34.0,33.65,47.0,66.0,61.0,96.0,0
37.0,25.51,23.0,33.0,29.0,105.0,0
35.0,29.8,28.0,42.0,27.0,107.0,0
35.0,29.76,28.0,42.0,27.0,107.0,0
62.0,30.49,46.0,59.0,430.0,119.0,1
48.0,30.36,27.0,19.0,29.0,131.0,0
36.0,34.6,35.0,57.0,25.0,101.0,1
36.0,34.58,35.0,57.0,25.0,101.0,1
52.0,31.6,32.0,36.0,79.0,104.0,0
29.0,40.3,44.0,65.0,34.0,110.0,1
29.0,40.27,44.0,65.0,34.0,110.0,1
62.0,35.6,39.0,46.0,39.0,115.0,1
62.0,35.75,39.0,46.0,39.0,115.0,1
60.0,40.79,19.0,15.0,20.0,108.0,0
53.0,36.1,42.0,62.0,54.0,142.0,1
60.0,39.48,47.0,18.0,165.0,114.0,1
70.0,28.52,37.0,32.0,130.0,184.0,1
54.0,32.46,58.0,30.0,87.0,140.0,1
46.0,27.33,51.0,97.0,61.0,177.0,1
53.0,42.54,21.0,34.0,36.0,128.0,1
29.0,31.95,24.0,33.0,20.0,81.0,1
39.0,31.95,77.0,134.0,526.0,85.0,0
56.0,47.03,17.0,12.0,16.0,111.0,0
59.0,41.5,32.0,44.0,21.0,105.0,1
51.0,30.85,44.0,72.0,51.0,86.0,1
47.0,30.85,102.0,146.0,50.0,87.0,1
59.0,25.88,60.0,86.0,27.0,79.0,1
41.0,30.79,37.0,57.0,60.0,94.0,0
54.0,34.2,58.0,84.0,44.0,113.0,1
52.0,28.69,25.0,31.0,29.0,129.0,1
59.0,34.96,162.0,134.0,65.0,83.0,1
48.0,38.95,17.0,20.0,15.0,168.0,1
41.0,40.77,53.0,25.0,115.0,177.0,1
56.0,47.7,84.0,106.0,276.0,252.0,0
32.0,31.38,117.0,231.0,75.0,186.0,1
39.0,34.0,57.0,73.0,34.0,100.0,1
52.0,25.39,124.0,169.0,34.0,107.0,1
58.0,37.78,138.0,189.0,46.0,91.0,1
63.0,28.61,36.0,55.0,65.0,115.0,1
44.0,40.3,30.0,39.0,29.0,133.0,1
44.0,40.35,30.0,39.0,29.0,133.0,1
64.0,29.74,20.0,20.0,176.0,112.0,1
13.0,31.21,8.0,258.0,12.0,100.0,1
29.0,31.21,15.0,228.0,8.0,100.0,1
49.0,31.21,8.0,228.0,12.0,100.0,1
36.0,31.21,35.0,276.0,19.0,100.0,1
68.0,31.21,19.0,240.0,16.0,100.0,1
12.0,31.21,11.0,258.0,11.0,100.0,1
17.0,31.21,9.0,264.0,13.0,100.0,1
76.0,31.21,17.0,258.0,24.0,100.0,1
44.0,31.21,16.0,210.0,19.0,100.0,1
33.0,31.21,10.0,168.0,4.0,100.0,1
68.0,31.21,19.0,294.0,30.0,100.0,1
42.0,31.21,11.0,234.0,37.0,100.0,1
58.0,31.21,21.0,234.0,34.0,100.0,1
44.0,31.21,19.0,264.0,24.0,100.0,1
54.0,31.21,14.0,228.0,14.0,100.0,1
30.0,31.21,17.0,258.0,64.0,100.0,2
68.0,31.21,22.0,240.0,110.0,100.0,2
54.0,31.21,32.0,252.0,74.0,100.0,2
18.0,31.21,13.0,270.0,11.0,100.0,1
47.0,31.21,14.0,240.0,32.0,100.0,1
48.0,31.21,18.0,252.0,18.0,100.0,1
63.0,31.21,24.0,234.0,79.0,100.0,2
30.0,31.21,18.0,252.0,32.0,100.0,1
62.0,31.21,9.0,222.0,12.0,100.0,1
28.0,31.21,9.0,240.0,11.0,100.0,1
22.0,31.21,21.0,245.99999999999997,31.0,100.0,1
19.0,31.21,10.0,210.0,11.0,100.0,1
45.0,31.21,13.0,222.0,21.0,100.0,1
22.0,31.21,25.0,228.0,21.0,100.0,1
49.0,31.21,8.0,240.0,11.0,100.0,1
44.0,31.21,9.0,245.99999999999997,10.0,100.0,1
58.0,31.21,48.0,258.0,42.0,100.0,2
76.0,31.21,26.0,245.99999999999997,37.0,100.0,1
19.0,31.21,11.0,234.0,11.0,100.0,1
33.0,31.21,16.0,240.0,10.0,100.0,1
41.0,31.21,14.0,258.0,8.0,100.0,1
54.0,31.21,13.0,258.0,16.0,100.0,1
55.0,31.21,32.0,216.0,224.0,100.0,2
35.0,31.21,40.0,258.0,23.0,100.0,1
48.0,31.21,18.0,216.0,45.0,100.0,1
44.0,31.21,70.0,222.0,42.0,100.0,2
43.0,31.21,9.0,245.99999999999997,20.0,100.0,1
63.0,31.21,12.0,276.0,26.0,100.0,1
47.0,31.21,22.0,234.0,30.0,100.0,1
59.0,31.21,16.0,258.0,43.0,100.0,1
58.0,31.21,25.0,258.0,37.0,100.0,1
14.0,31.21,10.0,288.0,14.0,100.0,1
17.0,31.21,18.0,258.0,15.0,100.0,1
49.0,31.21,10.0,222.0,10.0,100.0,1
80.0,31.21,15.0,245.99999999999997,18.0,100.0,1
80.0,31.21,16.0,240.0,18.0,100.0,1
62.0,31.21,25.0,228.0,41.0,100.0,1
13.0,31.21,18.0,252.0,11.0,100.0,1
30.0,31.21,8.0,204.0,21.0,100.0,1
23.0,31.21,19.0,264.0,18.0,100.0,1
41.0,31.21,32.0,258.0,70.0,100.0,2
36.0,31.21,42.0,264.0,19.0,100.0,2
66.0,31.21,8.0,234.0,13.0,100.0,1
15.0,31.21,16.0,252.0,14.0,100.0,1
13.0,31.21,11.0,282.0,12.0,100.0,1
70.0,31.21,20.0,228.0,25.0,100.0,1
13.0,31.21,11.0,270.0,10.0,100.0,1
17.0,31.21,12.0,245.99999999999997,11.0,100.0,1
56.0,31.21,25.0,258.0,54.0,100.0,2
44.0,31.21,9.0,222.0,17.0,100.0,1
56.0,31.21,46.0,245.99999999999997,47.0,100.0,2
79.0,31.21,10.0,240.0,20.0,100.0,1
76.0,31.21,15.0,186.0,20.0,100.0,1
29.0,31.21,10.0,216.0,33.0,100.0,1
56.0,31.21,27.0,258.0,22.0,100.0,1
37.0,31.21,15.0,252.0,12.0,100.0,1
47.0,31.21,26.0,264.0,24.0,100.0,1
16.0,31.21,14.0,245.99999999999997,14.0,100.0,1
15.0,31.21,13.0,264.0,9.0,100.0,1
30.0,31.21,9.0,264.0,16.0,100.0,1
23.0,31.21,19.0,245.99999999999997,18.0,100.0,1
32.0,31.21,17.0,258.0,15.0,100.0,1
51.0,31.21,18.0,210.0,56.0,100.0,2
55.0,31.21,17.0,258.0,55.0,100.0,2
59.0,31.21,45.0,252.0,42.0,100.0,2
62.0,31.21,34.0,222.0,77.0,100.0,2
61.0,31.21,36.0,204.0,43.0,100.0,1
60.0,31.21,10.0,234.0,23.0,100.0,1
17.0,31.21,14.0,258.0,8.0,100.0,1
28.0,31.21,13.0,258.0,9.0,100.0,1
61.0,31.21,20.0,245.99999999999997,16.0,100.0,1
80.0,31.21,10.0,234.0,19.0,100.0,1
27.0,31.21,98.0,234.0,1192.0,100.0,3
45.0,31.21,25.0,245.99999999999997,66.0,100.0,2
44.0,31.21,37.0,264.0,22.0,100.0,1
15.0,31.21,10.0,276.0,12.0,100.0,1
62.0,31.21,19.0,180.0,42.0,100.0,1
80.0,31.21,34.0,282.0,36.0,100.0,1
59.0,31.21,19.0,245.99999999999997,95.0,100.0,2
20.0,31.21,20.0,258.0,15.0,100.0,1
21.0,31.21,10.0,240.0,26.0,100.0,1
12.0,31.21,19.0,240.0,13.0,100.0,1
25.0,31.21,5.0,234.0,10.0,100.0,1
13.0,31.21,10.0,270.0,17.0,100.0,1
29.0,31.21,13.0,270.0,14.0,100.0,1
25.0,31.21,29.0,228.0,19.0,100.0,1
40.0,31.21,26.0,258.0,25.0,100.0,1
13.0,31.21,17.0,294.0,18.0,100.0,1
76.0,31.21,17.0,245.99999999999997,21.0,100.0,1
18.0,31.21,26.0,294.0,25.0,100.0,1
32.0,31.21,34.0,252.0,26.0,100.0,1
30.0,31.21,20.0,282.0,40.0,100.0,1
17.0,31.21,9.0,264.0,10.0,100.0,1
40.0,31.21,81.0,258.0,90.0,100.0,3
21.0,31.21,16.0,264.0,11.0,100.0,1
60.0,31.21,16.0,252.0,21.0,100.0,1
14.0,31.21,18.0,270.0,25.0,100.0,1
34.0,31.21,64.0,245.99999999999997,40.0,100.0,2
19.0,31.21,56.0,270.0,28.0,100.0,2
80.0,31.21,28.0,252.0,26.0,100.0,1
27.0,31.21,10.0,222.0,5.0,100.0,1
17.0,31.21,50.0,300.0,46.0,100.0,2
30.0,31.21,59.0,245.99999999999997,57.0,100.0,3
60.0,31.21,10.0,228.0,26.0,100.0,1
48.0,31.21,17.0,204.0,7.0,100.0,1
76.0,31.21,11.0,234.0,26.0,100.0,1
47.0,31.21,14.0,216.0,31.0,100.0,1
65.0,31.21,27.0,258.0,21.0,100.0,1
40.0,31.21,19.0,180.0,15.0,100.0,1
52.0,31.21,48.0,258.0,55.0,100.0,3
50.0,31.21,32.0,216.0,40.0,100.0,1
48.0,31.21,11.0,210.0,12.0,100.0,1
17.0,31.21,15.0,270.0,12.0,100.0,1
80.0,31.21,17.0,210.0,48.0,100.0,1
45.0,31.21,51.0,258.0,116.0,100.0,3
29.0,31.21,13.0,245.99999999999997,16.0,100.0,1
71.0,31.21,36.0,245.99999999999997,73.0,100.0,2
53.0,31.21,24.0,264.0,67.0,100.0,2
16.0,31.21,13.0,276.0,8.0,100.0,1
39.0,31.21,48.0,228.0,43.0,100.0,2
28.0,31.21,18.0,258.0,25.0,100.0,1
13.0,31.21,14.0,252.0,24.0,100.0,1
42.0,31.21,24.0,234.0,23.0,100.0,1
48.0,31.21,14.0,234.0,13.0,100.0,1
25.0,31.21,12.0,245.99999999999997,13.0,100.0,1
55.0,31.21,22.0,210.0,37.0,100.0,1
80.0,31.21,11.0,234.0,20.0,100.0,1
16.0,31.21,10.0,252.0,8.0,100.0,1
24.0,31.21,17.0,222.0,14.0,100.0,1
31.0,31.21,12.0,222.0,24.0,100.0,1
69.0,31.21,17.0,234.0,11.0,100.0,1
17.0,31.21,12.0,258.0,26.0,100.0,1
49.0,31.21,18.0,204.0,14.0,100.0,1
32.0,31.21,29.0,240.0,35.0,100.0,1
70.0,31.21,23.0,240.0,12.0,100.0,1
48.0,31.21,13.0,228.0,13.0,100.0,1
66.0,31.21,23.0,252.0,20.0,100.0,1
19.0,31.21,12.0,240.0,13.0,100.0,1
35.0,31.21,13.0,222.0,17.0,100.0,1
18.0,31.21,14.0,245.99999999999997,12.0,100.0,1
76.0,31.21,13.0,216.0,16.0,100.0,1
36.0,31.21,31.0,216.0,28.0,100.0,1
25.0,31.21,18.0,234.0,25.0,100.0,1
22.0,31.21,31.0,270.0,24.0,100.0,1
64.0,31.21,21.0,228.0,10.0,100.0,1
65.0,31.21,6.0,252.0,26.0,100.0,1
74.0,31.21,39.0,234.0,37.0,100.0,1
21.0,31.21,17.0,258.0,15.0,100.0,1
22.0,31.21,12.0,264.0,11.0,100.0,1
15.0,31.21,11.0,245.99999999999997,12.0,100.0,1
17.0,31.21,12.0,264.0,15.0,100.0,1
57.0,31.21,22.0,234.0,24.0,100.0,1
34.0,31.21,22.0,216.0,12.0,100.0,1
80.0,31.21,20.0,234.0,10.0,100.0,1
19.0,31.21,11.0,264.0,10.0,100.0,1
80.0,31.21,10.0,216.0,14.0,100.0,1
49.0,31.21,13.0,240.0,14.0,100.0,1
32.0,31.21,16.0,234.0,25.0,100.0,1
78.0,31.21,15.0,245.99999999999997,16.0,100.0,1
28.0,31.21,29.0,228.0,96.0,100.0,2
12.0,31.21,20.0,282.0,16.0,100.0,1
55.0,31.21,77.0,282.0,39.0,100.0,2
74.0,31.21,14.0,210.0,17.0,100.0,1
42.0,31.21,6.0,228.0,10.0,100.0,1
39.0,31.21,9.0,222.0,57.0,100.0,2
43.0,31.21,23.0,245.99999999999997,17.0,100.0,1
14.0,31.21,14.0,264.0,14.0,100.0,1
20.0,31.21,18.0,282.0,22.0,100.0,1
74.0,31.21,15.0,240.0,45.0,100.0,1
71.0,31.21,25.0,252.0,17.0,100.0,1
13.0,31.21,9.0,240.0,9.0,100.0,1
68.0,31.21,20.0,258.0,19.0,100.0,1
62.0,31.21,18.0,222.0,8.0,100.0,1
52.0,31.21,28.0,240.0,30.0,100.0,1
70.0,31.21,15.0,245.99999999999997,19.0,100.0,1
25.0,31.21,20.0,270.0,17.0,100.0,1
30.0,31.21,23.0,270.0,15.0,100.0,1
43.0,31.21,10.0,240.0,12.0,100.0,1
32.0,31.21,20.0,245.99999999999997,69.0,100.0,2
63.0,31.21,18.0,252.0,17.0,100.0,1
54.0,31.21,22.0,270.0,43.0,100.0,1
78.0,31.21,13.0,234.0,18.0,100.0,1
55.0,31.21,33.0,228.0,29.0,100.0,1
75.0,31.21,10.0,228.0,26.0,100.0,1
80.0,31.21,24.0,228.0,58.0,100.0,2
65.0,31.21,19.0,252.0,10.0,100.0,1
64.0,31.21,19.0,228.0,34.0,100.0,1
59.0,31.21,36.0,234.0,321.0,100.0,2
31.0,31.21,11.0,258.0,9.0,100.0,1
61.0,31.21,24.0,240.0,21.0,100.0,1
39.0,31.21,20.0,228.0,33.0,100.0,1
40.0,31.21,15.0,258.0,23.0,100.0,1
56.0,31.21,24.0,258.0,14.0,100.0,1
17.0,31.21,26.0,264.0,13.0,100.0,1
62.0,31.21,15.0,245.99999999999997,11.0,100.0,1
40.0,31.21,16.0,245.99999999999997,13.0,100.0,1
46.0,31.21,13.0,228.0,13.0,100.0,1
48.0,31.21,7.0,216.0,10.0,100.0,1
42.0,31.21,8.0,228.0,15.0,100.0,1
50.0,31.21,17.0,264.0,63.0,100.0,2
14.0,31.21,9.0,245.99999999999997,15.0,100.0,1
80.0,31.21,19.0,210.0,14.0,100.0,1
24.0,31.21,45.0,270.0,41.0,100.0,2
62.0,31.21,12.0,222.0,21.0,100.0,1
80.0,31.21,9.0,234.0,15.0,100.0,1
76.0,31.21,12.0,252.0,14.0,100.0,1
80.0,31.21,31.0,234.0,25.0,100.0,1
18.0,31.21,21.0,245.99999999999997,16.0,100.0,1
60.0,31.21,37.0,252.0,14.0,100.0,1
33.0,31.21,13.0,252.0,8.0,100.0,1
32.0,31.21,29.0,222.0,51.0,100.0,2
22.0,31.21,21.0,245.99999999999997,26.0,100.0,1
42.0,31.21,21.0,245.99999999999997,20.0,100.0,1
70.0,31.21,8.0,204.0,11.0,100.0,1
64.0,31.21,13.0,252.0,22.0,100.0,1
59.0,31.21,14.0,222.0,18.0,100.0,1
34.0,31.21,14.0,270.0,13.0,100.0,1
51.0,31.21,17.0,234.0,13.0,100.0,1
64.0,31.21,22.0,234.0,13.0,100.0,1
76.0,31.21,11.0,222.0,20.0,100.0,1
32.0,31.21,9.0,258.0,13.0,100.0,1
28.0,31.21,39.0,270.0,13.0,100.0,1
17.0,31.21,10.0,270.0,12.0,100.0,1
38.0,31.21,22.0,258.0,13.0,100.0,1
60.0,31.21,31.0,258.0,24.0,100.0,1
37.0,31.21,11.0,258.0,10.0,100.0,1
14.0,31.21,8.0,252.0,10.0,100.0,1
26.0,31.21,9.0,216.0,15.0,100.0,1
16.0,31.21,27.0,264.0,12.0,100.0,1
25.0,31.21,14.0,270.0,19.0,100.0,1
79.0,31.21,15.0,234.0,12.0,100.0,1
35.0,31.21,18.0,258.0,26.0,100.0,1
16.0,31.21,11.0,270.0,10.0,100.0,1
42.0,31.21,21.0,222.0,67.0,100.0,2
15.0,31.21,8.0,240.0,8.0,100.0,1
34.0,31.21,30.0,264.0,17.0,100.0,1
31.0,31.21,28.0,276.0,33.0,100.0,1
38.0,31.21,22.0,222.0,64.0,100.0,2
12.0,31.21,11.0,264.0,9.0,100.0,1
15.0,31.21,11.0,222.0,13.0,100.0,1
52.0,31.21,19.0,245.99999999999997,63.0,100.0,2
12.0,31.21,12.0,252.0,11.0,100.0,1
46.0,31.21,15.0,245.99999999999997,28.0,100.0,1
50.0,31.21,20.0,245.99999999999997,13.0,100.0,1
30.0,31.21,10.0,276.0,23.0,100.0,1
25.0,31.21,23.0,258.0,23.0,100.0,1
50.0,31.21,40.0,228.0,35.0,100.0,1
29.0,31.21,24.0,240.0,15.0,100.0,1
62.0,31.21,15.0,240.0,14.0,100.0,1
42.0,31.21,12.0,228.0,15.0,100.0,1
34.0,31.21,17.0,228.0,30.0,100.0,1
15.0,31.21,19.0,240.0,15.0,100.0,1
29.0,31.21,8.0,228.0,12.0,100.0,1
21.0,31.21,10.0,240.0,11.0,100.0,1
33.0,31.21,28.0,258.0,141.0,100.0,2
80.0,31.21,11.0,228.0,15.0,100.0,1
46.0,31.21,57.0,264.0,192.0,100.0,3
80.0,31.21,6.0,264.0,23.0,100.0,1
47.0,31.21,19.0,216.0,49.0,100.0,2
74.0,31.21,18.0,234.0,20.0,100.0,1
16.0,31.21,11.0,282.0,14.0,100.0,1
14.0,31.21,13.0,245.99999999999997,83.0,100.0,2
47.0,31.21,18.0,245.99999999999997,13.0,100.0,1
26.0,31.21,19.0,228.0,29.0,100.0,1
53.0,31.21,21.0,276.0,20.0,100.0,1
19.0,31.21,11.0,252.0,16.0,100.0,1
78.0,31.21,10.0,204.0,18.0,100.0,1
69.0,31.21,24.0,258.0,32.0,100.0,1
51.0,31.21,14.0,228.0,14.0,100.0,1
32.0,31.21,22.0,270.0,52.0,100.0,2
44.0,31.21,134.0,264.0,141.0,100.0,3
47.0,31.21,22.0,234.0,15.0,100.0,1
79.0,31.21,16.0,258.0,23.0,100.0,1
80.0,31.21,7.0,258.0,32.0,100.0,1
80.0,31.21,11.0,234.0,30.0,100.0,1
13.0,31.21,9.0,252.0,8.0,100.0,1
12.0,31.21,11.0,240.0,8.0,100.0,1
66.0,31.21,11.0,234.0,24.0,100.0,1
16.0,31.21,10.0,258.0,8.0,100.0,1
63.0,31.21,11.0,222.0,9.0,100.0,1
61.0,31.21,18.0,222.0,45.0,100.0,1
48.0,31.21,83.0,204.0,291.0,100.0,3
32.0,31.21,17.0,264.0,18.0,100.0,1
28.0,31.21,13.0,234.0,25.0,100.0,1
80.0,31.21,15.0,264.0,115.0,100.0,2
63.0,31.21,68.0,252.0,60.0,100.0,3
13.0,31.21,21.0,282.0,8.0,100.0,1
31.0,31.21,18.0,234.0,20.0,100.0,1
25.0,31.21,14.0,258.0,11.0,100.0,1
56.0,31.21,16.0,174.0,110.0,100.0,2
16.0,31.21,27.0,245.99999999999997,17.0,100.0,1
43.0,31.21,7.0,192.0,15.0,100.0,1
25.0,31.21,14.0,234.0,11.0,100.0,1
31.0,31.21,14.0,258.0,12.0,100.0,1
20.0,31.21,10.0,240.0,14.0,100.0,1
16.0,31.21,17.0,245.99999999999997,9.0,100.0,1
52.0,31.21,23.0,258.0,24.0,100.0,1
72.0,31.21,27.0,216.0,26.0,100.0,1
32.0,31.21,30.0,258.0,82.0,100.0,2
29.0,31.21,9.0,258.0,16.0,100.0,1
52.0,31.21,13.0,234.0,16.0,100.0,1
55.0,31.21,16.0,216.0,10.0,100.0,1
36.0,31.21,6.0,240.0,27.0,100.0,1
29.0,31.21,10.0,245.99999999999997,14.0,100.0,1
19.0,31.21,23.0,258.0,18.0,100.0,1
16.0,31.21,10.0,252.0,12.0,100.0,1
22.0,31.21,13.0,240.0,23.0,100.0,1
34.0,31.21,14.0,270.0,12.0,100.0,1
13.0,31.21,12.0,240.0,20.0,100.0,1
50.0,31.21,45.0,258.0,102.0,100.0,3
30.0,31.21,66.0,234.0,120.0,100.0,3
66.0,31.21,6.0,228.0,18.0,100.0,1
54.0,31.21,19.0,186.0,17.0,100.0,1
35.0,31.21,35.0,258.0,44.0,100.0,1
59.0,31.21,29.0,198.0,64.0,100.0,2
77.0,31.21,20.0,228.0,14.0,100.0,1
15.0,31.21,28.0,252.0,24.0,100.0,1
14.0,31.21,21.0,234.0,11.0,100.0,1
50.0,31.21,15.0,245.99999999999997,19.0,100.0,1
20.0,31.21,15.0,210.0,8.0,100.0,1
67.0,31.21,15.0,234.0,12.0,100.0,1
29.0,31.21,19.0,288.0,15.0,100.0,1
74.0,31.21,24.0,258.0,42.0,100.0,1
25.0,31.21,17.0,264.0,30.0,100.0,1
41.0,31.21,12.0,228.0,9.0,100.0,1
64.0,31.21,16.0,264.0,22.0,100.0,1
75.0,31.21,16.0,240.0,12.0,100.0,1
33.0,31.21,15.0,222.0,17.0,100.0,1
28.0,31.21,25.0,245.99999999999997,10.0,100.0,1
55.0,31.21,10.0,228.0,79.0,100.0,2
55.0,31.21,19.0,216.0,19.0,100.0,1
18.0,31.21,21.0,240.0,21.0,100.0,1
55.0,31.21,36.0,276.0,73.0,100.0,2
80.0,31.21,13.0,234.0,13.0,100.0,1
41.0,31.21,18.0,264.0,17.0,100.0,1
19.0,31.21,15.0,276.0,12.0,100.0,1
60.0,31.21,14.0,264.0,24.0,100.0,1
13.0,31.21,11.0,240.0,10.0,100.0,1
48.0,31.21,40.0,234.0,79.0,100.0,2
14.0,31.21,11.0,245.99999999999997,18.0,100.0,1
45.0,31.21,34.0,258.0,8.0,100.0,1
64.0,31.21,14.0,234.0,54.0,100.0,2
25.0,31.21,38.0,264.0,41.0,100.0,1
80.0,31.21,20.0,240.0,14.0,100.0,1
20.0,31.21,11.0,245.99999999999997,18.0,100.0,1
32.0,31.21,14.0,245.99999999999997,14.0,100.0,1
21.0,31.21,25.0,245.99999999999997,33.0,100.0,1
80.0,31.21,11.0,252.0,11.0,100.0,1
48.0,31.21,32.0,228.0,40.0,100.0,1
80.0,31.21,9.0,240.0,12.0,100.0,1
80.0,31.21,14.0,222.0,48.0,100.0,1
75.0,31.21,23.0,216.0,71.0,100.0,2
53.0,31.21,41.0,245.99999999999997,41.0,100.0,2
52.0,31.21,56.0,258.0,60.0,100.0,3
80.0,31.21,31.0,294.0,84.0,100.0,2
16.0,31.21,6.0,264.0,18.0,100.0,1
13.0,31.21,7.0,228.0,19.0,100.0,1
52.0,31.21,16.0,240.0,39.0,100.0,1
58.0,31.21,16.0,258.0,15.0,100.0,1
25.0,31.21,28.0,258.0,37.0,100.0,1
54.0,31.21,18.0,245.99999999999997,12.0,100.0,1
66.0,31.21,32.0,282.0,31.0,100.0,1
45.0,31.21,16.0,240.0,18.0,100.0,1
58.0,31.21,19.0,245.99999999999997,11.0,100.0,1
42.0,31.21,8.0,258.0,12.0,100.0,1
45.0,31.21,13.0,240.0,23.0,100.0,1
13.0,31.21,14.0,264.0,19.0,100.0,1
51.0,31.21,21.0,240.0,43.0,100.0,1
40.0,31.21,9.0,216.0,4.0,100.0,1
72.0,31.21,14.0,270.0,26.0,100.0,1
35.0,31.21,13.0,276.0,16.0,100.0,1
74.0,31.21,16.0,210.0,18.0,100.0,1
34.0,31.21,11.0,264.0,23.0,100.0,1
37.0,31.21,10.0,245.99999999999997,10.0,100.0,1
57.0,31.21,20.0,252.0,68.0,100.0,2
57.0,31.21,29.0,222.0,38.0,100.0,1
79.0,31.21,16.0,264.0,14.0,100.0,1
12.0,31.21,19.0,245.99999999999997,17.0,100.0,1
32.0,31.21,25.0,270.0,19.0,100.0,1
43.0,31.21,8.0,240.0,9.0,100.0,1
64.0,31.21,19.0,258.0,23.0,100.0,1
80.0,31.21,11.0,216.0,12.0,100.0,1
59.0,31.21,29.0,258.0,12.0,100.0,1
76.0,31.21,12.0,258.0,17.0,100.0,1
48.0,31.21,42.0,216.0,216.0,100.0,3
47.0,31.21,34.0,252.0,19.0,100.0,1
48.0,31.21,11.0,180.0,18.0,100.0,1
58.0,31.21,47.0,240.0,36.0,100.0,2
39.0,31.21,11.0,240.0,12.0,100.0,1
58.0,31.21,20.0,240.0,18.0,100.0,1
53.0,31.21,17.0,216.0,16.0,100.0,1
30.0,31.21,12.0,264.0,15.0,100.0,1
31.0,31.21,13.0,240.0,24.0,100.0,1
18.0,31.21,25.0,282.0,19.0,100.0,1
68.0,31.21,35.0,240.0,62.0,100.0,2
59.0,31.21,14.0,222.0,8.0,100.0,1
66.0,31.21,11.0,222.0,101.0,100.0,2
50.0,31.21,33.0,240.0,21.0,100.0,1
55.0,31.21,17.0,222.0,17.0,100.0,1
27.0,31.21,78.0,234.0,44.0,100.0,2
47.0,31.21,25.0,245.99999999999997,25.0,100.0,1
16.0,31.21,12.0,288.0,11.0,100.0,1
16.0,31.21,11.0,252.0,10.0,100.0,1
20.0,31.21,10.0,252.0,23.0,100.0,1
45.0,31.21,11.0,204.0,18.0,100.0,1
80.0,31.21,14.0,228.0,13.0,100.0,1
63.0,31.21,15.0,264.0,34.0,100.0,1
14.0,31.21,11.0,258.0,15.0,100.0,1
16.0,31.21,8.0,288.0,14.0,100.0,1
55.0,31.21,15.0,234.0,6.0,100.0,1
25.0,31.21,24.0,270.0,26.0,100.0,1
56.0,31.21,15.0,258.0,9.0,100.0,1
52.0,31.21,31.0,228.0,24.0,100.0,1
29.0,31.21,11.0,234.0,20.0,100.0,1
20.0,31.21,11.0,245.99999999999997,8.0,100.0,1
16.0,31.21,11.0,258.0,10.0,100.0,1
25.0,31.21,15.0,228.0,9.0,100.0,1
16.0,31.21,10.0,276.0,7.0,100.0,1
62.0,31.21,13.0,258.0,9.0,100.0,1
22.0,31.21,13.0,228.0,14.0,100.0,1
23.0,31.21,62.0,234.0,35.0,100.0,2
42.0,31.21,88.0,240.0,55.0,100.0,3
27.0,31.21,8.0,245.99999999999997,44.0,100.0,1
27.0,31.21,15.0,210.0,12.0,100.0,1
69.0,31.21,30.0,192.0,23.0,100.0,1
58.0,31.21,8.0,228.0,20.0,100.0,1
28.0,31.21,12.0,264.0,25.0,100.0,1
44.0,31.21,32.0,198.0,107.0,100.0,2
62.0,31.21,28.0,245.99999999999997,31.0,100.0,1
37.0,31.21,17.0,234.0,12.0,100.0,1
15.0,31.21,15.0,245.99999999999997,13.0,100.0,1
69.0,31.21,11.0,204.0,39.0,100.0,1
14.0,31.21,8.0,222.0,16.0,100.0,1
42.0,31.21,20.0,258.0,39.0,100.0,1
44.0,31.21,30.0,234.0,46.0,100.0,1
70.0,31.21,19.0,258.0,23.0,100.0,1
63.0,31.21,15.0,234.0,23.0,100.0,1
69.0,31.21,66.0,234.0,52.0,100.0,3
38.0,31.21,25.0,258.0,20.0,100.0,1
61.0,31.21,43.0,276.0,329.0,100.0,3
40.0,31.21,11.0,245.99999999999997,15.0,100.0,1
18.0,31.21,7.0,240.0,15.0,100.0,1
65.0,31.21,50.0,245.99999999999997,47.0,100.0,2
60.0,31.21,17.0,282.0,13.0,100.0,1
14.0,31.21,14.0,252.0,9.0,100.0,1
25.0,31.21,15.0,252.0,8.0,100.0,1
77.0,31.21,11.0,234.0,14.0,100.0,1
41.0,31.21,18.0,245.99999999999997,21.0,100.0,1
59.0,31.21,27.0,216.0,28.0,100.0,1
15.0,31.21,17.0,222.0,13.0,100.0,1
41.0,31.21,25.0,276.0,48.0,100.0,1
54.0,31.21,12.0,252.0,22.0,100.0,1
78.0,31.21,9.0,198.0,21.0,100.0,1
60.0,31.21,20.0,252.0,11.0,100.0,1
62.0,31.21,17.0,240.0,21.0,100.0,1
30.0,31.21,49.0,234.0,28.0,100.0,2
56.0,31.21,17.0,210.0,30.0,100.0,1
39.0,31.21,12.0,264.0,12.0,100.0,1
30.0,31.21,12.0,264.0,11.0,100.0,1
14.0,31.21,11.0,258.0,16.0,100.0,1
21.0,31.21,20.0,288.0,26.0,100.0,1
14.0,31.21,7.0,276.0,13.0,100.0,1
45.0,31.21,55.0,216.0,20.0,100.0,2
80.0,31.21,14.0,240.0,11.0,100.0,1
25.0,31.21,13.0,222.0,19.0,100.0,1
72.0,31.21,13.0,216.0,19.0,100.0,1
17.0,31.21,14.0,240.0,4.0,100.0,1
36.0,31.21,21.0,240.0,19.0,100.0,1
44.0,31.21,10.0,240.0,8.0,100.0,1
35.0,31.21,14.0,264.0,24.0,100.0,1
24.0,31.21,11.0,264.0,15.0,100.0,1
37.0,31.21,11.0,240.0,18.0,100.0,1
34.0,31.21,58.0,222.0,26.0,100.0,2
28.0,31.21,41.0,234.0,64.0,100.0,3
60.0,31.21,20.0,240.0,15.0,100.0,1
48.0,31.21,20.0,258.0,24.0,100.0,1
48.0,31.21,80.0,245.99999999999997,36.0,100.0,2
52.0,31.21,26.0,204.0,19.0,100.0,1
54.0,31.21,15.0,270.0,13.0,100.0,1
69.0,31.21,11.0,245.99999999999997,12.0,100.0,1
13.0,31.21,41.0,270.0,25.0,100.0,2
49.0,31.21,50.0,234.0,650.0,100.0,3
40.0,31.21,18.0,258.0,25.0,100.0,1
38.0,31.21,22.0,258.0,34.0,100.0,1
52.0,31.21,17.0,264.0,23.0,100.0,1
41.0,31.21,22.0,245.99999999999997,53.0,100.0,2
61.0,31.21,38.0,252.0,59.0,100.0,2
12.0,31.21,9.0,245.99999999999997,8.0,100.0,1
50.0,31.21,20.0,228.0,16.0,100.0,1
60.0,31.21,37.0,198.0,64.0,100.0,2
14.0,31.21,15.0,245.99999999999997,12.0,100.0,1
63.0,31.21,24.0,240.0,20.0,100.0,1
70.0,31.21,13.0,245.99999999999997,16.0,100.0,1
14.0,31.21,11.0,270.0,10.0,100.0,1
22.0,31.21,12.0,264.0,16.0,100.0,1
45.0,31.21,14.0,245.99999999999997,10.0,100.0,1
13.0,31.21,21.0,264.0,12.0,100.0,1
52.0,31.21,9.0,204.0,8.0,100.0,1
15.0,31.21,34.0,282.0,18.0,100.0,1
13.0,31.21,13.0,228.0,17.0,100.0,1
54.0,31.21,20.0,240.0,13.0,100.0,1
16.0,31.21,6.0,222.0,7.0,100.0,1
29.0,31.21,10.0,216.0,24.0,100.0,1
54.0,31.21,24.0,240.0,43.0,100.0,1
30.0,31.21,36.0,252.0,46.0,100.0,1
22.0,31.21,32.0,264.0,12.0,100.0,1
53.0,31.21,17.0,234.0,51.0,100.0,2
27.0,31.21,22.0,270.0,21.0,100.0,1
25.0,31.21,19.0,276.0,17.0,100.0,1
30.0,31.21,20.0,252.0,16.0,100.0,1
38.0,31.21,45.0,222.0,161.0,100.0,3
57.0,31.21,29.0,222.0,24.0,100.0,1
80.0,31.21,22.0,240.0,24.0,100.0,1
61.0,31.21,36.0,252.0,20.0,100.0,1
59.0,31.21,24.0,222.0,22.0,100.0,1
80.0,31.21,18.0,234.0,10.0,100.0,1
27.0,31.21,11.0,204.0,12.0,100.0,1
58.0,31.21,12.0,222.0,28.0,100.0,1
63.0,31.21,19.0,240.0,75.0,100.0,2
19.0,31.21,12.0,245.99999999999997,12.0,100.0,1
80.0,31.21,21.0,258.0,18.0,100.0,1
74.0,31.21,17.0,252.0,15.0,100.0,1
14.0,31.21,23.0,264.0,14.0,100.0,1
67.0,31.21,8.0,240.0,15.0,100.0,1
17.0,31.21,21.0,264.0,18.0,100.0,1
60.0,31.21,16.0,240.0,17.0,100.0,1
12.0,31.21,12.0,276.0,10.0,100.0,1
70.0,31.21,30.0,245.99999999999997,90.0,100.0,2
13.0,31.21,11.0,270.0,12.0,100.0,1
37.0,31.21,43.0,234.0,136.0,100.0,3
52.0,31.21,14.0,240.0,14.0,100.0,1
57.0,31.21,23.0,245.99999999999997,18.0,100.0,1
43.0,31.21,19.0,252.0,16.0,100.0,1
25.0,31.21,22.0,270.0,37.0,100.0,1
32.0,31.21,11.0,240.0,17.0,100.0,1
60.0,31.21,26.0,252.0,26.0,100.0,1
28.0,31.21,14.0,228.0,12.0,100.0,1
80.0,31.21,10.0,204.0,18.0,100.0,1
71.0,31.21,29.0,234.0,23.0,100.0,1
34.0,31.21,13.0,222.0,20.0,100.0,1
17.0,31.21,36.0,258.0,20.0,100.0,1
26.0,31.21,14.0,245.99999999999997,16.0,100.0,1
44.0,31.21,23.0,240.0,36.0,100.0,1
40.0,31.21,13.0,234.0,18.0,100.0,1
41.0,31.21,23.0,252.0,63.0,100.0,2
39.0,31.21,13.0,270.0,9.0,100.0,1
14.0,31.21,9.0,245.99999999999997,5.0,100.0,1
37.0,31.21,60.0,252.0,64.0,100.0,3
80.0,31.21,6.0,210.0,16.0,100.0,1
29.0,31.21,12.0,252.0,21.0,100.0,1
12.0,31.21,10.0,234.0,9.0,100.0,1
80.0,31.21,9.0,186.0,14.0,100.0,1
31.0,31.21,15.0,240.0,14.0,100.0,1
29.0,31.21,9.0,216.0,20.0,100.0,1
13.0,31.21,14.0,245.99999999999997,10.0,100.0,1
34.0,31.21,10.0,252.0,15.0,100.0,1
60.0,31.21,14.0,276.0,19.0,100.0,1
70.0,31.21,25.0,234.0,26.0,100.0,1
70.0,31.21,12.0,210.0,13.0,100.0,1
63.0,31.21,8.0,240.0,21.0,100.0,1
42.0,31.21,37.0,282.0,122.0,100.0,2
29.0,31.21,18.0,252.0,12.0,100.0,1
15.0,31.21,49.0,270.0,23.0,100.0,2
60.0,31.21,15.0,216.0,24.0,100.0,1
45.0,31.21,25.0,258.0,30.0,100.0,1
75.0,31.21,22.0,228.0,19.0,100.0,1
12.0,31.21,20.0,258.0,20.0,100.0,1
46.0,31.21,30.0,270.0,22.0,100.0,1
70.0,31.21,36.0,228.0,19.0,100.0,1
14.0,31.21,111.0,270.0,72.0,100.0,3
14.0,31.21,152.0,252.0,48.0,100.0,2
43.0,31.21,35.0,245.99999999999997,48.0,100.0,1
68.0,31.21,35.0,264.0,38.0,100.0,1
36.0,31.21,21.0,276.0,30.0,100.0,1
63.0,31.21,13.0,245.99999999999997,23.0,100.0,1
64.0,31.21,26.0,234.0,46.0,100.0,1
79.0,31.21,60.0,258.0,113.0,100.0,3
21.0,31.21,18.0,252.0,23.0,100.0,1
77.0,31.21,32.0,234.0,21.0,100.0,1
48.0,31.21,18.0,258.0,21.0,100.0,1
16.0,31.21,11.0,270.0,20.0,100.0,1
14.0,31.21,17.0,276.0,11.0,100.0,1
80.0,31.21,14.0,240.0,25.0,100.0,1
36.0,31.21,58.0,222.0,69.0,100.0,3
19.0,31.21,17.0,270.0,9.0,100.0,1
53.0,31.21,62.0,210.0,282.0,100.0,3
27.0,31.21,22.0,228.0,19.0,100.0,1
80.0,31.21,10.0,210.0,9.0,100.0,1
19.0,31.21,23.0,276.0,11.0,100.0,1
74.0,31.21,9.0,240.0,9.0,100.0,1
79.0,31.21,17.0,252.0,10.0,100.0,1
17.0,31.21,7.0,228.0,6.0,100.0,1
37.0,31.21,13.0,258.0,13.0,100.0,1
18.0,31.21,7.0,180.0,5.0,100.0,1
64.0,31.21,14.0,252.0,22.0,100.0,1
61.0,31.21,28.0,252.0,29.0,100.0,1
34.0,31.21,23.0,228.0,27.0,100.0,1
46.0,31.21,13.0,252.0,27.0,100.0,1
46.0,31.21,19.0,270.0,21.0,100.0,1
48.0,31.21,15.0,276.0,21.0,100.0,1
39.0,31.21,24.0,264.0,20.0,100.0,1
63.0,31.21,10.0,240.0,22.0,100.0,1
80.0,31.21,14.0,222.0,101.0,100.0,2
16.0,31.21,12.0,245.99999999999997,11.0,100.0,1
49.0,31.21,17.0,222.0,40.0,100.0,1
61.0,31.21,12.0,252.0,16.0,100.0,1
49.0,31.21,18.0,228.0,11.0,100.0,1
34.0,31.21,7.0,240.0,8.0,100.0,1
14.0,31.21,16.0,252.0,7.0,100.0,1
32.0,31.21,54.0,258.0,91.0,100.0,3
67.0,31.21,18.0,222.0,13.0,100.0,1
49.0,31.21,22.0,276.0,65.0,100.0,2
18.0,31.21,19.0,234.0,30.0,100.0,1
71.0,31.21,12.0,245.99999999999997,28.0,100.0,1
43.0,31.21,24.0,245.99999999999997,29.0,100.0,1
65.0,31.21,26.0,234.0,41.0,100.0,1
13.0,31.21,9.0,264.0,9.0,100.0,1
61.0,31.21,20.0,228.0,32.0,100.0,1
18.0,31.21,52.0,276.0,10.0,100.0,2
80.0,31.21,8.0,228.0,14.0,100.0,1
78.0,31.21,21.0,228.0,25.0,100.0,1
45.0,31.21,16.0,222.0,14.0,100.0,1
37.0,31.21,12.0,186.0,32.0,100.0,1
80.0,31.21,12.0,228.0,11.0,100.0,1
44.0,31.21,12.0,216.0,11.0,100.0,1
20.0,31.21,13.0,245.99999999999997,10.0,100.0,1
21.0,31.21,8.0,264.0,30.0,100.0,1
40.0,31.21,11.0,216.0,16.0,100.0,1
80.0,31.21,11.0,245.99999999999997,13.0,100.0,1
36.0,31.21,21.0,240.0,28.0,100.0,1
75.0,31.21,9.0,234.0,14.0,100.0,1
54.0,31.21,27.0,245.99999999999997,33.0,100.0,1
70.0,31.21,17.0,258.0,13.0,100.0,1
61.0,31.21,26.0,258.0,52.0,100.0,2
33.0,31.21,10.0,245.99999999999997,12.0,100.0,1
40.0,31.21,15.0,276.0,15.0,100.0,1
47.0,31.21,21.0,245.99999999999997,26.0,100.0,1
36.0,31.21,49.0,270.0,42.0,100.0,2
44.0,31.21,44.0,252.0,33.0,100.0,2
50.0,31.21,14.0,216.0,20.0,100.0,1
14.0,31.21,16.0,270.0,14.0,100.0,1
52.0,31.21,21.0,228.0,20.0,100.0,1
31.0,31.21,10.0,198.0,19.0,100.0,1
35.0,31.21,9.0,234.0,21.0,100.0,1
52.0,31.21,13.0,270.0,25.0,100.0,1
65.0,31.21,13.0,222.0,25.0,100.0,1
39.0,31.21,11.0,204.0,18.0,100.0,1
74.0,31.21,13.0,204.0,14.0,100.0,1
28.0,31.21,35.0,252.0,18.0,100.0,1
50.0,31.21,14.0,276.0,16.0,100.0,1
64.0,31.21,73.0,252.0,127.0,100.0,3
62.0,31.21,28.0,156.0,128.0,100.0,2
35.0,31.21,11.0,234.0,17.0,100.0,1
16.0,31.21,51.0,282.0,72.0,100.0,3
74.0,31.21,10.0,252.0,25.0,100.0,1
47.0,31.21,35.0,264.0,55.0,100.0,2
31.0,31.21,14.0,228.0,18.0,100.0,1
62.0,31.21,36.0,258.0,132.0,100.0,2
28.0,31.21,12.0,234.0,15.0,100.0,1
80.0,31.21,10.0,210.0,6.0,100.0,1
46.0,31.21,7.0,252.0,13.0,100.0,1
65.0,31.21,14.0,276.0,12.0,100.0,1
16.0,31.21,9.0,258.0,12.0,100.0,1
15.0,31.21,8.0,258.0,8.0,100.0,1
53.0,31.21,32.0,240.0,28.0,100.0,1
61.0,31.21,16.0,245.99999999999997,18.0,100.0,1
80.0,31.21,20.0,234.0,59.0,100.0,2
64.0,31.21,11.0,210.0,90.0,100.0,2
38.0,31.21,12.0,252.0,85.0,100.0,2
71.0,31.21,12.0,245.99999999999997,12.0,100.0,1
17.0,31.21,11.0,228.0,11.0,100.0,1
56.0,31.21,32.0,252.0,22.0,100.0,1
53.0,31.21,18.0,234.0,18.0,100.0,1
39.0,31.21,32.0,258.0,24.0,100.0,1
69.0,31.21,18.0,222.0,26.0,100.0,1
60.0,31.21,13.0,252.0,13.0,100.0,1
29.0,31.21,44.0,270.0,34.0,100.0,2
31.0,31.21,12.0,252.0,13.0,100.0,1
50.0,31.21,20.0,234.0,40.0,100.0,1
70.0,31.21,19.0,245.99999999999997,15.0,100.0,1
47.0,31.21,24.0,210.0,42.0,100.0,1
58.0,31.21,11.0,240.0,17.0,100.0,1
33.0,31.21,14.0,228.0,19.0,100.0,1
17.0,31.21,9.0,252.0,8.0,100.0,1
44.0,31.21,42.0,300.0,21.0,100.0,2
56.0,31.21,21.0,216.0,29.0,100.0,1
22.0,31.21,12.0,228.0,17.0,100.0,1
23.0,31.21,35.0,252.0,13.0,100.0,1
18.0,31.21,18.0,276.0,12.0,100.0,1
15.0,31.21,11.0,240.0,13.0,100.0,1
15.0,31.21,10.0,252.0,10.0,100.0,1
77.0,31.21,9.0,252.0,19.0,100.0,1
13.0,31.21,15.0,276.0,18.0,100.0,1
71.0,31.21,15.0,240.0,19.0,100.0,1
80.0,31.21,10.0,222.0,19.0,100.0,1
39.0,31.21,13.0,264.0,29.0,100.0,1
49.0,31.21,11.0,216.0,25.0,100.0,1
54.0,31.21,18.0,270.0,20.0,100.0,1
52.0,31.21,23.0,264.0,14.0,100.0,1
18.0,31.21,21.0,210.0,9.0,100.0,1
54.0,31.21,14.0,234.0,16.0,100.0,1
34.0,31.21,17.0,228.0,18.0,100.0,1
65.0,31.21,31.0,270.0,24.0,100.0,1
19.0,31.21,17.0,252.0,9.0,100.0,1
61.0,31.21,14.0,234.0,19.0,100.0,1
60.0,31.21,52.0,234.0,34.0,100.0,2
59.0,31.21,11.0,228.0,14.0,100.0,1
23.0,31.21,10.0,198.0,14.0,100.0,1
19.0,31.21,21.0,276.0,13.0,100.0,1
55.0,31.21,20.0,270.0,16.0,100.0,1
14.0,31.21,13.0,264.0,12.0,100.0,1
16.0,31.21,7.0,245.99999999999997,6.0,100.0,1
57.0,31.21,31.0,264.0,33.0,100.0,1
25.0,31.21,13.0,270.0,14.0,100.0,1
19.0,31.21,420.0,245.99999999999997,26.0,100.0,2
64.0,31.21,16.0,264.0,38.0,100.0,1
58.0,31.21,27.0,252.0,94.0,100.0,2
23.0,31.21,17.0,252.0,18.0,100.0,1
39.0,31.21,13.0,234.0,27.0,100.0,1
39.0,31.21,9.0,270.0,24.0,100.0,1
46.0,31.21,15.0,228.0,18.0,100.0,1
68.0,31.21,11.0,210.0,21.0,100.0,1
57.0,31.21,20.0,252.0,16.0,100.0,1
17.0,31.21,25.0,258.0,23.0,100.0,1
63.0,31.21,19.0,216.0,33.0,100.0,1
28.0,31.21,11.0,240.0,13.0,100.0,1
18.0,31.21,21.0,234.0,24.0,100.0,1
16.0,31.21,19.0,245.99999999999997,13.0,100.0,1
27.0,31.21,16.0,264.0,20.0,100.0,1
61.0,31.21,32.0,245.99999999999997,51.0,100.0,2
37.0,31.21,32.0,252.0,24.0,100.0,1
40.0,31.21,29.0,228.0,17.0,100.0,1
40.0,31.21,16.0,264.0,16.0,100.0,1
55.0,31.21,17.0,228.0,23.0,100.0,1
39.0,31.21,33.0,264.0,17.0,100.0,1
47.0,31.21,26.0,240.0,35.0,100.0,1
34.0,31.21,11.0,210.0,11.0,100.0,1
24.0,31.21,8.0,245.99999999999997,12.0,100.0,1
49.0,31.21,15.0,245.99999999999997,22.0,100.0,1
34.0,31.21,12.0,245.99999999999997,15.0,100.0,1
61.0,31.21,32.0,252.0,46.0,100.0,1
31.0,31.21,63.0,228.0,301.0,100.0,3
59.0,31.21,14.0,222.0,38.0,100.0,1
39.0,31.21,19.0,234.0,28.0,100.0,1
61.0,31.21,20.0,264.0,19.0,100.0,1
80.0,31.21,14.0,210.0,58.0,100.0,2
37.0,31.21,17.0,228.0,12.0,100.0,1
13.0,31.21,13.0,240.0,9.0,100.0,1
66.0,31.21,9.0,210.0,43.0,100.0,1
48.0,31.21,20.0,222.0,34.0,100.0,1
40.0,31.21,18.0,240.0,40.0,100.0,1
12.0,31.21,11.0,252.0,11.0,100.0,1
65.0,31.21,27.0,258.0,45.0,100.0,1
15.0,31.21,9.0,276.0,9.0,100.0,1
19.0,31.21,13.0,240.0,18.0,100.0,1
19.0,31.21,21.0,282.0,22.0,100.0,1
15.0,31.21,54.0,282.0,21.0,100.0,2
13.0,31.21,13.0,258.0,6.0,100.0,1
30.0,31.21,7.0,240.0,23.0,100.0,1
56.0,31.21,18.0,240.0,8.0,100.0,1
19.0,31.21,15.0,252.0,17.0,100.0,1
33.0,31.21,8.0,210.0,8.0,100.0,1
58.0,31.21,21.0,252.0,16.0,100.0,1
60.0,31.21,32.0,240.0,92.0,100.0,2
29.0,31.21,12.0,216.0,12.0,100.0,1
67.0,31.21,15.0,245.99999999999997,16.0,100.0,1
53.0,31.21,31.0,258.0,26.0,100.0,1
44.0,31.21,57.0,258.0,22.0,100.0,2
75.0,31.21,16.0,228.0,24.0,100.0,1
17.0,31.21,12.0,258.0,11.0,100.0,1
75.0,31.21,22.0,264.0,35.0,100.0,1
80.0,31.21,9.0,234.0,18.0,100.0,1
62.0,31.21,17.0,216.0,20.0,100.0,1
66.0,31.21,6.0,252.0,7.0,100.0,1
14.0,31.21,18.0,282.0,17.0,100.0,1
43.0,31.21,35.0,252.0,63.0,100.0,2
78.0,31.21,14.0,240.0,30.0,100.0,1
33.0,31.21,28.0,240.0,26.0,100.0,1
31.0,31.21,14.0,270.0,35.0,100.0,1
63.0,31.21,27.0,245.99999999999997,26.0,100.0,1
80.0,31.21,26.0,245.99999999999997,27.0,100.0,1
14.0,31.21,10.0,270.0,19.0,100.0,1
56.0,31.21,9.0,222.0,11.0,100.0,1
49.0,31.21,14.0,258.0,14.0,100.0,1
60.0,31.21,22.0,240.0,18.0,100.0,1
52.0,31.21,60.0,245.99999999999997,51.0,100.0,3
59.0,31.21,14.0,228.0,34.0,100.0,1
17.0,31.21,56.0,228.0,57.0,100.0,3
43.0,31.21,14.0,192.0,16.0,100.0,1
14.0,31.21,12.0,282.0,13.0,100.0,1
17.0,31.21,11.0,252.0,9.0,100.0,1
63.0,31.21,34.0,240.0,31.0,100.0,1
38.0,31.21,18.0,222.0,17.0,100.0,1
39.0,31.21,20.0,228.0,32.0,100.0,1
80.0,31.21,14.0,240.0,14.0,100.0,1
28.0,31.21,14.0,204.0,14.0,100.0,1
61.0,31.21,17.0,252.0,10.0,100.0,1
76.0,31.21,12.0,228.0,13.0,100.0,1
59.0,31.21,15.0,245.99999999999997,41.0,100.0,1
58.0,31.21,19.0,222.0,24.0,100.0,1
15.0,31.21,9.0,264.0,9.0,100.0,1
30.0,31.21,13.0,198.0,21.0,100.0,1
15.0,31.21,27.0,258.0,19.0,100.0,1
80.0,31.21,10.0,245.99999999999997,15.0,100.0,1
69.0,31.21,21.0,234.0,84.0,100.0,2
44.0,31.21,31.0,245.99999999999997,50.0,100.0,2
80.0,31.21,9.0,240.0,17.0,100.0,1
13.0,31.21,18.0,234.0,28.0,100.0,1
36.0,31.21,11.0,288.0,13.0,100.0,1
28.0,31.21,20.0,252.0,15.0,100.0,1
54.0,31.21,17.0,234.0,13.0,100.0,1
23.0,31.21,8.0,258.0,27.0,100.0,1
15.0,31.21,10.0,252.0,13.0,100.0,1
38.0,31.21,10.0,245.99999999999997,29.0,100.0,1
61.0,31.21,19.0,234.0,37.0,100.0,1
34.0,31.21,11.0,240.0,16.0,100.0,1
52.0,31.21,35.0,276.0,253.0,100.0,2
27.0,31.21,15.0,252.0,43.0,100.0,1
17.0,31.21,18.0,270.0,16.0,100.0,1
16.0,31.21,10.0,222.0,10.0,100.0,1
13.0,31.21,13.0,312.0,9.0,100.0,1
67.0,31.21,18.0,240.0,19.0,100.0,1
56.0,31.21,12.0,210.0,46.0,100.0,1
68.0,31.21,15.0,240.0,30.0,100.0,1
39.0,31.21,18.0,245.99999999999997,26.0,100.0,1
78.0,31.21,13.0,252.0,16.0,100.0,1
63.0,31.21,23.0,234.0,23.0,100.0,1
40.0,31.21,15.0,258.0,19.0,100.0,1
51.0,31.21,27.0,282.0,21.0,100.0,1
70.0,31.21,14.0,245.99999999999997,21.0,100.0,1
69.0,31.21,18.0,276.0,24.0,100.0,1
40.0,31.21,10.0,234.0,8.0,100.0,1
59.0,31.21,21.0,234.0,30.0,100.0,1
26.0,31.21,16.0,252.0,12.0,100.0,1
67.0,31.21,14.0,240.0,13.0,100.0,1
55.0,31.21,27.0,234.0,21.0,100.0,1
55.0,31.21,37.0,245.99999999999997,41.0,100.0,1
61.0,31.21,25.0,228.0,26.0,100.0,1
32.0,31.21,81.0,276.0,68.0,100.0,3
18.0,31.21,36.0,270.0,42.0,100.0,1
16.0,31.21,15.0,276.0,27.0,100.0,1
80.0,31.21,11.0,228.0,11.0,100.0,1
25.0,31.21,43.0,210.0,46.0,100.0,2
73.0,31.21,20.0,245.99999999999997,31.0,100.0,1
62.0,31.21,14.0,216.0,11.0,100.0,1
16.0,31.21,19.0,234.0,21.0,100.0,1
72.0,31.21,21.0,216.0,65.0,100.0,2
29.0,31.21,8.0,234.0,4.0,100.0,1
49.0,31.21,12.0,240.0,16.0,100.0,1
77.0,31.21,13.0,216.0,9.0,100.0,1
40.0,31.21,13.0,252.0,9.0,100.0,1
12.0,31.21,17.0,252.0,9.0,100.0,1
55.0,31.21,17.0,228.0,23.0,100.0,1
13.0,31.21,11.0,288.0,11.0,100.0,1
80.0,31.21,15.0,245.99999999999997,31.0,100.0,1
17.0,31.21,20.0,240.0,15.0,100.0,1
13.0,31.21,9.0,258.0,8.0,100.0,1
80.0,31.21,33.0,210.0,16.0,100.0,1
24.0,31.21,13.0,252.0,14.0,100.0,1
80.0,31.21,18.0,228.0,23.0,100.0,1
52.0,31.21,23.0,240.0,27.0,100.0,1
69.0,31.21,17.0,222.0,16.0,100.0,1
28.0,31.21,11.0,264.0,25.0,100.0,1
36.0,31.21,25.0,210.0,8.0,100.0,1
17.0,31.21,41.0,270.0,15.0,100.0,2
54.0,31.21,14.0,210.0,24.0,100.0,1
28.0,31.21,18.0,234.0,16.0,100.0,1
66.0,31.21,26.0,234.0,21.0,100.0,1
71.0,31.21,50.0,240.0,63.0,100.0,3
59.0,31.21,13.0,240.0,35.0,100.0,1
20.0,31.21,19.0,245.99999999999997,12.0,100.0,1
18.0,31.21,11.0,240.0,12.0,100.0,1
67.0,31.21,7.0,228.0,14.0,100.0,1
34.0,31.21,9.0,234.0,18.0,100.0,1
18.0,31.21,11.0,258.0,7.0,100.0,1
71.0,31.21,38.0,264.0,326.0,100.0,2
69.0,31.21,11.0,228.0,13.0,100.0,1
80.0,31.21,13.0,216.0,18.0,100.0,1
70.0,31.21,17.0,258.0,9.0,100.0,1
37.0,31.21,21.0,216.0,79.0,100.0,2
62.0,31.21,20.0,252.0,23.0,100.0,1
32.0,31.21,12.0,234.0,16.0,100.0,1
26.0,31.21,49.0,258.0,43.0,100.0,2
36.0,31.21,10.0,240.0,26.0,100.0,1
13.0,31.21,19.0,270.0,10.0,100.0,1
56.0,31.21,13.0,228.0,30.0,100.0,1
44.0,31.21,9.0,264.0,10.0,100.0,1
58.0,31.21,26.0,228.0,26.0,100.0,1
47.0,31.21,9.0,228.0,12.0,100.0,1
50.0,31.21,28.0,234.0,32.0,100.0,1
22.0,31.21,15.0,282.0,11.0,100.0,1
80.0,31.21,18.0,252.0,15.0,100.0,1
80.0,31.21,11.0,234.0,41.0,100.0,1
64.0,31.21,11.0,210.0,18.0,100.0,1
53.0,31.21,13.0,245.99999999999997,22.0,100.0,1
77.0,31.21,10.0,228.0,11.0,100.0,1
13.0,31.21,13.0,270.0,19.0,100.0,1
80.0,31.21,8.0,234.0,10.0,100.0,1
70.0,31.21,32.0,240.0,62.0,100.0,2
45.0,31.21,36.0,245.99999999999997,79.0,100.0,2
66.0,31.21,11.0,210.0,27.0,100.0,1
21.0,31.21,29.0,234.0,20.0,100.0,1
13.0,31.21,26.0,240.0,18.0,100.0,1
29.0,31.21,7.0,264.0,10.0,100.0,1
35.0,31.21,17.0,240.0,25.0,100.0,1
63.0,31.21,18.0,252.0,26.0,100.0,1
79.0,31.21,18.0,204.0,147.0,100.0,2
73.0,31.21,36.0,258.0,54.0,100.0,2
37.0,31.21,19.0,180.0,9.0,100.0,1
26.0,31.21,18.0,216.0,10.0,100.0,1
33.0,31.21,14.0,245.99999999999997,15.0,100.0,1
68.0,31.21,49.0,234.0,34.0,100.0,2
72.0,31.21,10.0,234.0,40.0,100.0,1
50.0,31.21,13.0,204.0,20.0,100.0,1
45.0,31.21,20.0,210.0,59.0,100.0,2
54.0,31.21,20.0,245.99999999999997,21.0,100.0,1
16.0,31.21,4.0,282.0,8.0,100.0,1
19.0,31.21,69.0,276.0,27.0,100.0,2
79.0,31.21,9.0,240.0,19.0,100.0,1
26.0,31.21,8.0,245.99999999999997,10.0,100.0,1
61.0,31.21,14.0,240.0,38.0,100.0,1
42.0,31.21,38.0,276.0,41.0,100.0,1
38.0,31.21,19.0,228.0,12.0,100.0,1
12.0,31.21,14.0,258.0,13.0,100.0,1
40.0,31.21,29.0,258.0,32.0,100.0,1
65.0,31.21,12.0,245.99999999999997,13.0,100.0,1
20.0,31.21,9.0,270.0,10.0,100.0,1
67.0,31.21,22.0,264.0,18.0,100.0,1
26.0,31.21,10.0,245.99999999999997,11.0,100.0,1
13.0,31.21,14.0,234.0,15.0,100.0,1
13.0,31.21,37.0,276.0,21.0,100.0,1
24.0,31.21,18.0,258.0,11.0,100.0,1
80.0,31.21,20.0,240.0,57.0,100.0,2
40.0,31.21,34.0,252.0,161.0,100.0,2
78.0,31.21,17.0,252.0,12.0,100.0,1
18.0,31.21,10.0,264.0,16.0,100.0,1
51.0,31.21,32.0,264.0,42.0,100.0,1
63.0,31.21,18.0,234.0,28.0,100.0,1
56.0,31.21,15.0,240.0,16.0,100.0,1
12.0,31.21,17.0,264.0,10.0,100.0,1
29.0,31.21,9.0,204.0,12.0,100.0,1
70.0,31.21,2.0,192.0,15.0,100.0,1
79.0,31.21,7.0,264.0,16.0,100.0,1
64.0,31.21,16.0,234.0,62.0,100.0,2
20.0,31.21,10.0,252.0,9.0,100.0,1
68.0,31.21,27.0,222.0,46.0,100.0,1
71.0,31.21,13.0,245.99999999999997,16.0,100.0,1
41.0,31.21,11.0,222.0,10.0,100.0,1
50.0,31.21,9.0,222.0,24.0,100.0,1
18.0,31.21,13.0,282.0,11.0,100.0,1
50.0,31.21,25.0,234.0,45.0,100.0,1
41.0,31.21,18.0,276.0,34.0,100.0,1
29.0,31.21,16.0,228.0,25.0,100.0,1
62.0,31.21,28.0,234.0,230.0,100.0,2
26.0,31.21,34.0,264.0,49.0,100.0,2
42.0,31.21,11.0,252.0,11.0,100.0,1
66.0,31.21,14.0,240.0,17.0,100.0,1
61.0,31.21,16.0,228.0,25.0,100.0,1
46.0,31.21,16.0,258.0,19.0,100.0,1
80.0,31.21,6.0,216.0,17.0,100.0,1
33.0,31.21,11.0,245.99999999999997,9.0,100.0,1
47.0,31.21,41.0,240.0,54.0,100.0,3
65.0,31.21,11.0,228.0,21.0,100.0,1
67.0,31.21,53.0,258.0,25.0,100.0,2
33.0,31.21,12.0,264.0,10.0,100.0,1
14.0,31.21,15.0,258.0,9.0,100.0,1
13.0,31.21,11.0,258.0,9.0,100.0,1
80.0,31.21,11.0,222.0,44.0,100.0,1
80.0,31.21,15.0,192.0,17.0,100.0,1
14.0,31.21,17.0,276.0,22.0,100.0,1
27.0,31.21,30.0,270.0,35.0,100.0,1
61.0,31.21,36.0,234.0,31.0,100.0,1
80.0,31.21,13.0,228.0,29.0,100.0,1
55.0,31.21,9.0,210.0,38.0,100.0,1
59.0,31.21,22.0,240.0,30.0,100.0,1
68.0,31.21,10.0,234.0,17.0,100.0,1
14.0,31.21,27.0,258.0,18.0,100.0,1
73.0,31.21,30.0,222.0,25.0,100.0,1
30.0,31.21,15.0,228.0,14.0,100.0,1
26.0,31.21,8.0,258.0,11.0,100.0,1
57.0,31.21,31.0,245.99999999999997,81.0,100.0,2
80.0,31.21,24.0,240.0,22.0,100.0,1
64.0,31.21,9.0,234.0,26.0,100.0,1
24.0,31.21,13.0,245.99999999999997,26.0,100.0,1
76.0,31.21,26.0,240.0,12.0,100.0,1
31.0,31.21,25.0,270.0,27.0,100.0,1
51.0,31.21,8.0,222.0,13.0,100.0,1
63.0,31.21,21.0,252.0,17.0,100.0,1
60.0,31.21,17.0,210.0,22.0,100.0,1
15.0,31.21,18.0,252.0,11.0,100.0,1
29.0,31.21,9.0,240.0,10.0,100.0,1
68.0,31.21,17.0,245.99999999999997,37.0,100.0,1
16.0,31.21,14.0,252.0,15.0,100.0,1
72.0,31.21,21.0,245.99999999999997,15.0,100.0,1
58.0,31.21,24.0,228.0,29.0,100.0,1
22.0,31.21,7.0,222.0,12.0,100.0,1
41.0,31.21,23.0,258.0,42.0,100.0,1
51.0,31.21,17.0,282.0,24.0,100.0,1
39.0,31.21,13.0,240.0,11.0,100.0,1
44.0,31.21,13.0,245.99999999999997,6.0,100.0,1
25.0,31.21,21.0,245.99999999999997,12.0,100.0,1
68.0,31.21,14.0,234.0,35.0,100.0,1
51.0,31.21,17.0,264.0,14.0,100.0,1
18.0,31.21,15.0,258.0,12.0,100.0,1
71.0,31.21,44.0,252.0,64.0,100.0,3
66.0,31.21,34.0,240.0,152.0,100.0,2
60.0,31.21,10.0,258.0,11.0,100.0,1
28.0,31.21,12.0,240.0,9.0,100.0,1
40.0,31.21,25.0,252.0,17.0,100.0,1
25.0,31.21,16.0,192.0,13.0,100.0,1
25.0,31.21,13.0,258.0,11.0,100.0,1
79.0,31.21,22.0,228.0,44.0,100.0,1
23.0,31.21,14.0,282.0,10.0,100.0,1
64.0,31.21,17.0,204.0,12.0,100.0,1
26.0,31.21,24.0,270.0,16.0,100.0,1
80.0,31.21,15.0,258.0,14.0,100.0,1
47.0,31.21,20.0,245.99999999999997,42.0,100.0,1
65.0,31.21,42.0,234.0,169.0,100.0,3
54.0,31.21,15.0,204.0,72.0,100.0,2
16.0,31.21,20.0,264.0,56.0,100.0,2
80.0,31.21,14.0,228.0,22.0,100.0,1
16.0,31.21,14.0,270.0,10.0,100.0,1
69.0,31.21,39.0,240.0,81.0,100.0,2
61.0,31.21,22.0,234.0,35.0,100.0,1
80.0,31.21,13.0,270.0,26.0,100.0,1
69.0,31.21,14.0,240.0,9.0,100.0,1
30.0,31.21,28.0,270.0,35.0,100.0,1
47.0,31.21,30.0,245.99999999999997,20.0,100.0,1
75.0,31.21,23.0,258.0,65.0,100.0,2
34.0,31.21,20.0,276.0,13.0,100.0,1
44.0,31.21,11.0,234.0,10.0,100.0,1
48.0,31.21,30.0,222.0,19.0,100.0,1
17.0,31.21,10.0,282.0,11.0,100.0,1
41.0,31.21,19.0,258.0,36.0,100.0,1
77.0,31.21,42.0,245.99999999999997,119.0,100.0,3
38.0,31.21,13.0,258.0,11.0,100.0,1
50.0,31.21,12.0,210.0,22.0,100.0,1
74.0,31.21,14.0,245.99999999999997,11.0,100.0,1
13.0,31.21,14.0,234.0,11.0,100.0,1
46.0,31.21,40.0,222.0,22.0,100.0,1
64.0,31.21,5.0,186.0,22.0,100.0,1
64.0,31.21,31.0,240.0,71.0,100.0,2
18.0,31.21,17.0,288.0,11.0,100.0,1
17.0,31.21,13.0,270.0,12.0,100.0,1
12.0,31.21,19.0,264.0,18.0,100.0,1
32.0,31.21,68.0,222.0,47.0,100.0,2
23.0,31.21,7.0,240.0,17.0,100.0,1
55.0,31.21,17.0,222.0,14.0,100.0,1
60.0,31.21,20.0,270.0,10.0,100.0,1
45.0,31.21,23.0,264.0,29.0,100.0,1
48.0,31.21,16.0,222.0,16.0,100.0,1
16.0,31.21,9.0,252.0,9.0,100.0,1
80.0,31.21,11.0,216.0,20.0,100.0,1
29.0,31.21,15.0,282.0,13.0,100.0,1
42.0,31.21,11.0,264.0,18.0,100.0,1
22.0,31.21,44.0,252.0,45.0,100.0,2
18.0,31.21,12.0,240.0,13.0,100.0,1
51.0,31.21,27.0,264.0,28.0,100.0,1
67.0,31.21,41.0,216.0,54.0,100.0,3
67.0,31.21,44.0,245.99999999999997,10.0,100.0,2
31.0,31.21,8.0,252.0,9.0,100.0,1
67.0,31.21,81.0,222.0,386.0,100.0,3
17.0,31.21,14.0,264.0,15.0,100.0,1
28.0,31.21,51.0,270.0,26.0,100.0,2
22.0,31.21,8.0,234.0,10.0,100.0,1
13.0,31.21,12.0,312.0,14.0,100.0,1
39.0,31.21,10.0,228.0,17.0,100.0,1
15.0,31.21,10.0,276.0,15.0,100.0,1
15.0,31.21,12.0,222.0,17.0,100.0,1
66.0,31.21,17.0,240.0,25.0,100.0,1
35.0,31.21,11.0,204.0,15.0,100.0,1
65.0,31.21,17.0,252.0,19.0,100.0,1
32.0,31.21,16.0,216.0,78.0,100.0,2
77.0,31.21,16.0,204.0,30.0,100.0,1
45.0,31.21,22.0,300.0,24.0,100.0,1
67.0,31.21,19.0,240.0,16.0,100.0,1
15.0,31.21,27.0,240.0,12.0,100.0,1
66.0,31.21,26.0,252.0,35.0,100.0,1
31.0,31.21,9.0,234.0,17.0,100.0,1
49.0,31.21,51.0,240.0,50.0,100.0,3
45.0,31.21,9.0,258.0,13.0,100.0,1
45.0,31.21,22.0,258.0,17.0,100.0,1
80.0,31.21,10.0,192.0,21.0,100.0,1
80.0,31.21,37.0,210.0,81.0,100.0,2
60.0,31.21,16.0,216.0,15.0,100.0,1
50.0,31.21,138.0,222.0,338.0,100.0,3
29.0,31.21,23.0,234.0,19.0,100.0,1
80.0,31.21,19.0,234.0,38.0,100.0,1
24.0,31.21,9.0,240.0,8.0,100.0,1
26.0,31.21,13.0,234.0,28.0,100.0,1
13.0,31.21,9.0,258.0,8.0,100.0,1
34.0,31.21,16.0,240.0,16.0,100.0,1
17.0,31.21,19.0,228.0,30.0,100.0,1
48.0,31.21,9.0,222.0,16.0,100.0,1
80.0,31.21,12.0,234.0,22.0,100.0,1
57.0,31.21,22.0,222.0,28.0,100.0,1
48.0,31.21,21.0,245.99999999999997,21.0,100.0,1
80.0,31.21,14.0,252.0,23.0,100.0,1
16.0,31.21,24.0,282.0,12.0,100.0,1
80.0,31.21,12.0,216.0,15.0,100.0,1
80.0,31.21,28.0,222.0,93.0,100.0,2
46.0,31.21,20.0,245.99999999999997,23.0,100.0,1
43.0,31.21,11.0,210.0,14.0,100.0,1
14.0,31.21,11.0,240.0,12.0,100.0,1
31.0,31.21,14.0,228.0,8.0,100.0,1
26.0,31.21,8.0,234.0,11.0,100.0,1
60.0,31.21,14.0,258.0,37.0,100.0,1
49.0,31.21,22.0,216.0,37.0,100.0,1
19.0,31.21,9.0,228.0,19.0,100.0,1
43.0,31.21,4.0,216.0,11.0,100.0,1
22.0,31.21,17.0,228.0,33.0,100.0,1
64.0,31.21,35.0,252.0,84.0,100.0,2
40.0,31.21,13.0,264.0,18.0,100.0,1
16.0,31.21,19.0,245.99999999999997,7.0,100.0,1
44.0,31.21,8.0,240.0,17.0,100.0,1
35.0,31.21,57.0,270.0,53.0,100.0,3
14.0,31.21,12.0,258.0,17.0,100.0,1
58.0,31.21,38.0,294.0,47.0,100.0,1
46.0,31.21,19.0,228.0,20.0,100.0,1
74.0,31.21,13.0,234.0,19.0,100.0,1
18.0,31.21,13.0,264.0,8.0,100.0,1
55.0,31.21,41.0,222.0,21.0,100.0,2
16.0,31.21,11.0,240.0,19.0,100.0,1
69.0,31.21,12.0,252.0,18.0,100.0,1
74.0,31.21,18.0,234.0,18.0,100.0,1
36.0,31.21,15.0,210.0,49.0,100.0,2
51.0,31.21,11.0,222.0,13.0,100.0,1
41.0,31.21,14.0,222.0,11.0,100.0,1
54.0,31.21,37.0,240.0,75.0,100.0,2
63.0,31.21,18.0,240.0,18.0,100.0,1
80.0,31.21,32.0,270.0,15.0,100.0,1
27.0,31.21,6.0,222.0,37.0,100.0,1
56.0,31.21,11.0,210.0,18.0,100.0,1
47.0,31.21,16.0,245.99999999999997,9.0,100.0,1
50.0,31.21,38.0,252.0,154.0,100.0,2
49.0,31.21,22.0,252.0,19.0,100.0,1
62.0,31.21,19.0,245.99999999999997,38.0,100.0,1
32.0,31.21,24.0,222.0,8.0,100.0,1
61.0,31.21,12.0,240.0,27.0,100.0,1
77.0,31.21,64.0,245.99999999999997,44.0,100.0,2
36.0,31.21,16.0,234.0,10.0,100.0,1
31.0,31.21,16.0,210.0,22.0,100.0,1
71.0,31.21,19.0,252.0,17.0,100.0,1
67.0,31.21,16.0,252.0,20.0,100.0,1
76.0,31.21,23.0,264.0,42.0,100.0,1
31.0,31.21,16.0,270.0,10.0,100.0,1
24.0,31.21,23.0,245.99999999999997,40.0,100.0,1
80.0,31.21,23.0,264.0,35.0,100.0,1
53.0,31.21,16.0,252.0,18.0,100.0,1
25.0,31.21,16.0,198.0,13.0,100.0,1
80.0,31.21,16.0,228.0,32.0,100.0,1
40.0,31.21,13.0,234.0,21.0,100.0,1
64.0,31.21,24.0,234.0,25.0,100.0,1
59.0,31.21,15.0,234.0,18.0,100.0,1
32.0,31.21,23.0,245.99999999999997,20.0,100.0,1
80.0,31.21,13.0,234.0,19.0,100.0,1
45.0,31.21,15.0,264.0,15.0,100.0,1
40.0,31.21,37.0,264.0,47.0,100.0,1
38.0,31.21,89.0,288.0,112.0,100.0,3
61.0,31.21,33.0,270.0,51.0,100.0,2
12.0,31.21,11.0,282.0,10.0,100.0,1
20.0,31.21,8.0,240.0,15.0,100.0,1
22.0,31.21,19.0,240.0,14.0,100.0,1
75.0,31.21,14.0,245.99999999999997,16.0,100.0,1
61.0,31.21,7.0,204.0,17.0,100.0,1
71.0,31.21,18.0,252.0,9.0,100.0,1
18.0,31.21,9.0,258.0,10.0,100.0,1
57.0,31.21,73.0,245.99999999999997,15.0,100.0,2
15.0,31.21,11.0,252.0,9.0,100.0,1
71.0,31.21,18.0,234.0,21.0,100.0,1
39.0,31.21,37.0,294.0,14.0,100.0,1
78.0,31.21,7.0,204.0,12.0,100.0,1
63.0,31.21,19.0,252.0,22.0,100.0,1
70.0,31.21,18.0,240.0,13.0,100.0,1
71.0,31.21,20.0,234.0,17.0,100.0,1
57.0,31.21,17.0,270.0,21.0,100.0,1
18.0,31.21,7.0,258.0,7.0,100.0,1
76.0,31.21,30.0,264.0,21.0,100.0,1
16.0,31.21,11.0,264.0,15.0,100.0,1
79.0,31.21,10.0,216.0,15.0,100.0,1
17.0,31.21,25.0,264.0,37.0,100.0,1
24.0,31.21,28.0,258.0,18.0,100.0,1
28.0,31.21,13.0,228.0,17.0,100.0,1
69.0,31.21,18.0,234.0,100.0,100.0,2
40.0,31.21,30.0,258.0,32.0,100.0,1
22.0,31.21,35.0,270.0,13.0,100.0,1
80.0,31.21,19.0,222.0,23.0,100.0,1
54.0,31.21,11.0,222.0,34.0,100.0,1
42.0,31.21,19.0,228.0,10.0,100.0,1
65.0,31.21,34.0,240.0,32.0,100.0,1
16.0,31.21,11.0,276.0,27.0,100.0,1
33.0,31.21,22.0,270.0,23.0,100.0,1
50.0,31.21,30.0,252.0,23.0,100.0,1
56.0,31.21,26.0,270.0,186.0,100.0,2
66.0,31.21,15.0,240.0,29.0,100.0,1
47.0,31.21,38.0,276.0,41.0,100.0,1
15.0,31.21,66.0,258.0,32.0,100.0,2
40.0,31.21,14.0,222.0,113.0,100.0,2
70.0,31.21,26.0,270.0,59.0,100.0,2
50.0,31.21,9.0,234.0,34.0,100.0,1
63.0,31.21,11.0,228.0,11.0,100.0,1
35.0,31.21,14.0,228.0,13.0,100.0,1
18.0,31.21,10.0,276.0,10.0,100.0,1
27.0,31.21,27.0,270.0,27.0,100.0,1
79.0,31.21,35.0,234.0,15.0,100.0,1
68.0,31.21,27.0,222.0,12.0,100.0,1
42.0,31.21,17.0,264.0,18.0,100.0,1
57.0,31.21,16.0,216.0,18.0,100.0,1
35.0,31.21,17.0,240.0,22.0,100.0,1
58.0,31.21,20.0,245.99999999999997,13.0,100.0,1
61.0,31.21,42.0,228.0,34.0,100.0,2
17.0,31.21,19.0,264.0,11.0,100.0,1
63.0,31.21,22.0,252.0,19.0,100.0,1
39.0,31.21,18.0,234.0,19.0,100.0,1
45.0,31.21,26.0,270.0,20.0,100.0,1
58.0,31.21,20.0,210.0,26.0,100.0,1
43.0,31.21,27.0,234.0,23.0,100.0,1
43.0,31.21,17.0,228.0,10.0,100.0,1
62.0,31.21,22.0,288.0,25.0,100.0,1
43.0,31.21,46.0,240.0,46.0,100.0,2
64.0,31.21,16.0,234.0,27.0,100.0,1
33.0,31.21,18.0,252.0,37.0,100.0,1
50.0,31.21,35.0,240.0,189.0,100.0,2
68.0,31.21,18.0,252.0,12.0,100.0,1
57.0,31.21,28.0,240.0,56.0,100.0,2
19.0,31.21,10.0,222.0,11.0,100.0,1
57.0,31.21,13.0,240.0,16.0,100.0,1
73.0,31.21,7.0,222.0,20.0,100.0,1
55.0,31.21,13.0,222.0,10.0,100.0,1
77.0,31.21,25.0,228.0,13.0,100.0,1
67.0,31.21,6.0,192.0,9.0,100.0,1
60.0,31.21,18.0,258.0,25.0,100.0,1
67.0,31.21,9.0,204.0,8.0,100.0,1
64.0,31.21,8.0,192.0,27.0,100.0,1
12.0,31.21,21.0,234.0,13.0,100.0,1
14.0,31.21,13.0,252.0,13.0,100.0,1
37.0,31.21,33.0,270.0,37.0,100.0,1
13.0,31.21,18.0,288.0,9.0,100.0,1
62.0,31.21,23.0,204.0,34.0,100.0,1
22.0,31.21,35.0,288.0,33.0,100.0,1
80.0,31.21,10.0,234.0,26.0,100.0,1
58.0,31.21,24.0,222.0,32.0,100.0,1
62.0,31.21,31.0,258.0,14.0,100.0,1
60.0,31.21,14.0,252.0,26.0,100.0,1
48.0,31.21,33.0,270.0,25.0,100.0,1
53.0,31.21,37.0,240.0,22.0,100.0,1
23.0,31.21,25.0,282.0,48.0,100.0,1
74.0,31.21,22.0,228.0,51.0,100.0,2
67.0,31.21,17.0,234.0,19.0,100.0,1
34.0,31.21,13.0,240.0,9.0,100.0,1
22.0,31.21,13.0,276.0,17.0,100.0,1
69.0,31.21,10.0,168.0,14.0,100.0,1
17.0,31.21,17.0,228.0,22.0,100.0,1
34.0,31.21,10.0,222.0,13.0,100.0,1
18.0,31.21,30.0,252.0,41.0,100.0,1
51.0,31.21,21.0,216.0,33.0,100.0,1
63.0,31.21,33.0,234.0,37.0,100.0,1
67.0,31.21,40.0,216.0,130.0,100.0,2
60.0,31.21,20.0,240.0,28.0,100.0,1
63.0,31.21,13.0,234.0,23.0,100.0,1
65.0,31.21,17.0,240.0,25.0,100.0,1
27.0,31.21,16.0,264.0,20.0,100.0,1
62.0,31.21,17.0,234.0,13.0,100.0,1
34.0,31.21,38.0,240.0,31.0,100.0,1
47.0,31.21,12.0,228.0,17.0,100.0,1
29.0,31.21,19.0,210.0,20.0,100.0,1
28.0,31.21,13.0,245.99999999999997,24.0,100.0,1
54.0,31.21,16.0,270.0,13.0,100.0,1
18.0,31.21,11.0,252.0,15.0,100.0,1
44.0,31.21,17.0,228.0,18.0,100.0,1
36.0,31.21,22.0,300.0,41.0,100.0,1
50.0,31.21,24.0,222.0,58.0,100.0,2
52.0,31.21,10.0,216.0,23.0,100.0,1
80.0,31.21,16.0,234.0,14.0,100.0,1
19.0,31.21,13.0,245.99999999999997,11.0,100.0,1
42.0,31.21,50.0,258.0,113.0,100.0,3
71.0,31.21,14.0,276.0,26.0,100.0,1
61.0,31.21,69.0,264.0,398.0,100.0,3
36.0,31.21,24.0,258.0,28.0,100.0,1
28.0,31.21,13.0,276.0,29.0,100.0,1
54.0,31.21,33.0,234.0,21.0,100.0,1
44.0,31.21,24.0,245.99999999999997,28.0,100.0,1
29.0,31.21,13.0,258.0,27.0,100.0,1
28.0,31.21,12.0,258.0,12.0,100.0,1
40.0,31.21,17.0,245.99999999999997,18.0,100.0,1
51.0,31.21,43.0,258.0,136.0,100.0,3
66.0,31.21,16.0,222.0,60.0,100.0,2
44.0,31.21,11.0,264.0,20.0,100.0,1
17.0,31.21,2.0,264.0,10.0,100.0,1
80.0,31.21,17.0,252.0,11.0,100.0,1
48.0,31.21,49.0,252.0,22.0,100.0,2
64.0,31.21,20.0,222.0,18.0,100.0,1
79.0,31.21,21.0,245.99999999999997,21.0,100.0,1
60.0,31.21,24.0,276.0,41.0,100.0,1
68.0,31.21,15.0,204.0,27.0,100.0,1
59.0,31.21,24.0,252.0,26.0,100.0,1
62.0,31.21,28.0,234.0,47.0,100.0,1
26.0,31.21,16.0,252.0,12.0,100.0,1
23.0,31.21,15.0,252.0,9.0,100.0,1
62.0,31.21,35.0,240.0,17.0,100.0,1
35.0,31.21,28.0,234.0,22.0,100.0,1
54.0,31.21,14.0,258.0,98.0,100.0,2
80.0,31.21,9.0,245.99999999999997,7.0,100.0,1
63.0,31.21,17.0,228.0,23.0,100.0,1
19.0,31.21,6.0,264.0,9.0,100.0,1
24.0,31.21,8.0,252.0,11.0,100.0,1
47.0,31.21,16.0,204.0,51.0,100.0,2
16.0,31.21,15.0,234.0,19.0,100.0,1
16.0,31.21,14.0,258.0,16.0,100.0,1
43.0,31.21,24.0,252.0,23.0,100.0,1
15.0,31.21,22.0,240.0,13.0,100.0,1
32.0,31.21,16.0,270.0,50.0,100.0,2
80.0,31.21,8.0,222.0,24.0,100.0,1
21.0,31.21,11.0,258.0,18.0,100.0,1
35.0,31.21,19.0,222.0,15.0,100.0,1
58.0,31.21,15.0,240.0,15.0,100.0,1
42.0,31.21,23.0,222.0,18.0,100.0,1
74.0,31.21,13.0,222.0,16.0,100.0,1
58.0,31.21,60.0,240.0,44.0,100.0,2
36.0,31.21,10.0,234.0,9.0,100.0,1
53.0,31.21,19.0,222.0,14.0,100.0,1
56.0,31.21,22.0,282.0,23.0,100.0,1
64.0,31.21,55.0,228.0,15.0,100.0,2
46.0,31.21,99.0,270.0,72.0,100.0,3
32.0,31.21,16.0,264.0,13.0,100.0,1
58.0,31.21,19.0,252.0,16.0,100.0,1
48.0,31.21,18.0,234.0,108.0,100.0,2
16.0,31.21,15.0,270.0,14.0,100.0,1
39.0,31.21,18.0,276.0,29.0,100.0,1
32.0,31.21,17.0,252.0,32.0,100.0,1
39.0,31.21,33.0,270.0,27.0,100.0,1
66.0,31.21,21.0,252.0,25.0,100.0,1
64.0,31.21,16.0,252.0,23.0,100.0,1
61.0,31.21,18.0,234.0,31.0,100.0,1
32.0,31.21,13.0,240.0,15.0,100.0,1
58.0,31.21,20.0,258.0,11.0,100.0,1
12.0,31.21,9.0,204.0,9.0,100.0,1
50.0,31.21,24.0,240.0,21.0,100.0,1
59.0,31.21,24.0,240.0,19.0,100.0,1
61.0,31.21,16.0,258.0,22.0,100.0,1
36.0,31.21,19.0,245.99999999999997,13.0,100.0,1
12.0,31.21,14.0,252.0,12.0,100.0,1
16.0,31.21,11.0,252.0,15.0,100.0,1
25.0,31.21,18.0,240.0,17.0,100.0,1
32.0,31.21,16.0,228.0,27.0,100.0,1
64.0,31.21,33.0,245.99999999999997,28.0,100.0,1
26.0,31.21,9.0,258.0,12.0,100.0,1
19.0,31.21,14.0,240.0,18.0,100.0,1
27.0,31.21,11.0,216.0,12.0,100.0,1
53.0,31.21,25.0,245.99999999999997,26.0,100.0,1
30.0,31.21,17.0,270.0,13.0,100.0,1
58.0,31.21,30.0,228.0,81.0,100.0,2
15.0,31.21,16.0,245.99999999999997,16.0,100.0,1
79.0,31.21,15.0,210.0,90.0,100.0,2
76.0,31.21,28.0,258.0,26.0,100.0,1
39.0,31.21,17.0,234.0,23.0,100.0,1
79.0,31.21,12.0,252.0,14.0,100.0,1
29.0,31.21,12.0,240.0,18.0,100.0,1
52.0,31.21,13.0,245.99999999999997,22.0,100.0,1
48.0,31.21,11.0,234.0,6.0,100.0,1
80.0,31.21,10.0,252.0,16.0,100.0,1
72.0,31.21,14.0,234.0,20.0,100.0,1
28.0,31.21,10.0,252.0,13.0,100.0,1
61.0,31.21,166.0,222.0,161.0,100.0,3
64.0,31.21,11.0,222.0,20.0,100.0,1
26.0,31.21,14.0,258.0,7.0,100.0,1
71.0,31.21,24.0,245.99999999999997,37.0,100.0,1
37.0,31.21,23.0,216.0,16.0,100.0,1
53.0,31.21,30.0,228.0,69.0,100.0,2
80.0,31.21,8.0,264.0,14.0,100.0,1
15.0,31.21,9.0,258.0,16.0,100.0,1
53.0,31.21,13.0,258.0,13.0,100.0,1
38.0,31.21,13.0,245.99999999999997,17.0,100.0,1
55.0,31.21,29.0,252.0,22.0,100.0,1
46.0,31.21,18.0,245.99999999999997,30.0,100.0,1
49.0,31.21,26.0,252.0,35.0,100.0,1
33.0,31.21,27.0,234.0,22.0,100.0,1
40.0,31.21,27.0,228.0,78.0,100.0,2
12.0,31.21,11.0,258.0,11.0,100.0,1
19.0,31.21,52.0,264.0,57.0,100.0,3
43.0,31.21,9.0,258.0,10.0,100.0,1
36.0,31.21,20.0,222.0,33.0,100.0,1
79.0,31.21,10.0,216.0,12.0,100.0,1
62.0,31.21,13.0,222.0,36.0,100.0,1
25.0,31.21,29.0,234.0,16.0,100.0,1
15.0,31.21,11.0,270.0,10.0,100.0,1
34.0,31.21,17.0,245.99999999999997,12.0,100.0,1
43.0,31.21,19.0,228.0,27.0,100.0,1
63.0,31.21,13.0,288.0,30.0,100.0,1
40.0,31.21,8.0,234.0,12.0,100.0,1
58.0,31.21,14.0,222.0,19.0,100.0,1
63.0,31.21,22.0,216.0,24.0,100.0,1
55.0,31.21,10.0,258.0,15.0,100.0,1
48.0,31.21,11.0,234.0,24.0,100.0,1
19.0,31.21,23.0,288.0,12.0,100.0,1
60.0,31.21,21.0,252.0,16.0,100.0,1
13.0,31.21,11.0,228.0,10.0,100.0,1
27.0,31.21,9.0,245.99999999999997,15.0,100.0,1
80.0,31.21,11.0,240.0,20.0,100.0,1
17.0,31.21,11.0,282.0,18.0,100.0,1
57.0,31.21,19.0,216.0,73.0,100.0,2
17.0,31.21,15.0,240.0,18.0,100.0,1
71.0,31.21,12.0,204.0,39.0,100.0,1
50.0,31.21,17.0,234.0,12.0,100.0,1
42.0,31.21,10.0,234.0,14.0,100.0,1
64.0,31.21,36.0,276.0,118.0,100.0,2
12.0,31.21,17.0,245.99999999999997,23.0,100.0,1
33.0,31.21,27.0,264.0,28.0,100.0,1
71.0,31.21,15.0,228.0,30.0,100.0,1
51.0,31.21,46.0,228.0,30.0,100.0,2
74.0,31.21,11.0,245.99999999999997,18.0,100.0,1
80.0,31.21,9.0,245.99999999999997,11.0,100.0,1
80.0,31.21,16.0,240.0,16.0,100.0,1
49.0,31.21,14.0,228.0,28.0,100.0,1
30.0,31.21,9.0,276.0,12.0,100.0,1
80.0,31.21,13.0,258.0,13.0,100.0,1
13.0,31.21,14.0,282.0,10.0,100.0,1
74.0,31.21,15.0,240.0,15.0,100.0,1
32.0,31.21,12.0,264.0,17.0,100.0,1
23.0,31.21,8.0,258.0,9.0,100.0,1
16.0,31.21,15.0,258.0,22.0,100.0,1
55.0,31.21,32.0,264.0,13.0,100.0,1
78.0,31.21,17.0,258.0,14.0,100.0,1
50.0,31.21,12.0,222.0,16.0,100.0,1
32.0,31.21,16.0,252.0,11.0,100.0,1
58.0,31.21,16.0,245.99999999999997,14.0,100.0,1
68.0,31.21,32.0,234.0,84.0,100.0,2
60.0,31.21,17.0,240.0,34.0,100.0,1
16.0,31.21,40.0,258.0,29.0,100.0,1
41.0,31.21,40.0,245.99999999999997,82.0,100.0,2
52.0,31.21,64.0,240.0,38.0,100.0,2
45.0,31.21,41.0,252.0,67.0,100.0,3
48.0,31.21,10.0,245.99999999999997,27.0,100.0,1
39.0,31.21,8.0,234.0,9.0,100.0,1
25.0,31.21,21.0,270.0,24.0,100.0,1
61.0,31.21,29.0,234.0,19.0,100.0,1
35.0,31.21,7.0,222.0,14.0,100.0,1
24.0,31.21,12.0,258.0,13.0,100.0,1
77.0,31.21,10.0,216.0,21.0,100.0,1
49.0,31.21,14.0,245.99999999999997,39.0,100.0,1
15.0,31.21,11.0,210.0,20.0,100.0,1
59.0,31.21,32.0,245.99999999999997,25.0,100.0,1
20.0,31.21,5.0,245.99999999999997,18.0,100.0,1
15.0,31.21,11.0,270.0,10.0,100.0,1
14.0,31.21,23.0,258.0,11.0,100.0,1
36.0,31.21,13.0,222.0,17.0,100.0,1
14.0,31.21,8.0,240.0,14.0,100.0,1
38.0,31.21,20.0,245.99999999999997,24.0,100.0,1
26.0,31.21,16.0,234.0,22.0,100.0,1
14.0,31.21,36.0,245.99999999999997,17.0,100.0,1
30.0,31.21,34.0,252.0,11.0,100.0,1
65.0,31.21,10.0,216.0,15.0,100.0,1
46.0,31.21,11.0,240.0,57.0,100.0,2
80.0,31.21,23.0,216.0,166.0,100.0,2
48.0,31.21,43.0,270.0,42.0,100.0,2
52.0,31.21,13.0,210.0,15.0,100.0,1
54.0,31.21,7.0,210.0,7.0,100.0,1
80.0,31.21,47.0,245.99999999999997,61.0,100.0,3
44.0,31.21,63.0,264.0,67.0,100.0,3
13.0,31.21,32.0,234.0,36.0,100.0,1
22.0,31.21,15.0,234.0,14.0,100.0,1
60.0,31.21,72.0,222.0,122.0,100.0,3
55.0,31.21,9.0,245.99999999999997,24.0,100.0,1
56.0,31.21,9.0,240.0,11.0,100.0,1
23.0,31.21,15.0,282.0,22.0,100.0,1
35.0,31.21,14.0,258.0,12.0,100.0,1
66.0,31.21,17.0,264.0,34.0,100.0,1
31.0,31.21,16.0,234.0,13.0,100.0,1
43.0,31.21,14.0,228.0,15.0,100.0,1
80.0,31.21,10.0,240.0,28.0,100.0,1
31.0,31.21,22.0,270.0,37.0,100.0,1
21.0,31.21,19.0,234.0,10.0,100.0,1
46.0,31.21,16.0,252.0,18.0,100.0,1
31.0,31.21,54.0,258.0,54.0,100.0,3
45.0,31.21,19.0,234.0,19.0,100.0,1
54.0,31.21,33.0,252.0,30.0,100.0,1
69.0,31.21,14.0,264.0,9.0,100.0,1
41.0,31.21,6.0,234.0,8.0,100.0,1
63.0,31.21,40.0,264.0,50.0,100.0,2
16.0,31.21,16.0,234.0,12.0,100.0,1
63.0,31.21,17.0,245.99999999999997,24.0,100.0,1
55.0,31.21,14.0,222.0,23.0,100.0,1
54.0,31.21,13.0,216.0,20.0,100.0,1
51.0,31.21,16.0,245.99999999999997,27.0,100.0,1
66.0,31.21,31.0,240.0,153.0,100.0,2
16.0,31.21,13.0,228.0,9.0,100.0,1
31.0,31.21,19.0,234.0,15.0,100.0,1
47.0,31.21,8.0,198.0,32.0,100.0,1
41.0,31.21,15.0,240.0,21.0,100.0,1
64.0,31.21,11.0,228.0,19.0,100.0,1
30.0,31.21,25.0,245.99999999999997,23.0,100.0,1
33.0,31.21,9.0,222.0,31.0,100.0,1
26.0,31.21,20.0,288.0,17.0,100.0,1
25.0,31.21,25.0,252.0,25.0,100.0,1
60.0,31.21,14.0,245.99999999999997,27.0,100.0,1
57.0,31.21,18.0,264.0,36.0,100.0,1
18.0,31.21,7.0,245.99999999999997,16.0,100.0,1
19.0,31.21,15.0,245.99999999999997,12.0,100.0,1
70.0,31.21,8.0,245.99999999999997,15.0,100.0,1
23.0,31.21,13.0,245.99999999999997,10.0,100.0,1
32.0,31.21,10.0,258.0,16.0,100.0,1
53.0,31.21,16.0,228.0,18.0,100.0,1
72.0,31.21,12.0,228.0,19.0,100.0,1
78.0,31.21,14.0,252.0,22.0,100.0,1
75.0,31.21,28.0,258.0,57.0,100.0,2
61.0,31.21,14.0,228.0,33.0,100.0,1
57.0,31.21,21.0,258.0,23.0,100.0,1
38.0,31.21,12.0,264.0,13.0,100.0,1
72.0,31.21,33.0,252.0,78.0,100.0,2
52.0,31.21,14.0,210.0,13.0,100.0,1
69.0,31.21,13.0,245.99999999999997,20.0,100.0,1
35.0,31.21,51.0,234.0,30.0,100.0,2
59.0,31.21,16.0,240.0,12.0,100.0,1
34.0,31.21,14.0,240.0,16.0,100.0,1
61.0,31.21,56.0,276.0,169.0,100.0,3
80.0,31.21,15.0,245.99999999999997,49.0,100.0,2
80.0,31.21,14.0,240.0,21.0,100.0,1
58.0,31.21,23.0,276.0,27.0,100.0,1
35.0,31.21,11.0,234.0,14.0,100.0,1
20.0,31.21,9.0,228.0,18.0,100.0,1
36.0,31.21,24.0,245.99999999999997,26.0,100.0,1
60.0,31.21,22.0,240.0,30.0,100.0,1
22.0,31.21,158.0,245.99999999999997,305.0,100.0,3
80.0,31.21,23.0,234.0,58.0,100.0,2
26.0,31.21,9.0,245.99999999999997,11.0,100.0,1
54.0,31.21,45.0,258.0,27.0,100.0,2
13.0,31.21,8.0,264.0,6.0,100.0,1
19.0,31.21,14.0,216.0,13.0,100.0,1
59.0,31.21,23.0,245.99999999999997,56.0,100.0,2
14.0,31.21,8.0,252.0,9.0,100.0,1
80.0,31.21,16.0,258.0,23.0,100.0,1
63.0,31.21,32.0,264.0,235.0,100.0,2
34.0,31.21,25.0,234.0,44.0,100.0,1
80.0,31.21,14.0,252.0,23.0,100.0,1
40.0,31.21,115.0,245.99999999999997,47.0,100.0,2
39.0,31.21,34.0,252.0,30.0,100.0,1
61.0,31.21,36.0,240.0,241.0,100.0,2
18.0,31.21,15.0,245.99999999999997,11.0,100.0,1
41.0,31.21,48.0,264.0,41.0,100.0,2
26.0,31.21,13.0,258.0,11.0,100.0,1
72.0,31.21,12.0,240.0,11.0,100.0,1
12.0,31.21,49.0,228.0,22.0,100.0,2
19.0,31.21,18.0,264.0,24.0,100.0,1
16.0,31.21,12.0,270.0,14.0,100.0,1
61.0,31.21,25.0,234.0,22.0,100.0,1
80.0,31.21,8.0,204.0,10.0,100.0,1
14.0,31.21,25.0,258.0,13.0,100.0,1
34.0,31.21,20.0,264.0,33.0,100.0,1
23.0,31.21,17.0,264.0,15.0,100.0,1
41.0,31.21,35.0,258.0,54.0,100.0,2
42.0,31.21,10.0,228.0,21.0,100.0,1
14.0,31.21,15.0,240.0,15.0,100.0,1
53.0,31.21,28.0,270.0,41.0,100.0,1
23.0,31.21,17.0,264.0,8.0,100.0,1
39.0,31.21,65.0,216.0,42.0,100.0,2
80.0,31.21,13.0,245.99999999999997,14.0,100.0,1
15.0,31.21,12.0,252.0,17.0,100.0,1
78.0,31.21,18.0,228.0,12.0,100.0,1
34.0,31.21,14.0,276.0,29.0,100.0,1
77.0,31.21,12.0,228.0,18.0,100.0,1
48.0,31.21,29.0,228.0,22.0,100.0,1
44.0,31.21,17.0,245.99999999999997,18.0,100.0,1
70.0,31.21,13.0,234.0,23.0,100.0,1
43.0,31.21,19.0,252.0,17.0,100.0,1
38.0,31.21,11.0,204.0,13.0,100.0,1
61.0,31.21,13.0,228.0,17.0,100.0,1
56.0,31.21,46.0,222.0,60.0,100.0,3
54.0,31.21,38.0,245.99999999999997,27.0,100.0,1
37.0,31.21,16.0,258.0,19.0,100.0,1
70.0,31.21,19.0,228.0,24.0,100.0,1
14.0,31.21,9.0,252.0,12.0,100.0,1
64.0,31.21,9.0,204.0,12.0,100.0,1
72.0,31.21,22.0,252.0,30.0,100.0,1
60.0,31.21,20.0,264.0,52.0,100.0,2
29.0,31.21,15.0,240.0,24.0,100.0,1
60.0,31.21,17.0,252.0,41.0,100.0,1
66.0,31.21,33.0,276.0,15.0,100.0,1
21.0,31.21,16.0,258.0,16.0,100.0,1
66.0,31.21,20.0,234.0,15.0,100.0,1
65.0,31.21,42.0,252.0,27.0,100.0,2
74.0,31.21,13.0,252.0,15.0,100.0,1
55.0,31.21,20.0,216.0,22.0,100.0,1
57.0,31.21,20.0,270.0,51.0,100.0,2
53.0,31.21,13.0,222.0,40.0,100.0,1
45.0,31.21,23.0,234.0,43.0,100.0,1
64.0,31.21,14.0,240.0,10.0,100.0,1
56.0,31.21,165.0,258.0,356.0,100.0,3
40.0,31.21,23.0,258.0,24.0,100.0,1
16.0,31.21,22.0,288.0,19.0,100.0,1
48.0,31.21,25.0,252.0,60.0,100.0,2
12.0,31.21,13.0,252.0,9.0,100.0,1
41.0,31.21,47.0,240.0,43.0,100.0,2
80.0,31.21,20.0,270.0,26.0,100.0,1
80.0,31.21,18.0,276.0,10.0,100.0,1
30.0,31.21,23.0,264.0,17.0,100.0,1
40.0,31.21,31.0,240.0,38.0,100.0,1
22.0,31.21,13.0,270.0,22.0,100.0,1
13.0,31.21,12.0,294.0,11.0,100.0,1
54.0,31.21,47.0,270.0,25.0,100.0,2
46.0,31.21,10.0,216.0,14.0,100.0,1
73.0,31.21,11.0,204.0,12.0,100.0,1
15.0,31.21,12.0,264.0,11.0,100.0,1
63.0,31.21,12.0,245.99999999999997,8.0,100.0,1
48.0,31.21,10.0,245.99999999999997,9.0,100.0,1
13.0,31.21,8.0,234.0,10.0,100.0,1
57.0,31.21,11.0,228.0,9.0,100.0,1
27.0,31.21,15.0,245.99999999999997,21.0,100.0,1
80.0,31.21,16.0,228.0,17.0,100.0,1
32.0,31.21,15.0,245.99999999999997,19.0,100.0,1
74.0,31.21,12.0,222.0,18.0,100.0,1
29.0,31.21,47.0,240.0,145.0,100.0,3
45.0,31.21,40.0,234.0,111.0,100.0,2
80.0,31.21,8.0,216.0,14.0,100.0,1
19.0,31.21,6.0,245.99999999999997,9.0,100.0,1
17.0,31.21,10.0,282.0,23.0,100.0,1
17.0,31.21,11.0,245.99999999999997,19.0,100.0,1
65.0,31.21,13.0,245.99999999999997,17.0,100.0,1
38.0,31.21,58.0,228.0,14.0,100.0,2
41.0,31.21,14.0,245.99999999999997,14.0,100.0,1
20.0,31.21,10.0,245.99999999999997,17.0,100.0,1
15.0,31.21,9.0,264.0,11.0,100.0,1
33.0,31.21,46.0,276.0,32.0,100.0,2
70.0,31.21,33.0,240.0,33.0,100.0,1
35.0,31.21,21.0,245.99999999999997,24.0,100.0,1
45.0,31.21,15.0,252.0,48.0,100.0,1
37.0,31.21,17.0,240.0,21.0,100.0,1
51.0,31.21,9.0,252.0,24.0,100.0,1
26.0,31.21,28.0,264.0,54.0,100.0,2
59.0,31.21,15.0,240.0,37.0,100.0,1
80.0,31.21,17.0,228.0,31.0,100.0,1
20.0,31.21,7.0,245.99999999999997,15.0,100.0,1
47.0,31.21,31.0,216.0,27.0,100.0,1
25.0,31.21,8.0,198.0,12.0,100.0,1
63.0,31.21,21.0,294.0,19.0,100.0,1
60.0,31.21,44.0,245.99999999999997,24.0,100.0,2
15.0,31.21,8.0,264.0,9.0,100.0,1
61.0,31.21,115.0,222.0,386.0,100.0,3
44.0,31.21,35.0,216.0,26.0,100.0,1
38.0,31.21,21.0,240.0,29.0,100.0,1
63.0,31.21,30.0,240.0,93.0,100.0,2
22.0,31.21,56.0,270.0,56.0,100.0,3
47.0,31.21,29.0,234.0,29.0,100.0,1
59.0,31.21,63.0,245.99999999999997,279.0,100.0,3
33.0,31.21,12.0,258.0,11.0,100.0,1
19.0,31.21,15.0,252.0,19.0,100.0,1
77.0,31.21,23.0,258.0,27.0,100.0,1
77.0,31.21,23.0,258.0,93.0,100.0,2
29.0,31.21,13.0,264.0,26.0,100.0,1
60.0,31.21,18.0,282.0,17.0,100.0,1
32.0,31.21,22.0,276.0,63.0,100.0,2
14.0,31.21,14.0,234.0,9.0,100.0,1
79.0,31.21,7.0,222.0,8.0,100.0,1
55.0,31.21,14.0,252.0,53.0,100.0,2
14.0,31.21,9.0,252.0,14.0,100.0,1
29.0,31.21,45.0,240.0,51.0,100.0,3
74.0,31.21,25.0,258.0,17.0,100.0,1
20.0,31.21,27.0,252.0,23.0,100.0,1
52.0,31.21,17.0,240.0,45.0,100.0,1
77.0,31.21,17.0,222.0,66.0,100.0,2
41.0,31.21,11.0,222.0,8.0,100.0,1
57.0,31.21,38.0,234.0,23.0,100.0,1
12.0,31.21,11.0,264.0,12.0,100.0,1
20.0,31.21,22.0,270.0,20.0,100.0,1
55.0,31.21,20.0,240.0,21.0,100.0,1
72.0,31.21,28.0,264.0,13.0,100.0,1
18.0,31.21,20.0,245.99999999999997,11.0,100.0,1
17.0,31.21,15.0,240.0,18.0,100.0,1
21.0,31.21,26.0,252.0,43.0,100.0,1
14.0,31.21,24.0,282.0,40.0,100.0,1
13.0,31.21,19.0,270.0,14.0,100.0,1
33.0,31.21,29.0,270.0,24.0,100.0,1
23.0,31.21,25.0,258.0,28.0,100.0,1
30.0,31.21,18.0,245.99999999999997,26.0,100.0,1
67.0,31.21,21.0,276.0,25.0,100.0,1
63.0,31.21,26.0,222.0,33.0,100.0,1
61.0,31.21,19.0,228.0,24.0,100.0,1
13.0,31.21,10.0,264.0,21.0,100.0,1
44.0,31.21,39.0,288.0,28.0,100.0,1
77.0,31.21,16.0,222.0,22.0,100.0,1
55.0,31.21,13.0,245.99999999999997,14.0,100.0,1
39.0,31.21,10.0,258.0,14.0,100.0,1
17.0,31.21,70.0,252.0,55.0,100.0,3
43.0,31.21,21.0,222.0,32.0,100.0,1
43.0,31.21,17.0,234.0,12.0,100.0,1
13.0,31.21,5.0,252.0,10.0,100.0,1
41.0,31.21,10.0,156.0,18.0,100.0,1
12.0,31.21,31.0,258.0,19.0,100.0,1
63.0,31.21,24.0,252.0,12.0,100.0,1
57.0,31.21,24.0,234.0,30.0,100.0,1
62.0,31.21,12.0,228.0,15.0,100.0,1
28.0,31.21,13.0,270.0,22.0,100.0,1
25.0,31.21,14.0,258.0,8.0,100.0,1
61.0,31.21,14.0,234.0,14.0,100.0,1
70.0,31.21,38.0,240.0,45.0,100.0,1
56.0,31.21,21.0,258.0,25.0,100.0,1
74.0,31.21,16.0,258.0,13.0,100.0,1
15.0,31.21,11.0,258.0,10.0,100.0,1
74.0,31.21,23.0,258.0,45.0,100.0,1
20.0,31.21,15.0,240.0,9.0,100.0,1
50.0,31.21,8.0,264.0,31.0,100.0,1
26.0,31.21,8.0,240.0,11.0,100.0,1
54.0,31.21,14.0,240.0,13.0,100.0,1
74.0,31.21,16.0,216.0,18.0,100.0,1
67.0,31.21,7.0,252.0,8.0,100.0,1
62.0,31.21,18.0,245.99999999999997,23.0,100.0,1
72.0,31.21,19.0,222.0,88.0,100.0,2
56.0,31.21,17.0,294.0,23.0,100.0,1
38.0,31.21,20.0,270.0,22.0,100.0,1
55.0,31.21,20.0,252.0,62.0,100.0,2
30.0,31.21,21.0,240.0,18.0,100.0,1
53.0,31.21,13.0,210.0,11.0,100.0,1
38.0,31.21,15.0,216.0,24.0,100.0,1
37.0,31.21,18.0,270.0,9.0,100.0,1
70.0,31.21,15.0,240.0,16.0,100.0,1
46.0,31.21,18.0,270.0,35.0,100.0,1
45.0,31.21,15.0,264.0,14.0,100.0,1
72.0,31.21,25.0,234.0,35.0,100.0,1
34.0,31.21,16.0,252.0,14.0,100.0,1
15.0,31.21,9.0,258.0,10.0,100.0,1
20.0,31.21,19.0,252.0,14.0,100.0,1
22.0,31.21,12.0,270.0,8.0,100.0,1
79.0,31.21,30.0,252.0,31.0,100.0,1
71.0,31.21,15.0,234.0,19.0,100.0,1
68.0,31.21,40.0,282.0,283.0,100.0,2
80.0,31.21,22.0,204.0,20.0,100.0,1
14.0,31.21,10.0,245.99999999999997,18.0,100.0,1
43.0,31.21,18.0,252.0,49.0,100.0,2
63.0,31.21,24.0,222.0,17.0,100.0,1
77.0,31.21,20.0,228.0,12.0,100.0,1
65.0,31.21,18.0,234.0,14.0,100.0,1
61.0,31.21,14.0,204.0,8.0,100.0,1
54.0,31.21,17.0,216.0,21.0,100.0,1
80.0,31.21,13.0,228.0,29.0,100.0,1
33.0,31.21,49.0,216.0,21.0,100.0,2
55.0,31.21,16.0,228.0,42.0,100.0,1
12.0,31.21,13.0,240.0,13.0,100.0,1
41.0,31.21,8.0,234.0,8.0,100.0,1
31.0,31.21,8.0,204.0,32.0,100.0,1
32.0,31.21,14.0,228.0,19.0,100.0,1
64.0,31.21,52.0,258.0,48.0,100.0,2
43.0,31.21,16.0,210.0,24.0,100.0,1
33.0,31.21,8.0,264.0,12.0,100.0,1
64.0,31.21,10.0,240.0,20.0,100.0,1
45.0,31.21,14.0,222.0,18.0,100.0,1
40.0,31.21,15.0,210.0,14.0,100.0,1
19.0,31.21,26.0,282.0,33.0,100.0,1
13.0,31.21,11.0,234.0,7.0,100.0,1
55.0,31.21,20.0,228.0,15.0,100.0,1
61.0,31.21,18.0,234.0,23.0,100.0,1
57.0,31.21,58.0,264.0,22.0,100.0,2
66.0,31.21,19.0,234.0,22.0,100.0,1
17.0,31.21,7.0,240.0,8.0,100.0,1
26.0,31.21,15.0,252.0,11.0,100.0,1
60.0,31.21,11.0,252.0,14.0,100.0,1
12.0,31.21,20.0,222.0,15.0,100.0,1
41.0,31.21,46.0,252.0,31.0,100.0,2
34.0,31.21,10.0,228.0,13.0,100.0,1
60.0,31.21,35.0,252.0,43.0,100.0,1
51.0,31.21,15.0,240.0,37.0,100.0,1
58.0,31.21,16.0,245.99999999999997,15.0,100.0,1
72.0,31.21,18.0,264.0,15.0,100.0,1
41.0,31.21,34.0,234.0,61.0,100.0,2
65.0,31.21,13.0,240.0,16.0,100.0,1
69.0,31.21,47.0,252.0,15.0,100.0,2
60.0,31.21,14.0,216.0,17.0,100.0,1
12.0,31.21,12.0,258.0,8.0,100.0,1
12.0,31.21,11.0,258.0,17.0,100.0,1
48.0,31.21,32.0,198.0,105.0,100.0,2
80.0,31.21,18.0,234.0,22.0,100.0,1
24.0,31.21,12.0,234.0,9.0,100.0,1
17.0,31.21,15.0,245.99999999999997,12.0,100.0,1
13.0,31.21,8.0,264.0,11.0,100.0,1
49.0,31.21,46.0,252.0,25.0,100.0,2
22.0,31.21,19.0,258.0,13.0,100.0,1
53.0,31.21,15.0,252.0,18.0,100.0,1
22.0,31.21,12.0,245.99999999999997,22.0,100.0,1
39.0,31.21,13.0,234.0,21.0,100.0,1
53.0,31.21,19.0,270.0,15.0,100.0,1
42.0,31.21,12.0,240.0,9.0,100.0,1
65.0,31.21,57.0,240.0,191.0,100.0,3
39.0,31.21,22.0,228.0,17.0,100.0,1
63.0,31.21,14.0,240.0,24.0,100.0,1
12.0,31.21,12.0,258.0,10.0,100.0,1
42.0,31.21,17.0,228.0,23.0,100.0,1
23.0,31.21,26.0,240.0,14.0,100.0,1
21.0,31.21,11.0,258.0,14.0,100.0,1
16.0,31.21,8.0,240.0,30.0,100.0,1
76.0,31.21,23.0,258.0,38.0,100.0,1
27.0,31.21,17.0,234.0,9.0,100.0,1
15.0,31.21,10.0,234.0,5.0,100.0,1
60.0,31.21,18.0,264.0,41.0,100.0,1
19.0,31.21,22.0,234.0,32.0,100.0,1
15.0,31.21,12.0,228.0,16.0,100.0,1
63.0,31.21,10.0,245.99999999999997,54.0,100.0,2
40.0,31.21,10.0,204.0,27.0,100.0,1
36.0,31.21,20.0,228.0,13.0,100.0,1
66.0,31.21,26.0,245.99999999999997,20.0,100.0,1
38.0,31.21,14.0,204.0,9.0,100.0,1
80.0,31.21,11.0,240.0,8.0,100.0,1
42.0,31.21,31.0,234.0,106.0,100.0,2
28.0,31.21,22.0,252.0,11.0,100.0,1
69.0,31.21,15.0,234.0,13.0,100.0,1
15.0,31.21,12.0,270.0,17.0,100.0,1
32.0,31.21,17.0,245.99999999999997,16.0,100.0,1
55.0,31.21,11.0,234.0,13.0,100.0,1
27.0,31.21,15.0,252.0,15.0,100.0,1
32.0,31.21,92.0,245.99999999999997,29.0,100.0,2
19.0,31.21,13.0,270.0,12.0,100.0,1
14.0,31.21,12.0,264.0,8.0,100.0,1
30.0,31.21,23.0,245.99999999999997,25.0,100.0,1
13.0,31.21,9.0,258.0,28.0,100.0,1
61.0,31.21,20.0,258.0,13.0,100.0,1
13.0,31.21,10.0,240.0,5.0,100.0,1
78.0,31.21,27.0,276.0,52.0,100.0,2
71.0,31.21,17.0,282.0,24.0,100.0,1
58.0,31.21,23.0,252.0,55.0,100.0,2
70.0,31.21,13.0,240.0,13.0,100.0,1
21.0,31.21,13.0,234.0,9.0,100.0,1
46.0,31.21,13.0,216.0,31.0,100.0,1
61.0,31.21,14.0,240.0,11.0,100.0,1
37.0,31.21,12.0,245.99999999999997,21.0,100.0,1
58.0,31.21,10.0,234.0,19.0,100.0,1
80.0,31.21,13.0,228.0,11.0,100.0,1
50.0,31.21,39.0,234.0,44.0,100.0,1
30.0,31.21,16.0,240.0,18.0,100.0,1
65.0,31.21,14.0,245.99999999999997,31.0,100.0,1
75.0,31.21,22.0,245.99999999999997,21.0,100.0,1
39.0,31.21,9.0,174.0,6.0,100.0,1
29.0,31.21,12.0,258.0,18.0,100.0,1
13.0,31.21,13.0,288.0,10.0,100.0,1
65.0,31.21,338.0,234.0,206.0,100.0,3
21.0,31.21,13.0,252.0,17.0,100.0,1
56.0,31.21,30.0,252.0,74.0,100.0,2
49.0,31.21,14.0,258.0,11.0,100.0,1
41.0,31.21,10.0,245.99999999999997,19.0,100.0,1
56.0,31.21,10.0,240.0,9.0,100.0,1
64.0,31.21,29.0,264.0,51.0,100.0,2
12.0,31.21,21.0,264.0,15.0,100.0,1
63.0,31.21,12.0,216.0,7.0,100.0,1
67.0,31.21,16.0,222.0,21.0,100.0,1
29.0,31.21,13.0,264.0,14.0,100.0,1
39.0,31.21,24.0,222.0,21.0,100.0,1
15.0,31.21,7.0,258.0,14.0,100.0,1
45.0,31.21,42.0,240.0,20.0,100.0,2
26.0,31.21,21.0,234.0,27.0,100.0,1
70.0,31.21,10.0,234.0,14.0,100.0,1
55.0,31.21,21.0,252.0,17.0,100.0,1
75.0,31.21,6.0,192.0,23.0,100.0,1
33.0,31.21,53.0,228.0,14.0,100.0,2
48.0,31.21,18.0,228.0,92.0,100.0,2
47.0,31.21,44.0,228.0,10.0,100.0,2
20.0,31.21,26.0,252.0,24.0,100.0,1
57.0,31.21,38.0,234.0,52.0,100.0,2
55.0,31.21,35.0,228.0,151.0,100.0,2
32.0,31.21,8.0,234.0,10.0,100.0,1
37.0,31.21,12.0,216.0,16.0,100.0,1
56.0,31.21,32.0,264.0,12.0,100.0,1
59.0,31.21,18.0,216.0,29.0,100.0,1
55.0,31.21,20.0,210.0,22.0,100.0,1
58.0,31.21,11.0,258.0,23.0,100.0,1
19.0,31.21,12.0,264.0,21.0,100.0,1
45.0,31.21,17.0,240.0,26.0,100.0,1
29.0,31.21,12.0,245.99999999999997,8.0,100.0,1
58.0,31.21,14.0,222.0,17.0,100.0,1
56.0,31.21,16.0,264.0,18.0,100.0,1
80.0,31.21,13.0,240.0,24.0,100.0,1
48.0,31.21,29.0,258.0,14.0,100.0,1
38.0,31.21,19.0,228.0,36.0,100.0,1
21.0,31.21,28.0,258.0,77.0,100.0,2
21.0,31.21,7.0,216.0,16.0,100.0,1
28.0,31.21,10.0,252.0,11.0,100.0,1
29.0,31.21,84.0,264.0,136.0,100.0,3
62.0,31.21,25.0,245.99999999999997,29.0,100.0,1
32.0,31.21,24.0,252.0,31.0,100.0,1
40.0,31.21,19.0,210.0,33.0,100.0,1
59.0,31.21,20.0,252.0,27.0,100.0,1
58.0,31.21,12.0,228.0,13.0,100.0,1
47.0,31.21,26.0,270.0,21.0,100.0,1
40.0,31.21,14.0,245.99999999999997,12.0,100.0,1
23.0,31.21,9.0,264.0,20.0,100.0,1
12.0,31.21,8.0,245.99999999999997,9.0,100.0,1
12.0,31.21,13.0,245.99999999999997,20.0,100.0,1
50.0,31.21,21.0,222.0,20.0,100.0,1
14.0,31.21,11.0,252.0,12.0,100.0,1
44.0,31.21,8.0,234.0,19.0,100.0,1
32.0,31.21,13.0,228.0,17.0,100.0,1
30.0,31.21,117.0,270.0,195.0,100.0,3
21.0,31.21,20.0,270.0,16.0,100.0,1
63.0,31.21,14.0,245.99999999999997,20.0,100.0,1
59.0,31.21,23.0,252.0,67.0,100.0,2
18.0,31.21,7.0,252.0,10.0,100.0,1
44.0,31.21,21.0,245.99999999999997,24.0,100.0,1
80.0,31.21,21.0,216.0,23.0,100.0,1
49.0,31.21,10.0,258.0,9.0,100.0,1
78.0,31.21,28.0,216.0,21.0,100.0,1
52.0,31.21,22.0,270.0,27.0,100.0,1
46.0,31.21,34.0,264.0,23.0,100.0,1
37.0,31.21,54.0,258.0,21.0,100.0,2
42.0,31.21,18.0,270.0,21.0,100.0,1
52.0,31.21,16.0,228.0,19.0,100.0,1
73.0,31.21,18.0,252.0,17.0,100.0,1
40.0,31.21,12.0,240.0,19.0,100.0,1
47.0,31.21,26.0,234.0,45.0,100.0,1
80.0,31.21,15.0,240.0,15.0,100.0,1
12.0,31.21,22.0,264.0,10.0,100.0,1
18.0,31.21,29.0,240.0,16.0,100.0,1
65.0,31.21,21.0,276.0,23.0,100.0,1
60.0,31.21,10.0,210.0,32.0,100.0,1
13.0,31.21,13.0,234.0,8.0,100.0,1
52.0,31.21,9.0,252.0,10.0,100.0,1
17.0,31.21,15.0,252.0,8.0,100.0,1
22.0,31.21,8.0,198.0,21.0,100.0,1
33.0,31.21,20.0,240.0,16.0,100.0,1
57.0,31.21,22.0,240.0,35.0,100.0,1
79.0,31.21,14.0,234.0,65.0,100.0,2
24.0,31.21,13.0,282.0,14.0,100.0,1
33.0,31.21,7.0,222.0,12.0,100.0,1
80.0,31.21,10.0,252.0,11.0,100.0,1
12.0,31.21,21.0,252.0,10.0,100.0,1
57.0,31.21,16.0,234.0,28.0,100.0,1
55.0,31.21,24.0,240.0,16.0,100.0,1
14.0,31.21,20.0,276.0,12.0,100.0,1
69.0,31.21,31.0,240.0,85.0,100.0,2
69.0,31.21,10.0,228.0,22.0,100.0,1
50.0,31.21,68.0,282.0,93.0,100.0,3
72.0,31.21,15.0,245.99999999999997,14.0,100.0,1
62.0,31.21,34.0,228.0,26.0,100.0,1
66.0,31.21,47.0,204.0,163.0,100.0,3
31.0,31.21,49.0,252.0,24.0,100.0,2
69.0,31.21,19.0,245.99999999999997,17.0,100.0,1
79.0,31.21,70.0,228.0,393.0,100.0,3
29.0,31.21,50.0,245.99999999999997,126.0,100.0,3
80.0,31.21,20.0,234.0,13.0,100.0,1
18.0,31.21,10.0,258.0,16.0,100.0,1
45.0,31.21,22.0,282.0,21.0,100.0,1
79.0,31.21,11.0,245.99999999999997,12.0,100.0,1
73.0,31.21,15.0,222.0,19.0,100.0,1
34.0,31.21,26.0,252.0,11.0,100.0,1
14.0,31.21,12.0,264.0,9.0,100.0,1
18.0,31.21,11.0,270.0,13.0,100.0,1
30.0,31.21,30.0,288.0,46.0,100.0,1
31.0,31.21,9.0,234.0,19.0,100.0,1
79.0,31.21,28.0,228.0,11.0,100.0,1
61.0,31.21,23.0,234.0,25.0,100.0,1
56.0,31.21,10.0,245.99999999999997,14.0,100.0,1
14.0,31.21,23.0,222.0,36.0,100.0,1
17.0,31.21,11.0,294.0,14.0,100.0,1
57.0,31.21,21.0,258.0,13.0,100.0,1
55.0,31.21,23.0,216.0,18.0,100.0,1
67.0,31.21,12.0,216.0,15.0,100.0,1
41.0,31.21,34.0,264.0,43.0,100.0,1
80.0,31.21,22.0,240.0,87.0,100.0,2
48.0,31.21,25.0,258.0,11.0,100.0,1
35.0,31.21,123.0,270.0,94.0,100.0,3
68.0,31.21,27.0,252.0,40.0,100.0,1
66.0,31.21,12.0,240.0,14.0,100.0,1
55.0,31.21,18.0,240.0,30.0,100.0,1
66.0,31.21,11.0,204.0,13.0,100.0,1
78.0,31.21,7.0,228.0,25.0,100.0,1
55.0,31.21,31.0,252.0,34.0,100.0,1
69.0,31.21,13.0,240.0,11.0,100.0,1
55.0,31.21,42.0,252.0,46.0,100.0,2
65.0,31.21,18.0,234.0,26.0,100.0,1
17.0,31.21,20.0,245.99999999999997,8.0,100.0,1
17.0,31.21,15.0,252.0,14.0,100.0,1
70.0,31.21,22.0,288.0,18.0,100.0,1
53.0,31.21,19.0,252.0,17.0,100.0,1
63.0,31.21,17.0,245.99999999999997,14.0,100.0,1
15.0,31.21,7.0,252.0,9.0,100.0,1
41.0,31.21,61.0,245.99999999999997,254.0,100.0,3
53.0,31.21,25.0,228.0,38.0,100.0,1
46.0,31.21,8.0,270.0,11.0,100.0,1
26.0,31.21,9.0,240.0,18.0,100.0,1
65.0,31.21,24.0,228.0,337.0,100.0,2
55.0,31.21,18.0,282.0,33.0,100.0,1
28.0,31.21,12.0,258.0,18.0,100.0,1
24.0,31.21,13.0,264.0,14.0,100.0,1
37.0,31.21,29.0,228.0,26.0,100.0,1
19.0,31.21,33.0,240.0,22.0,100.0,1
44.0,31.21,24.0,258.0,24.0,100.0,1
23.0,31.21,14.0,276.0,34.0,100.0,1
60.0,31.21,31.0,240.0,24.0,100.0,1
37.0,31.21,16.0,258.0,68.0,100.0,2
29.0,31.21,36.0,258.0,14.0,100.0,1
16.0,31.21,18.0,258.0,21.0,100.0,1
64.0,31.21,17.0,240.0,58.0,100.0,2
49.0,31.21,17.0,240.0,15.0,100.0,1
44.0,31.21,13.0,234.0,39.0,100.0,1
50.0,31.21,25.0,234.0,16.0,100.0,1
48.0,31.21,14.0,228.0,27.0,100.0,1
76.0,31.21,20.0,240.0,70.0,100.0,2
53.0,31.21,14.0,264.0,19.0,100.0,1
46.0,31.21,14.0,216.0,20.0,100.0,1
47.0,31.21,10.0,216.0,15.0,100.0,1
12.0,31.21,41.0,222.0,16.0,100.0,2
64.0,31.21,17.0,234.0,28.0,100.0,1
36.0,31.21,39.0,252.0,26.0,100.0,1
24.0,31.21,16.0,228.0,10.0,100.0,1
58.0,31.21,10.0,234.0,31.0,100.0,1
49.0,31.21,11.0,198.0,17.0,100.0,1
49.0,31.21,14.0,240.0,27.0,100.0,1
60.0,31.21,26.0,276.0,99.0,100.0,2
75.0,31.21,24.0,240.0,13.0,100.0,1
46.0,31.21,15.0,258.0,18.0,100.0,1
21.0,31.21,12.0,258.0,13.0,100.0,1
12.0,31.21,9.0,240.0,9.0,100.0,1
75.0,31.21,21.0,240.0,17.0,100.0,1
43.0,31.21,25.0,222.0,36.0,100.0,1
42.0,31.21,71.0,252.0,106.0,100.0,3
56.0,31.21,40.0,264.0,82.0,100.0,2
69.0,31.21,23.0,234.0,29.0,100.0,1
18.0,31.21,12.0,264.0,11.0,100.0,1
62.0,31.21,16.0,228.0,19.0,100.0,1
35.0,31.21,5.0,222.0,11.0,100.0,1
48.0,31.21,26.0,252.0,19.0,100.0,1
44.0,31.21,14.0,210.0,25.0,100.0,1
62.0,31.21,12.0,222.0,21.0,100.0,1
49.0,31.21,15.0,264.0,25.0,100.0,1
35.0,31.21,17.0,252.0,34.0,100.0,1
37.0,31.21,51.0,240.0,18.0,100.0,2
56.0,31.21,28.0,234.0,22.0,100.0,1
62.0,31.21,20.0,258.0,27.0,100.0,1
43.0,31.21,16.0,245.99999999999997,26.0,100.0,1
16.0,31.21,21.0,276.0,25.0,100.0,1
32.0,31.21,52.0,222.0,293.0,100.0,3
33.0,31.21,35.0,264.0,43.0,100.0,1
18.0,31.21,46.0,288.0,11.0,100.0,2
19.0,31.21,30.0,240.0,40.0,100.0,1
16.0,31.21,11.0,252.0,13.0,100.0,1
42.0,31.21,126.0,240.0,72.0,100.0,3
57.0,31.21,33.0,264.0,53.0,100.0,2
13.0,31.21,17.0,300.0,18.0,100.0,1
79.0,31.21,16.0,252.0,12.0,100.0,1
14.0,31.21,15.0,264.0,11.0,100.0,1
74.0,31.21,27.0,198.0,48.0,100.0,1
35.0,31.21,8.0,245.99999999999997,10.0,100.0,1
19.0,31.21,7.0,228.0,14.0,100.0,1
70.0,31.21,9.0,245.99999999999997,24.0,100.0,1
33.0,31.21,27.0,240.0,31.0,100.0,1
16.0,31.21,15.0,276.0,12.0,100.0,1
43.0,31.21,22.0,240.0,48.0,100.0,1
12.0,31.21,15.0,282.0,13.0,100.0,1
15.0,31.21,13.0,264.0,14.0,100.0,1
12.0,31.21,16.0,282.0,10.0,100.0,1
32.0,31.21,15.0,264.0,20.0,100.0,1
43.0,31.21,19.0,252.0,33.0,100.0,1
45.0,31.21,18.0,222.0,26.0,100.0,1
12.0,31.21,10.0,270.0,11.0,100.0,1
45.0,31.21,12.0,252.0,10.0,100.0,1
67.0,31.21,17.0,258.0,20.0,100.0,1
36.0,31.21,19.0,276.0,22.0,100.0,1
56.0,31.21,32.0,240.0,28.0,100.0,1
14.0,31.21,10.0,245.99999999999997,8.0,100.0,1
68.0,31.21,20.0,245.99999999999997,28.0,100.0,1
24.0,31.21,28.0,288.0,18.0,100.0,1
47.0,31.21,22.0,252.0,27.0,100.0,1
23.0,31.21,39.0,240.0,23.0,100.0,1
67.0,31.21,18.0,252.0,32.0,100.0,1
71.0,31.21,44.0,216.0,467.0,100.0,3
33.0,31.21,17.0,252.0,13.0,100.0,1
39.0,31.21,24.0,252.0,35.0,100.0,1
48.0,31.21,13.0,228.0,11.0,100.0,1
52.0,31.21,14.0,210.0,25.0,100.0,1
12.0,31.21,24.0,245.99999999999997,14.0,100.0,1
56.0,31.21,15.0,240.0,25.0,100.0,1
20.0,31.21,30.0,245.99999999999997,15.0,100.0,1
21.0,31.21,30.0,252.0,17.0,100.0,1
12.0,31.21,9.0,252.0,12.0,100.0,1
80.0,31.21,22.0,240.0,10.0,100.0,1
51.0,31.21,18.0,245.99999999999997,13.0,100.0,1
25.0,31.21,15.0,222.0,15.0,100.0,1
52.0,31.21,9.0,245.99999999999997,19.0,100.0,1
73.0,31.21,7.0,294.0,9.0,100.0,1
37.0,31.21,12.0,264.0,6.0,100.0,1
57.0,31.21,20.0,258.0,14.0,100.0,1
24.0,31.21,16.0,270.0,19.0,100.0,1
80.0,31.21,12.0,210.0,9.0,100.0,1
72.0,31.21,10.0,216.0,18.0,100.0,1
61.0,31.21,16.0,234.0,59.0,100.0,2
78.0,31.21,16.0,282.0,15.0,100.0,1
36.0,31.21,15.0,222.0,10.0,100.0,1
33.0,31.21,8.0,210.0,20.0,100.0,1
59.0,31.21,82.0,282.0,253.0,100.0,3
29.0,31.21,15.0,234.0,13.0,100.0,1
19.0,31.21,10.0,245.99999999999997,10.0,100.0,1
58.0,31.21,34.0,252.0,12.0,100.0,1
59.0,31.21,24.0,234.0,45.0,100.0,1
14.0,31.21,22.0,282.0,19.0,100.0,1
26.0,31.21,37.0,264.0,20.0,100.0,1
12.0,31.21,22.0,240.0,15.0,100.0,1
55.0,31.21,11.0,252.0,17.0,100.0,1
35.0,31.21,4.0,252.0,10.0,100.0,1
80.0,31.21,17.0,234.0,19.0,100.0,1
12.0,31.21,11.0,240.0,11.0,100.0,1
63.0,31.21,22.0,258.0,46.0,100.0,1
76.0,31.21,14.0,228.0,27.0,100.0,1
57.0,31.21,47.0,252.0,50.0,100.0,3
48.0,31.21,9.0,198.0,16.0,100.0,1
45.0,31.21,16.0,276.0,17.0,100.0,1
17.0,31.21,33.0,222.0,20.0,100.0,1
66.0,31.21,26.0,234.0,73.0,100.0,2
55.0,31.21,35.0,252.0,369.0,100.0,2
14.0,31.21,10.0,234.0,9.0,100.0,1
20.0,31.21,16.0,300.0,10.0,100.0,1
47.0,31.21,46.0,245.99999999999997,116.0,100.0,3
24.0,31.21,15.0,258.0,16.0,100.0,1
15.0,31.21,11.0,270.0,15.0,100.0,1
15.0,31.21,39.0,252.0,30.0,100.0,1
60.0,31.21,34.0,264.0,35.0,100.0,1
63.0,31.21,10.0,234.0,18.0,100.0,1
42.0,31.21,19.0,264.0,6.0,100.0,1
72.0,31.21,17.0,240.0,16.0,100.0,1
23.0,31.21,19.0,264.0,13.0,100.0,1
42.0,31.21,14.0,252.0,20.0,100.0,1
61.0,31.21,15.0,222.0,28.0,100.0,1
13.0,31.21,9.0,252.0,13.0,100.0,1
28.0,31.21,15.0,264.0,16.0,100.0,1
80.0,31.21,10.0,240.0,20.0,100.0,1
29.0,31.21,36.0,252.0,33.0,100.0,1
55.0,31.21,50.0,234.0,24.0,100.0,2
16.0,31.21,16.0,234.0,11.0,100.0,1
66.0,31.21,13.0,264.0,10.0,100.0,1
42.0,31.21,40.0,240.0,28.0,100.0,1
27.0,31.21,22.0,264.0,20.0,100.0,1
44.0,31.21,22.0,264.0,11.0,100.0,1
45.0,31.21,13.0,258.0,13.0,100.0,1
19.0,31.21,7.0,252.0,10.0,100.0,1
12.0,31.21,18.0,240.0,11.0,100.0,1
14.0,31.21,11.0,245.99999999999997,16.0,100.0,1
48.0,31.21,13.0,270.0,14.0,100.0,1
44.0,31.21,52.0,252.0,43.0,100.0,2
74.0,31.21,11.0,252.0,19.0,100.0,1
28.0,31.21,39.0,228.0,12.0,100.0,1
71.0,31.21,12.0,234.0,15.0,100.0,1
33.0,31.21,40.0,270.0,30.0,100.0,1
78.0,31.21,20.0,186.0,34.0,100.0,1
14.0,31.21,13.0,270.0,10.0,100.0,1
26.0,31.21,28.0,222.0,20.0,100.0,1
20.0,31.21,10.0,264.0,9.0,100.0,1
67.0,31.21,15.0,264.0,10.0,100.0,1
59.0,31.21,37.0,264.0,56.0,100.0,2
80.0,31.21,16.0,252.0,25.0,100.0,1
64.0,31.21,6.0,180.0,9.0,100.0,1
14.0,31.21,13.0,270.0,12.0,100.0,1
22.0,31.21,14.0,252.0,153.0,100.0,2
64.0,31.21,18.0,258.0,24.0,100.0,1
18.0,31.21,10.0,245.99999999999997,16.0,100.0,1
45.0,31.21,22.0,222.0,19.0,100.0,1
63.0,31.21,23.0,234.0,67.0,100.0,2
29.0,31.21,10.0,252.0,10.0,100.0,1
80.0,31.21,14.0,252.0,11.0,100.0,1
28.0,31.21,14.0,222.0,16.0,100.0,1
54.0,31.21,17.0,240.0,13.0,100.0,1
73.0,31.21,11.0,192.0,115.0,100.0,2
71.0,31.21,208.0,240.0,550.0,100.0,3
41.0,31.21,18.0,258.0,23.0,100.0,1
23.0,31.21,9.0,216.0,9.0,100.0,1
32.0,31.21,21.0,270.0,23.0,100.0,1
53.0,31.21,19.0,240.0,54.0,100.0,2
73.0,31.21,15.0,240.0,19.0,100.0,1
80.0,31.21,10.0,240.0,24.0,100.0,1
62.0,31.21,40.0,234.0,138.0,100.0,2
12.0,31.21,8.0,240.0,10.0,100.0,1
57.0,31.21,14.0,228.0,14.0,100.0,1
16.0,31.21,8.0,264.0,7.0,100.0,1
41.0,31.21,134.0,245.99999999999997,64.0,100.0,3
80.0,31.21,9.0,234.0,13.0,100.0,1
48.0,31.21,18.0,245.99999999999997,25.0,100.0,1
28.0,31.21,61.0,252.0,54.0,100.0,3
28.0,31.21,9.0,252.0,12.0,100.0,1
50.0,31.21,20.0,252.0,26.0,100.0,1
62.0,31.21,24.0,216.0,15.0,100.0,1
12.0,31.21,20.0,252.0,13.0,100.0,1
24.0,31.21,17.0,245.99999999999997,18.0,100.0,1
12.0,31.21,9.0,240.0,8.0,100.0,1
15.0,31.21,46.0,276.0,35.0,100.0,2
57.0,31.21,25.0,228.0,23.0,100.0,1
37.0,31.21,13.0,234.0,16.0,100.0,1
71.0,31.21,47.0,222.0,21.0,100.0,2
42.0,31.21,30.0,252.0,74.0,100.0,2
26.0,31.21,16.0,264.0,13.0,100.0,1
51.0,31.21,32.0,228.0,25.0,100.0,1
27.0,31.21,20.0,228.0,18.0,100.0,1
52.0,31.21,24.0,245.99999999999997,15.0,100.0,1
36.0,31.21,9.0,245.99999999999997,9.0,100.0,1
45.0,31.21,13.0,216.0,50.0,100.0,2
19.0,31.21,53.0,258.0,15.0,100.0,2
17.0,31.21,8.0,234.0,12.0,100.0,1
13.0,31.21,16.0,228.0,8.0,100.0,1
70.0,31.21,10.0,258.0,16.0,100.0,1
62.0,31.21,10.0,234.0,13.0,100.0,1
18.0,31.21,12.0,240.0,11.0,100.0,1
42.0,31.21,9.0,245.99999999999997,26.0,100.0,1
61.0,31.21,31.0,240.0,26.0,100.0,1
35.0,31.21,13.0,216.0,17.0,100.0,1
13.0,31.21,10.0,245.99999999999997,13.0,100.0,1
29.0,31.21,18.0,252.0,18.0,100.0,1
49.0,31.21,65.0,264.0,35.0,100.0,2
77.0,31.21,21.0,282.0,24.0,100.0,1
53.0,31.21,20.0,245.99999999999997,31.0,100.0,1
64.0,31.21,49.0,258.0,89.0,100.0,3
13.0,31.21,11.0,264.0,23.0,100.0,1
46.0,31.21,25.0,228.0,56.0,100.0,2
17.0,31.21,8.0,282.0,12.0,100.0,1
61.0,31.21,53.0,204.0,369.0,100.0,3
80.0,31.21,12.0,216.0,16.0,100.0,1
58.0,31.21,20.0,222.0,37.0,100.0,1
31.0,31.21,32.0,228.0,31.0,100.0,1
67.0,31.21,17.0,252.0,22.0,100.0,1
64.0,31.21,13.0,216.0,12.0,100.0,1
48.0,31.21,18.0,222.0,16.0,100.0,1
80.0,31.21,18.0,245.99999999999997,55.0,100.0,2
42.0,31.21,11.0,234.0,12.0,100.0,1
13.0,31.21,25.0,294.0,28.0,100.0,1
78.0,31.21,7.0,234.0,20.0,100.0,1
50.0,31.21,17.0,252.0,16.0,100.0,1
64.0,31.21,12.0,252.0,12.0,100.0,1
63.0,31.21,16.0,258.0,33.0,100.0,1
46.0,31.21,17.0,282.0,20.0,100.0,1
39.0,31.21,22.0,264.0,86.0,100.0,2
60.0,31.21,31.0,240.0,66.0,100.0,2
80.0,31.21,16.0,252.0,14.0,100.0,1
30.0,31.21,18.0,252.0,18.0,100.0,1
47.0,31.21,13.0,210.0,29.0,100.0,1
62.0,31.21,52.0,245.99999999999997,30.0,100.0,2
64.0,31.21,10.0,258.0,19.0,100.0,1
54.0,31.21,11.0,258.0,16.0,100.0,1
19.0,31.21,13.0,258.0,14.0,100.0,1
51.0,31.21,20.0,252.0,45.0,100.0,1
31.0,31.21,9.0,222.0,8.0,100.0,1
38.0,31.21,11.0,216.0,11.0,100.0,1
24.0,31.21,11.0,240.0,13.0,100.0,1
30.0,31.21,8.0,234.0,7.0,100.0,1
35.0,31.21,50.0,258.0,34.0,100.0,2
53.0,31.21,17.0,228.0,27.0,100.0,1
52.0,31.21,39.0,240.0,49.0,100.0,2
53.0,31.21,27.0,276.0,40.0,100.0,1
26.0,31.21,10.0,245.99999999999997,14.0,100.0,1
68.0,31.21,9.0,222.0,11.0,100.0,1
80.0,31.21,13.0,245.99999999999997,17.0,100.0,1
75.0,31.21,16.0,258.0,23.0,100.0,1
36.0,31.21,15.0,245.99999999999997,10.0,100.0,1
28.0,31.21,15.0,252.0,23.0,100.0,1
22.0,31.21,21.0,276.0,17.0,100.0,1
47.0,31.21,21.0,270.0,21.0,100.0,1
51.0,31.21,15.0,228.0,65.0,100.0,2
60.0,31.21,20.0,276.0,16.0,100.0,1
18.0,31.21,16.0,252.0,11.0,100.0,1
80.0,31.21,22.0,240.0,17.0,100.0,1
63.0,31.21,17.0,228.0,12.0,100.0,1
80.0,31.21,13.0,216.0,14.0,100.0,1
13.0,31.21,11.0,264.0,8.0,100.0,1
33.0,31.21,41.0,258.0,24.0,100.0,2
69.0,31.21,18.0,258.0,11.0,100.0,1
79.0,31.21,10.0,270.0,30.0,100.0,1
51.0,31.21,21.0,240.0,20.0,100.0,1
17.0,31.21,66.0,240.0,24.0,100.0,2
62.0,31.21,17.0,245.99999999999997,14.0,100.0,1
75.0,31.21,12.0,245.99999999999997,37.0,100.0,1
44.0,31.21,14.0,234.0,14.0,100.0,1
53.0,31.21,34.0,264.0,37.0,100.0,1
73.0,31.21,22.0,234.0,17.0,100.0,1
60.0,31.21,15.0,210.0,33.0,100.0,1
80.0,31.21,14.0,240.0,25.0,100.0,1
71.0,31.21,21.0,245.99999999999997,13.0,100.0,1
34.0,31.21,22.0,204.0,82.0,100.0,2
38.0,31.21,12.0,234.0,14.0,100.0,1
53.0,31.21,62.0,234.0,57.0,100.0,3
24.0,31.21,10.0,270.0,11.0,100.0,1
44.0,31.21,13.0,258.0,22.0,100.0,1
19.0,31.21,28.0,245.99999999999997,26.0,100.0,1
28.0,31.21,13.0,216.0,16.0,100.0,1
54.0,31.21,16.0,228.0,13.0,100.0,1
65.0,31.21,11.0,252.0,21.0,100.0,1
31.0,31.21,13.0,186.0,15.0,100.0,1
13.0,31.21,6.0,252.0,12.0,100.0,1
21.0,31.21,25.0,270.0,17.0,100.0,1
62.0,31.21,10.0,234.0,14.0,100.0,1
80.0,31.21,18.0,240.0,12.0,100.0,1
58.0,31.21,31.0,252.0,29.0,100.0,1
13.0,31.21,18.0,294.0,35.0,100.0,1
18.0,31.21,26.0,264.0,22.0,100.0,1
27.0,31.21,30.0,240.0,21.0,100.0,1
19.0,31.21,10.0,222.0,6.0,100.0,1
56.0,31.21,31.0,240.0,78.0,100.0,2
18.0,31.21,12.0,264.0,13.0,100.0,1
32.0,31.21,8.0,222.0,8.0,100.0,1
35.0,31.21,135.0,240.0,35.0,100.0,2
33.0,31.21,12.0,198.0,12.0,100.0,1
57.0,31.21,14.0,245.99999999999997,11.0,100.0,1
68.0,31.21,27.0,216.0,15.0,100.0,1
23.0,31.21,10.0,252.0,7.0,100.0,1
25.0,31.21,7.0,245.99999999999997,19.0,100.0,1
16.0,31.21,14.0,264.0,20.0,100.0,1
77.0,31.21,8.0,234.0,21.0,100.0,1
32.0,31.21,19.0,276.0,13.0,100.0,1
17.0,31.21,26.0,216.0,29.0,100.0,1
16.0,31.21,8.0,216.0,14.0,100.0,1
14.0,31.21,11.0,234.0,6.0,100.0,1
47.0,31.21,17.0,245.99999999999997,15.0,100.0,1
43.0,31.21,9.0,245.99999999999997,16.0,100.0,1
16.0,31.21,9.0,252.0,10.0,100.0,1
55.0,31.21,14.0,245.99999999999997,20.0,100.0,1
78.0,31.21,19.0,240.0,33.0,100.0,1
47.0,31.21,12.0,245.99999999999997,9.0,100.0,1
44.0,31.21,11.0,216.0,14.0,100.0,1
57.0,31.21,18.0,222.0,43.0,100.0,1
78.0,31.21,25.0,264.0,14.0,100.0,1
42.0,31.21,18.0,270.0,24.0,100.0,1
13.0,31.21,12.0,282.0,14.0,100.0,1
47.0,31.21,34.0,282.0,24.0,100.0,1
57.0,31.21,23.0,258.0,21.0,100.0,1
57.0,31.21,25.0,264.0,48.0,100.0,1
39.0,31.21,27.0,264.0,17.0,100.0,1
57.0,31.21,22.0,234.0,19.0,100.0,1
41.0,31.21,20.0,245.99999999999997,13.0,100.0,1
68.0,31.21,17.0,240.0,29.0,100.0,1
48.0,31.21,15.0,258.0,14.0,100.0,1
52.0,31.21,19.0,228.0,21.0,100.0,1
48.0,31.21,43.0,204.0,143.0,100.0,3
54.0,31.21,26.0,264.0,29.0,100.0,1
33.0,31.21,12.0,245.99999999999997,6.0,100.0,1
44.0,31.21,7.0,234.0,13.0,100.0,1
55.0,31.21,27.0,216.0,10.0,100.0,1
62.0,31.21,16.0,240.0,31.0,100.0,1
72.0,31.21,28.0,228.0,16.0,100.0,1
79.0,31.21,14.0,234.0,21.0,100.0,1
66.0,31.21,13.0,240.0,13.0,100.0,1
52.0,31.21,27.0,252.0,31.0,100.0,1
36.0,31.21,14.0,216.0,15.0,100.0,1
28.0,31.21,53.0,264.0,72.0,100.0,3
46.0,31.21,14.0,258.0,13.0,100.0,1
33.0,31.21,203.0,282.0,128.0,100.0,3
80.0,31.21,13.0,216.0,15.0,100.0,1
41.0,31.21,20.0,252.0,24.0,100.0,1
65.0,31.21,22.0,252.0,14.0,100.0,1
25.0,31.21,23.0,264.0,20.0,100.0,1
30.0,31.21,19.0,228.0,17.0,100.0,1
54.0,31.21,22.0,222.0,29.0,100.0,1
48.0,31.21,13.0,216.0,23.0,100.0,1
12.0,31.21,19.0,264.0,14.0,100.0,1
46.0,31.21,46.0,245.99999999999997,25.0,100.0,2
69.0,31.21,15.0,240.0,19.0,100.0,1
72.0,31.21,25.0,264.0,40.0,100.0,1
54.0,31.21,54.0,252.0,50.0,100.0,3
27.0,31.21,69.0,245.99999999999997,25.0,100.0,2
13.0,31.21,8.0,258.0,12.0,100.0,1
71.0,31.21,30.0,240.0,30.0,100.0,1
29.0,31.21,22.0,276.0,28.0,100.0,1
46.0,31.21,11.0,192.0,14.0,100.0,1
55.0,31.21,27.0,240.0,29.0,100.0,1
28.0,31.21,12.0,234.0,16.0,100.0,1
80.0,31.21,13.0,245.99999999999997,11.0,100.0,1
16.0,31.21,25.0,270.0,25.0,100.0,1
12.0,31.21,23.0,252.0,17.0,100.0,1
22.0,31.21,18.0,258.0,22.0,100.0,1
49.0,31.21,43.0,252.0,18.0,100.0,2
52.0,31.21,52.0,240.0,69.0,100.0,3
15.0,31.21,28.0,240.0,13.0,100.0,1
46.0,31.21,61.0,264.0,312.0,100.0,3
17.0,31.21,23.0,258.0,52.0,100.0,2
24.0,31.21,18.0,228.0,19.0,100.0,1
80.0,31.21,18.0,210.0,14.0,100.0,1
46.0,31.21,23.0,258.0,17.0,100.0,1
70.0,31.21,16.0,270.0,9.0,100.0,1
66.0,31.21,16.0,252.0,17.0,100.0,1
18.0,31.21,19.0,276.0,31.0,100.0,1
17.0,31.21,26.0,252.0,21.0,100.0,1
54.0,31.21,18.0,228.0,23.0,100.0,1
15.0,31.21,14.0,252.0,10.0,100.0,1
52.0,31.21,42.0,240.0,40.0,100.0,2
51.0,31.21,16.0,258.0,23.0,100.0,1
43.0,31.21,22.0,252.0,20.0,100.0,1
25.0,31.21,6.0,234.0,13.0,100.0,1
18.0,31.21,47.0,264.0,38.0,100.0,2
37.0,31.21,17.0,264.0,7.0,100.0,1
17.0,31.21,12.0,276.0,15.0,100.0,1
60.0,31.21,24.0,258.0,20.0,100.0,1
60.0,31.21,15.0,252.0,24.0,100.0,1
73.0,31.21,50.0,258.0,49.0,100.0,3
17.0,31.21,21.0,300.0,36.0,100.0,1
38.0,31.21,47.0,258.0,72.0,100.0,3
62.0,31.21,10.0,192.0,17.0,100.0,1
41.0,31.21,12.0,245.99999999999997,21.0,100.0,1
41.0,31.21,16.0,216.0,14.0,100.0,1
55.0,31.21,11.0,222.0,26.0,100.0,1
59.0,31.21,42.0,252.0,35.0,100.0,2
15.0,31.21,14.0,252.0,35.0,100.0,1
60.0,31.21,25.0,252.0,47.0,100.0,1
70.0,31.21,14.0,228.0,12.0,100.0,1
71.0,31.21,16.0,245.99999999999997,28.0,100.0,1
15.0,31.21,22.0,264.0,40.0,100.0,1
61.0,31.21,12.0,234.0,17.0,100.0,1
77.0,31.21,8.0,222.0,38.0,100.0,1
43.0,31.21,11.0,222.0,17.0,100.0,1
31.0,31.21,15.0,245.99999999999997,8.0,100.0,1
44.0,31.21,50.0,276.0,63.0,100.0,3
66.0,31.21,12.0,245.99999999999997,27.0,100.0,1
50.0,31.21,20.0,210.0,24.0,100.0,1
61.0,31.21,13.0,228.0,37.0,100.0,1
53.0,31.21,37.0,228.0,153.0,100.0,2
61.0,31.21,19.0,234.0,17.0,100.0,1
16.0,31.21,11.0,270.0,17.0,100.0,1
41.0,31.21,34.0,258.0,108.0,100.0,2
22.0,31.21,13.0,258.0,16.0,100.0,1
20.0,31.21,29.0,276.0,25.0,100.0,1
44.0,31.21,14.0,234.0,36.0,100.0,1
67.0,31.21,22.0,234.0,15.0,100.0,1
63.0,31.21,10.0,252.0,17.0,100.0,1
14.0,31.21,9.0,258.0,11.0,100.0,1
18.0,31.21,23.0,252.0,20.0,100.0,1
49.0,31.21,17.0,252.0,20.0,100.0,1
18.0,31.21,15.0,264.0,20.0,100.0,1
76.0,31.21,11.0,240.0,11.0,100.0,1
70.0,31.21,18.0,258.0,21.0,100.0,1
55.0,31.21,17.0,228.0,49.0,100.0,2
71.0,31.21,21.0,240.0,49.0,100.0,2
52.0,31.21,37.0,258.0,56.0,100.0,2
57.0,31.21,35.0,228.0,44.0,100.0,1
75.0,31.21,16.0,245.99999999999997,31.0,100.0,1
59.0,31.21,16.0,245.99999999999997,15.0,100.0,1
66.0,31.21,12.0,252.0,14.0,100.0,1
15.0,31.21,9.0,258.0,13.0,100.0,1
59.0,31.21,19.0,228.0,21.0,100.0,1
46.0,31.21,24.0,252.0,17.0,100.0,1
14.0,31.21,16.0,234.0,13.0,100.0,1
58.0,31.21,16.0,264.0,23.0,100.0,1
47.0,31.21,15.0,245.99999999999997,19.0,100.0,1
18.0,31.21,26.0,258.0,11.0,100.0,1
66.0,31.21,21.0,240.0,34.0,100.0,1
34.0,31.21,12.0,270.0,18.0,100.0,1
70.0,31.21,15.0,258.0,21.0,100.0,1
32.0,31.21,20.0,245.99999999999997,30.0,100.0,1
22.0,31.21,118.0,258.0,128.0,100.0,3
46.0,31.21,121.0,258.0,170.0,100.0,3
65.0,31.21,13.0,252.0,28.0,100.0,1
17.0,31.21,15.0,258.0,11.0,100.0,1
66.0,31.21,13.0,245.99999999999997,21.0,100.0,1
28.0,31.21,12.0,288.0,12.0,100.0,1
59.0,31.21,22.0,252.0,59.0,100.0,2
32.0,31.21,31.0,245.99999999999997,17.0,100.0,1
18.0,31.21,12.0,234.0,13.0,100.0,1
17.0,31.21,9.0,276.0,15.0,100.0,1
43.0,31.21,23.0,240.0,15.0,100.0,1
26.0,31.21,11.0,270.0,10.0,100.0,1
14.0,31.21,18.0,252.0,17.0,100.0,1
61.0,31.21,23.0,258.0,32.0,100.0,1
40.0,31.21,10.0,222.0,18.0,100.0,1
53.0,31.21,11.0,222.0,15.0,100.0,1
66.0,31.21,38.0,234.0,61.0,100.0,2
60.0,31.21,19.0,252.0,53.0,100.0,2
23.0,31.21,32.0,264.0,18.0,100.0,1
47.0,31.21,15.0,216.0,9.0,100.0,1
80.0,31.21,18.0,258.0,34.0,100.0,1
34.0,31.21,46.0,258.0,21.0,100.0,2
26.0,31.21,18.0,234.0,9.0,100.0,1
60.0,31.21,10.0,252.0,18.0,100.0,1
67.0,31.21,13.0,234.0,11.0,100.0,1
74.0,31.21,11.0,276.0,22.0,100.0,1
14.0,31.21,13.0,258.0,10.0,100.0,1
74.0,31.21,14.0,245.99999999999997,44.0,100.0,1
64.0,31.21,14.0,228.0,28.0,100.0,1
38.0,31.21,10.0,222.0,13.0,100.0,1
34.0,31.21,11.0,240.0,11.0,100.0,1
26.0,31.21,7.0,210.0,8.0,100.0,1
68.0,31.21,21.0,245.99999999999997,19.0,100.0,1
45.0,31.21,13.0,252.0,18.0,100.0,1
51.0,31.21,18.0,252.0,13.0,100.0,1
67.0,31.21,41.0,282.0,21.0,100.0,2
62.0,31.21,20.0,245.99999999999997,31.0,100.0,1
62.0,31.21,15.0,252.0,28.0,100.0,1
33.0,31.21,21.0,282.0,39.0,100.0,1
22.0,31.21,10.0,258.0,8.0,100.0,1
56.0,31.21,16.0,234.0,27.0,100.0,1
80.0,31.21,19.0,228.0,10.0,100.0,1
76.0,31.21,24.0,240.0,20.0,100.0,1
31.0,31.21,10.0,240.0,20.0,100.0,1
55.0,31.21,20.0,264.0,31.0,100.0,1
40.0,31.21,11.0,228.0,31.0,100.0,1
62.0,31.21,15.0,228.0,31.0,100.0,1
24.0,31.21,8.0,204.0,14.0,100.0,1
37.0,31.21,34.0,222.0,43.0,100.0,1
63.0,31.21,21.0,258.0,17.0,100.0,1
50.0,31.21,20.0,258.0,13.0,100.0,1
49.0,31.21,16.0,252.0,9.0,100.0,1
21.0,31.21,13.0,264.0,9.0,100.0,1
67.0,31.21,12.0,264.0,18.0,100.0,1
60.0,31.21,9.0,258.0,24.0,100.0,1
59.0,31.21,35.0,264.0,51.0,100.0,2
26.0,31.21,32.0,234.0,23.0,100.0,1
61.0,31.21,17.0,234.0,48.0,100.0,1
17.0,31.21,37.0,264.0,14.0,100.0,1
30.0,31.21,22.0,245.99999999999997,57.0,100.0,2
17.0,31.21,19.0,240.0,27.0,100.0,1
32.0,31.21,11.0,252.0,12.0,100.0,1
30.0,31.21,15.0,222.0,23.0,100.0,1
63.0,31.21,16.0,240.0,24.0,100.0,1
29.0,31.21,13.0,276.0,12.0,100.0,1
65.0,31.21,21.0,240.0,31.0,100.0,1
16.0,31.21,14.0,258.0,15.0,100.0,1
22.0,31.21,11.0,270.0,21.0,100.0,1
55.0,31.21,17.0,270.0,11.0,100.0,1
63.0,31.21,10.0,210.0,15.0,100.0,1
80.0,31.21,12.0,240.0,22.0,100.0,1
63.0,31.21,28.0,264.0,45.0,100.0,1
26.0,31.21,15.0,258.0,29.0,100.0,1
18.0,31.21,22.0,245.99999999999997,13.0,100.0,1
21.0,31.21,22.0,204.0,16.0,100.0,1
47.0,31.21,10.0,240.0,27.0,100.0,1
62.0,31.21,37.0,240.0,258.0,100.0,2
66.0,31.21,15.0,258.0,27.0,100.0,1
58.0,31.21,16.0,240.0,13.0,100.0,1
14.0,31.21,8.0,228.0,10.0,100.0,1
22.0,31.21,39.0,252.0,36.0,100.0,1
46.0,31.21,50.0,282.0,46.0,100.0,2
37.0,31.21,10.0,210.0,14.0,100.0,1
57.0,31.21,62.0,174.0,63.0,100.0,3
51.0,31.21,9.0,216.0,10.0,100.0,1
13.0,31.21,18.0,264.0,9.0,100.0,1
60.0,31.21,11.0,222.0,20.0,100.0,1
45.0,31.21,19.0,228.0,91.0,100.0,2
80.0,31.21,13.0,222.0,32.0,100.0,1
27.0,31.21,36.0,252.0,40.0,100.0,1
61.0,31.21,19.0,204.0,21.0,100.0,1
80.0,31.21,10.0,204.0,42.0,100.0,1
51.0,31.21,21.0,252.0,29.0,100.0,1
38.0,31.21,16.0,264.0,19.0,100.0,1
51.0,31.21,19.0,234.0,20.0,100.0,1
20.0,31.21,15.0,234.0,8.0,100.0,1
63.0,31.21,14.0,228.0,6.0,100.0,1
22.0,31.21,21.0,204.0,9.0,100.0,1
29.0,31.21,14.0,180.0,7.0,100.0,1
48.0,31.21,26.0,252.0,14.0,100.0,1
80.0,31.21,17.0,252.0,21.0,100.0,1
80.0,31.21,16.0,245.99999999999997,15.0,100.0,1
62.0,31.21,16.0,222.0,24.0,100.0,1
31.0,31.21,13.0,216.0,33.0,100.0,1
60.0,31.21,19.0,245.99999999999997,16.0,100.0,1
41.0,31.21,35.0,270.0,30.0,100.0,1
67.0,31.21,15.0,245.99999999999997,14.0,100.0,1
27.0,31.21,29.0,258.0,50.0,100.0,2
52.0,31.21,18.0,222.0,13.0,100.0,1
80.0,31.21,13.0,245.99999999999997,20.0,100.0,1
13.0,31.21,11.0,258.0,14.0,100.0,1
38.0,31.21,15.0,264.0,11.0,100.0,1
61.0,31.21,27.0,258.0,30.0,100.0,1
46.0,31.21,25.0,294.0,14.0,100.0,1
25.0,31.21,35.0,258.0,56.0,100.0,2
13.0,31.21,7.0,234.0,19.0,100.0,1
13.0,31.21,11.0,264.0,8.0,100.0,1
23.0,31.21,14.0,270.0,18.0,100.0,1
80.0,31.21,15.0,234.0,4.0,100.0,1
56.0,31.21,24.0,186.0,37.0,100.0,1
68.0,31.21,25.0,234.0,28.0,100.0,1
30.0,31.21,8.0,228.0,10.0,100.0,1
29.0,31.21,11.0,240.0,11.0,100.0,1
19.0,31.21,10.0,270.0,7.0,100.0,1
26.0,31.21,22.0,276.0,13.0,100.0,1
68.0,31.21,18.0,264.0,22.0,100.0,1
17.0,31.21,25.0,228.0,23.0,100.0,1
18.0,31.21,17.0,222.0,20.0,100.0,1
42.0,31.21,69.0,234.0,187.0,100.0,3
65.0,31.21,11.0,240.0,18.0,100.0,1
64.0,31.21,15.0,240.0,44.0,100.0,1
72.0,31.21,19.0,264.0,27.0,100.0,1
40.0,31.21,67.0,228.0,25.0,100.0,2
79.0,31.21,21.0,198.0,28.0,100.0,1
25.0,31.21,19.0,240.0,19.0,100.0,1
43.0,31.21,14.0,240.0,9.0,100.0,1
56.0,31.21,12.0,228.0,28.0,100.0,1
42.0,31.21,30.0,240.0,27.0,100.0,1
79.0,31.21,17.0,258.0,45.0,100.0,1
52.0,31.21,28.0,234.0,57.0,100.0,2
35.0,31.21,11.0,258.0,10.0,100.0,1
13.0,31.21,26.0,270.0,19.0,100.0,1
73.0,31.21,19.0,252.0,51.0,100.0,2
74.0,31.21,6.0,210.0,20.0,100.0,1
80.0,31.21,13.0,252.0,11.0,100.0,1
71.0,31.21,9.0,234.0,17.0,100.0,1
27.0,31.21,20.0,240.0,48.0,100.0,1
37.0,31.21,12.0,270.0,12.0,100.0,1
80.0,31.21,15.0,234.0,19.0,100.0,1
50.0,31.21,22.0,234.0,75.0,100.0,2
23.0,31.21,9.0,186.0,8.0,100.0,1
13.0,31.21,9.0,258.0,20.0,100.0,1
33.0,31.21,11.0,276.0,17.0,100.0,1
63.0,31.21,25.0,276.0,19.0,100.0,1
61.0,31.21,10.0,245.99999999999997,13.0,100.0,1
36.0,31.21,16.0,264.0,13.0,100.0,1
14.0,31.21,9.0,264.0,13.0,100.0,1
46.0,31.21,15.0,252.0,11.0,100.0,1
52.0,31.21,12.0,245.99999999999997,11.0,100.0,1
46.0,31.21,34.0,264.0,60.0,100.0,2
15.0,31.21,12.0,264.0,17.0,100.0,1
53.0,31.21,109.0,222.0,118.0,100.0,3
33.0,31.21,16.0,264.0,28.0,100.0,1
58.0,31.21,62.0,222.0,35.0,100.0,2
43.0,31.21,33.0,276.0,12.0,100.0,1
42.0,31.21,11.0,210.0,17.0,100.0,1
26.0,31.21,13.0,270.0,20.0,100.0,1
14.0,31.21,12.0,252.0,13.0,100.0,1
77.0,31.21,10.0,210.0,15.0,100.0,1
75.0,31.21,14.0,240.0,16.0,100.0,1
55.0,31.21,15.0,234.0,30.0,100.0,1
33.0,31.21,14.0,240.0,5.0,100.0,1
54.0,31.21,19.0,222.0,20.0,100.0,1
70.0,31.21,21.0,282.0,15.0,100.0,1
60.0,31.21,14.0,258.0,52.0,100.0,2
61.0,31.21,15.0,240.0,19.0,100.0,1
65.0,31.21,6.0,180.0,28.0,100.0,1
16.0,31.21,11.0,258.0,9.0,100.0,1
18.0,31.21,16.0,264.0,18.0,100.0,1
13.0,31.21,12.0,264.0,6.0,100.0,1
72.0,31.21,17.0,245.99999999999997,34.0,100.0,1
31.0,31.21,156.0,258.0,103.0,100.0,3
80.0,31.21,14.0,245.99999999999997,19.0,100.0,1
45.0,31.21,24.0,222.0,198.0,100.0,2
14.0,31.21,13.0,228.0,11.0,100.0,1
20.0,31.21,7.0,174.0,7.0,100.0,1
30.0,31.21,63.0,276.0,35.0,100.0,2
54.0,31.21,14.0,240.0,17.0,100.0,1
66.0,31.21,22.0,234.0,25.0,100.0,1
12.0,31.21,13.0,270.0,7.0,100.0,1
80.0,31.21,17.0,240.0,20.0,100.0,1
48.0,31.21,8.0,228.0,14.0,100.0,1
58.0,31.21,15.0,240.0,61.0,100.0,2
45.0,31.21,25.0,282.0,27.0,100.0,1
14.0,31.21,14.0,252.0,13.0,100.0,1
33.0,31.21,28.0,252.0,28.0,100.0,1
37.0,31.21,10.0,222.0,32.0,100.0,1
39.0,31.21,21.0,245.99999999999997,17.0,100.0,1
64.0,31.21,11.0,228.0,22.0,100.0,1
50.0,31.21,20.0,252.0,17.0,100.0,1
29.0,31.21,34.0,258.0,20.0,100.0,1
14.0,31.21,8.0,288.0,9.0,100.0,1
80.0,31.21,18.0,240.0,86.0,100.0,2
24.0,31.21,19.0,282.0,21.0,100.0,1
35.0,31.21,12.0,240.0,10.0,100.0,1
67.0,31.21,32.0,252.0,98.0,100.0,2
24.0,31.21,9.0,258.0,10.0,100.0,1
47.0,31.21,86.0,270.0,31.0,100.0,2
19.0,31.21,4.0,252.0,9.0,100.0,1
15.0,31.21,9.0,258.0,13.0,100.0,1
47.0,31.21,18.0,228.0,31.0,100.0,1
58.0,31.21,14.0,270.0,12.0,100.0,1
61.0,31.21,16.0,228.0,21.0,100.0,1
55.0,31.21,29.0,222.0,41.0,100.0,1
62.0,31.21,13.0,204.0,28.0,100.0,1
26.0,31.21,66.0,282.0,26.0,100.0,2
80.0,31.21,8.0,222.0,14.0,100.0,1
19.0,31.21,8.0,180.0,7.0,100.0,1
17.0,31.21,21.0,258.0,15.0,100.0,1
37.0,31.21,22.0,234.0,24.0,100.0,1
16.0,31.21,10.0,252.0,11.0,100.0,1
24.0,31.21,10.0,222.0,11.0,100.0,1
55.0,31.21,11.0,240.0,61.0,100.0,2
80.0,31.21,51.0,258.0,23.0,100.0,2
34.0,31.21,33.0,234.0,41.0,100.0,1
50.0,31.21,27.0,240.0,39.0,100.0,1
75.0,31.21,26.0,245.99999999999997,15.0,100.0,1
63.0,31.21,26.0,240.0,24.0,100.0,1
16.0,31.21,9.0,252.0,9.0,100.0,1
54.0,31.21,20.0,245.99999999999997,24.0,100.0,1
18.0,31.21,7.0,252.0,10.0,100.0,1
80.0,31.21,20.0,258.0,14.0,100.0,1
34.0,31.21,11.0,245.99999999999997,8.0,100.0,1
33.0,31.21,10.0,264.0,9.0,100.0,1
47.0,31.21,15.0,198.0,8.0,100.0,1
16.0,31.21,29.0,252.0,15.0,100.0,1
36.0,31.21,11.0,258.0,12.0,100.0,1
62.0,31.21,20.0,264.0,14.0,100.0,1
58.0,31.21,12.0,252.0,18.0,100.0,1
25.0,31.21,54.0,264.0,24.0,100.0,2
71.0,31.21,27.0,240.0,39.0,100.0,1
17.0,31.21,13.0,258.0,8.0,100.0,1
45.0,31.21,14.0,222.0,22.0,100.0,1
24.0,31.21,8.0,252.0,19.0,100.0,1
63.0,31.21,13.0,252.0,18.0,100.0,1
23.0,31.21,10.0,234.0,9.0,100.0,1
25.0,31.21,58.0,306.0,80.0,100.0,3
39.0,31.21,20.0,270.0,9.0,100.0,1
13.0,31.21,17.0,258.0,20.0,100.0,1
61.0,31.21,11.0,252.0,8.0,100.0,1
14.0,31.21,15.0,282.0,13.0,100.0,1
27.0,31.21,54.0,252.0,21.0,100.0,2
57.0,31.21,20.0,288.0,33.0,100.0,1
23.0,31.21,19.0,234.0,14.0,100.0,1
43.0,31.21,49.0,240.0,41.0,100.0,2
18.0,31.21,16.0,245.99999999999997,30.0,100.0,1
48.0,31.21,10.0,240.0,34.0,100.0,1
73.0,31.21,9.0,198.0,14.0,100.0,1
30.0,31.21,11.0,252.0,21.0,100.0,1
38.0,31.21,34.0,258.0,43.0,100.0,1
14.0,31.21,16.0,264.0,13.0,100.0,1
14.0,31.21,10.0,252.0,10.0,100.0,1
37.0,31.21,40.0,264.0,12.0,100.0,1
80.0,31.21,14.0,204.0,22.0,100.0,1
47.0,31.21,21.0,258.0,26.0,100.0,1
51.0,31.21,15.0,252.0,20.0,100.0,1
13.0,31.21,11.0,276.0,9.0,100.0,1
38.0,31.21,18.0,240.0,26.0,100.0,1
20.0,31.21,10.0,282.0,9.0,100.0,1
41.0,31.21,9.0,192.0,10.0,100.0,1
80.0,31.21,14.0,234.0,9.0,100.0,1
26.0,31.21,25.0,258.0,18.0,100.0,1
68.0,31.21,23.0,234.0,34.0,100.0,1
74.0,31.21,14.0,240.0,10.0,100.0,1
50.0,31.21,46.0,245.99999999999997,21.0,100.0,2
64.0,31.21,15.0,192.0,20.0,100.0,1
56.0,31.21,20.0,240.0,14.0,100.0,1
55.0,31.21,14.0,258.0,31.0,100.0,1
63.0,31.21,27.0,234.0,90.0,100.0,2
21.0,31.21,19.0,240.0,10.0,100.0,1
18.0,31.21,24.0,252.0,19.0,100.0,1
41.0,31.21,18.0,222.0,18.0,100.0,1
29.0,31.21,45.0,288.0,41.0,100.0,2
17.0,31.21,19.0,245.99999999999997,29.0,100.0,1
60.0,31.21,28.0,258.0,25.0,100.0,1
61.0,31.21,14.0,240.0,24.0,100.0,1
13.0,31.21,11.0,240.0,15.0,100.0,1
80.0,31.21,22.0,198.0,27.0,100.0,1
49.0,31.21,13.0,245.99999999999997,15.0,100.0,1
21.0,31.21,15.0,282.0,22.0,100.0,1
15.0,31.21,9.0,270.0,10.0,100.0,1
80.0,31.21,19.0,252.0,24.0,100.0,1
25.0,31.21,22.0,270.0,20.0,100.0,1
64.0,31.21,23.0,264.0,12.0,100.0,1
25.0,31.21,17.0,228.0,13.0,100.0,1
58.0,31.21,8.0,234.0,8.0,100.0,1
23.0,31.21,20.0,252.0,28.0,100.0,1
66.0,31.21,12.0,210.0,27.0,100.0,1
36.0,31.21,12.0,210.0,12.0,100.0,1
52.0,31.21,45.0,270.0,110.0,100.0,3
17.0,31.21,30.0,245.99999999999997,21.0,100.0,1
68.0,31.21,30.0,258.0,64.0,100.0,2
67.0,31.21,20.0,240.0,19.0,100.0,1
53.0,31.21,32.0,228.0,26.0,100.0,1
69.0,31.21,26.0,270.0,40.0,100.0,1
19.0,31.21,26.0,258.0,33.0,100.0,1
16.0,31.21,30.0,258.0,23.0,100.0,1
12.0,31.21,23.0,228.0,26.0,100.0,1
50.0,31.21,22.0,258.0,26.0,100.0,1
71.0,31.21,17.0,234.0,36.0,100.0,1
25.0,31.21,13.0,234.0,18.0,100.0,1
24.0,31.21,9.0,240.0,7.0,100.0,1
25.0,31.21,7.0,245.99999999999997,13.0,100.0,1
35.0,31.21,11.0,234.0,22.0,100.0,1
71.0,31.21,14.0,258.0,14.0,100.0,1
45.0,31.21,16.0,228.0,17.0,100.0,1
55.0,31.21,19.0,234.0,23.0,100.0,1
12.0,31.21,13.0,282.0,13.0,100.0,1
15.0,31.21,9.0,258.0,13.0,100.0,1
28.0,31.21,21.0,234.0,20.0,100.0,1
32.0,31.21,16.0,186.0,15.0,100.0,1
40.0,31.21,30.0,258.0,148.0,100.0,2
32.0,31.21,9.0,276.0,25.0,100.0,1
20.0,31.21,17.0,270.0,18.0,100.0,1
71.0,31.21,16.0,252.0,24.0,100.0,1
49.0,31.21,35.0,252.0,64.0,100.0,2
54.0,31.21,7.0,258.0,12.0,100.0,1
60.0,31.21,11.0,234.0,18.0,100.0,1
35.0,31.21,14.0,222.0,21.0,100.0,1
51.0,31.21,22.0,294.0,26.0,100.0,1
36.0,31.21,23.0,276.0,13.0,100.0,1
66.0,31.21,12.0,245.99999999999997,12.0,100.0,1
80.0,31.21,12.0,228.0,12.0,100.0,1
42.0,31.21,11.0,264.0,8.0,100.0,1
15.0,31.21,13.0,245.99999999999997,10.0,100.0,1
31.0,31.21,11.0,150.0,7.0,100.0,1
80.0,31.21,18.0,228.0,49.0,100.0,2
42.0,31.21,16.0,240.0,23.0,100.0,1
12.0,31.21,17.0,240.0,13.0,100.0,1
59.0,31.21,20.0,282.0,22.0,100.0,1
42.0,31.21,63.0,264.0,57.0,100.0,3
62.0,31.21,29.0,234.0,105.0,100.0,2
57.0,31.21,21.0,270.0,20.0,100.0,1
80.0,31.21,26.0,245.99999999999997,39.0,100.0,1
41.0,31.21,17.0,222.0,30.0,100.0,1
17.0,31.21,62.0,270.0,22.0,100.0,2
58.0,31.21,25.0,240.0,14.0,100.0,1
51.0,31.21,14.0,228.0,20.0,100.0,1
18.0,31.21,13.0,252.0,10.0,100.0,1
67.0,31.21,18.0,245.99999999999997,35.0,100.0,1
78.0,31.21,25.0,240.0,127.0,100.0,2
70.0,31.21,25.0,264.0,28.0,100.0,1
63.0,31.21,14.0,204.0,15.0,100.0,1
49.0,31.21,41.0,252.0,159.0,100.0,3
75.0,31.21,23.0,276.0,23.0,100.0,1
51.0,31.21,16.0,216.0,28.0,100.0,1
61.0,31.21,13.0,216.0,89.0,100.0,2
66.0,31.21,17.0,240.0,13.0,100.0,1
52.0,31.21,12.0,216.0,7.0,100.0,1
58.0,31.21,19.0,245.99999999999997,14.0,100.0,1
37.0,31.21,31.0,210.0,215.0,100.0,2
80.0,31.21,15.0,258.0,15.0,100.0,1
69.0,31.21,16.0,234.0,35.0,100.0,1
71.0,31.21,13.0,222.0,10.0,100.0,1
62.0,31.21,31.0,240.0,33.0,100.0,1
43.0,31.21,36.0,240.0,28.0,100.0,1
74.0,31.21,13.0,228.0,14.0,100.0,1
47.0,31.21,21.0,240.0,14.0,100.0,1
28.0,31.21,9.0,270.0,7.0,100.0,1
73.0,31.21,17.0,228.0,43.0,100.0,1
60.0,31.21,47.0,234.0,50.0,100.0,3
40.0,31.21,13.0,240.0,12.0,100.0,1
18.0,31.21,24.0,312.0,19.0,100.0,1
69.0,31.21,14.0,228.0,15.0,100.0,1
69.0,31.21,12.0,264.0,20.0,100.0,1
46.0,31.21,48.0,258.0,43.0,100.0,2
37.0,31.21,51.0,240.0,17.0,100.0,2
58.0,31.21,17.0,204.0,19.0,100.0,1
65.0,31.21,15.0,252.0,14.0,100.0,1
33.0,31.21,20.0,234.0,28.0,100.0,1
38.0,31.21,28.0,264.0,50.0,100.0,2
70.0,31.21,33.0,210.0,40.0,100.0,1
63.0,31.21,12.0,264.0,9.0,100.0,1
18.0,31.21,10.0,258.0,9.0,100.0,1
36.0,31.21,6.0,210.0,17.0,100.0,1
31.0,31.21,41.0,264.0,37.0,100.0,2
55.0,31.21,32.0,245.99999999999997,19.0,100.0,1
58.0,31.21,25.0,245.99999999999997,31.0,100.0,1
41.0,31.21,32.0,240.0,8.0,100.0,1
19.0,31.21,16.0,282.0,12.0,100.0,1
77.0,31.21,25.0,240.0,29.0,100.0,1
34.0,31.21,8.0,264.0,8.0,100.0,1
41.0,31.21,29.0,252.0,20.0,100.0,1
80.0,31.21,15.0,252.0,14.0,100.0,1
19.0,31.21,60.0,258.0,45.0,100.0,2
17.0,31.21,12.0,294.0,23.0,100.0,1
66.0,31.21,21.0,198.0,30.0,100.0,1
62.0,31.21,22.0,270.0,22.0,100.0,1
57.0,31.21,28.0,245.99999999999997,26.0,100.0,1
55.0,31.21,24.0,264.0,45.0,100.0,1
22.0,31.21,54.0,258.0,26.0,100.0,2
31.0,31.21,13.0,222.0,15.0,100.0,1
16.0,31.21,13.0,258.0,16.0,100.0,1
67.0,31.21,14.0,258.0,32.0,100.0,1
15.0,31.21,10.0,270.0,12.0,100.0,1
36.0,31.21,11.0,222.0,14.0,100.0,1
14.0,31.21,16.0,264.0,14.0,100.0,1
45.0,31.21,14.0,234.0,6.0,100.0,1
47.0,31.21,32.0,240.0,79.0,100.0,2
51.0,31.21,26.0,240.0,34.0,100.0,1
43.0,31.21,37.0,252.0,35.0,100.0,1
16.0,31.21,14.0,270.0,14.0,100.0,1
39.0,31.21,14.0,210.0,16.0,100.0,1
36.0,31.21,14.0,300.0,27.0,100.0,1
77.0,31.21,20.0,228.0,25.0,100.0,1
24.0,31.21,14.0,234.0,21.0,100.0,1
71.0,31.21,21.0,245.99999999999997,15.0,100.0,1
35.0,31.21,27.0,245.99999999999997,29.0,100.0,1
62.0,31.21,28.0,228.0,46.0,100.0,1
21.0,31.21,33.0,258.0,50.0,100.0,2
60.0,31.21,16.0,245.99999999999997,27.0,100.0,1
77.0,31.21,24.0,240.0,26.0,100.0,1
27.0,31.21,21.0,234.0,9.0,100.0,1
43.0,31.21,40.0,222.0,54.0,100.0,2
67.0,31.21,47.0,264.0,90.0,100.0,3
57.0,31.21,25.0,276.0,48.0,100.0,1
66.0,31.21,13.0,228.0,13.0,100.0,1
44.0,31.21,29.0,234.0,64.0,100.0,2
33.0,31.21,20.0,270.0,16.0,100.0,1
42.0,31.21,17.0,240.0,23.0,100.0,1
35.0,31.21,33.0,234.0,24.0,100.0,1
43.0,31.21,30.0,264.0,30.0,100.0,1
16.0,31.21,15.0,264.0,9.0,100.0,1
53.0,31.21,24.0,245.99999999999997,26.0,100.0,1
17.0,31.21,13.0,276.0,10.0,100.0,1
14.0,31.21,8.0,240.0,6.0,100.0,1
19.0,31.21,12.0,192.0,12.0,100.0,1
16.0,31.21,15.0,252.0,14.0,100.0,1
41.0,31.21,20.0,245.99999999999997,69.0,100.0,2
66.0,31.21,17.0,228.0,321.0,100.0,2
62.0,31.21,13.0,270.0,14.0,100.0,1
17.0,31.21,11.0,258.0,17.0,100.0,1
61.0,31.21,30.0,204.0,54.0,100.0,2
74.0,31.21,18.0,282.0,24.0,100.0,1
17.0,31.21,11.0,204.0,39.0,100.0,1
63.0,31.21,16.0,245.99999999999997,25.0,100.0,1
14.0,31.21,8.0,228.0,7.0,100.0,1
63.0,31.21,58.0,270.0,41.0,100.0,2
16.0,31.21,14.0,252.0,15.0,100.0,1
57.0,31.21,16.0,234.0,33.0,100.0,1
75.0,31.21,14.0,228.0,34.0,100.0,1
28.0,31.21,10.0,234.0,18.0,100.0,1
80.0,31.21,17.0,234.0,14.0,100.0,1
65.0,31.21,15.0,252.0,8.0,100.0,1
13.0,31.21,10.0,258.0,10.0,100.0,1
45.0,31.21,29.0,252.0,33.0,100.0,1
34.0,31.21,29.0,245.99999999999997,17.0,100.0,1
56.0,31.21,15.0,222.0,20.0,100.0,1
76.0,31.21,10.0,240.0,17.0,100.0,1
70.0,31.21,15.0,270.0,17.0,100.0,1
62.0,31.21,18.0,252.0,18.0,100.0,1
59.0,31.21,37.0,234.0,16.0,100.0,1
70.0,31.21,12.0,234.0,17.0,100.0,1
40.0,31.21,30.0,294.0,17.0,100.0,1
30.0,31.21,11.0,240.0,8.0,100.0,1
66.0,31.21,25.0,258.0,20.0,100.0,1
73.0,31.21,13.0,245.99999999999997,10.0,100.0,1
26.0,31.21,37.0,252.0,64.0,100.0,2
77.0,31.21,15.0,228.0,22.0,100.0,1
50.0,31.21,41.0,270.0,47.0,100.0,2
25.0,31.21,31.0,245.99999999999997,18.0,100.0,1
80.0,31.21,12.0,192.0,10.0,100.0,1
68.0,31.21,39.0,245.99999999999997,30.0,100.0,1
25.0,31.21,13.0,228.0,12.0,100.0,1
12.0,31.21,12.0,245.99999999999997,13.0,100.0,1
33.0,31.21,8.0,204.0,6.0,100.0,1
32.0,31.21,14.0,240.0,13.0,100.0,1
27.0,31.21,15.0,216.0,22.0,100.0,1
63.0,31.21,12.0,252.0,20.0,100.0,1
18.0,31.21,11.0,264.0,9.0,100.0,1
24.0,31.21,12.0,228.0,12.0,100.0,1
32.0,31.21,9.0,240.0,19.0,100.0,1
48.0,31.21,71.0,245.99999999999997,81.0,100.0,3
80.0,31.21,11.0,252.0,22.0,100.0,1
55.0,31.21,52.0,270.0,87.0,100.0,3
44.0,31.21,31.0,222.0,32.0,100.0,1
56.0,31.21,32.0,282.0,19.0,100.0,1
39.0,31.21,22.0,264.0,34.0,100.0,1
44.0,31.21,11.0,234.0,22.0,100.0,1
42.0,31.21,39.0,216.0,137.0,100.0,2
78.0,31.21,17.0,258.0,14.0,100.0,1
54.0,31.21,17.0,234.0,15.0,100.0,1
33.0,31.21,20.0,252.0,12.0,100.0,1
46.0,31.21,17.0,228.0,31.0,100.0,1
74.0,31.21,11.0,222.0,30.0,100.0,1
80.0,31.21,14.0,222.0,18.0,100.0,1
69.0,31.21,10.0,204.0,38.0,100.0,1
75.0,31.21,9.0,216.0,14.0,100.0,1
63.0,31.21,17.0,240.0,8.0,100.0,1
26.0,31.21,27.0,270.0,24.0,100.0,1
19.0,31.21,62.0,276.0,9.0,100.0,2
60.0,31.21,28.0,252.0,39.0,100.0,1
49.0,31.21,22.0,234.0,38.0,100.0,1
54.0,31.21,17.0,258.0,7.0,100.0,1
62.0,31.21,16.0,240.0,19.0,100.0,1
33.0,31.21,27.0,270.0,39.0,100.0,1
63.0,31.21,30.0,252.0,51.0,100.0,2
36.0,31.21,16.0,252.0,18.0,100.0,1
68.0,31.21,13.0,216.0,12.0,100.0,1
74.0,31.21,9.0,234.0,22.0,100.0,1
63.0,31.21,13.0,264.0,21.0,100.0,1
68.0,31.21,10.0,222.0,16.0,100.0,1
57.0,31.21,27.0,234.0,48.0,100.0,1
21.0,31.21,8.0,228.0,8.0,100.0,1
30.0,31.21,45.0,264.0,49.0,100.0,3
13.0,31.21,18.0,258.0,10.0,100.0,1
14.0,31.21,9.0,258.0,10.0,100.0,1
60.0,31.21,24.0,234.0,54.0,100.0,2
43.0,31.21,35.0,245.99999999999997,80.0,100.0,2
54.0,31.21,25.0,234.0,11.0,100.0,1
56.0,31.21,12.0,258.0,9.0,100.0,1
78.0,31.21,20.0,240.0,16.0,100.0,1
18.0,31.21,37.0,276.0,21.0,100.0,1
14.0,31.21,18.0,258.0,16.0,100.0,1
41.0,31.21,34.0,245.99999999999997,44.0,100.0,1
73.0,31.21,24.0,264.0,37.0,100.0,1
62.0,31.21,12.0,228.0,11.0,100.0,1
68.0,31.21,30.0,258.0,63.0,100.0,2
64.0,31.21,18.0,228.0,112.0,100.0,2
12.0,31.21,11.0,240.0,9.0,100.0,1
50.0,31.21,43.0,264.0,56.0,100.0,3
26.0,31.21,19.0,240.0,9.0,100.0,1
25.0,31.21,100.0,252.0,72.0,100.0,3
71.0,31.21,9.0,252.0,30.0,100.0,1
29.0,31.21,18.0,264.0,11.0,100.0,1
54.0,31.21,38.0,258.0,27.0,100.0,1
55.0,31.21,30.0,245.99999999999997,93.0,100.0,2
51.0,31.21,38.0,240.0,154.0,100.0,2
69.0,31.21,16.0,228.0,34.0,100.0,1
60.0,31.21,13.0,245.99999999999997,21.0,100.0,1
67.0,31.21,7.0,216.0,19.0,100.0,1
36.0,31.21,17.0,276.0,13.0,100.0,1
79.0,31.21,10.0,245.99999999999997,37.0,100.0,1
72.0,31.21,13.0,276.0,21.0,100.0,1
76.0,31.21,10.0,264.0,11.0,100.0,1
24.0,31.21,9.0,222.0,15.0,100.0,1
45.0,31.21,32.0,252.0,64.0,100.0,2
73.0,31.21,17.0,258.0,9.0,100.0,1
17.0,31.21,11.0,270.0,8.0,100.0,1
42.0,31.21,72.0,282.0,28.0,100.0,2
46.0,31.21,16.0,245.99999999999997,21.0,100.0,1
58.0,31.21,35.0,234.0,31.0,100.0,1
34.0,31.21,19.0,258.0,50.0,100.0,2
61.0,31.21,18.0,245.99999999999997,70.0,100.0,2
16.0,31.21,12.0,270.0,20.0,100.0,1
30.0,31.21,18.0,258.0,11.0,100.0,1
66.0,31.21,11.0,234.0,10.0,100.0,1
79.0,31.21,21.0,234.0,18.0,100.0,1
63.0,31.21,15.0,252.0,20.0,100.0,1
22.0,31.21,16.0,234.0,21.0,100.0,1
42.0,31.21,11.0,258.0,13.0,100.0,1
17.0,31.21,12.0,264.0,12.0,100.0,1
28.0,31.21,13.0,228.0,15.0,100.0,1
22.0,31.21,35.0,240.0,32.0,100.0,1
46.0,31.21,10.0,216.0,28.0,100.0,1
57.0,31.21,15.0,222.0,9.0,100.0,1
14.0,31.21,13.0,270.0,10.0,100.0,1
38.0,31.21,51.0,264.0,48.0,100.0,2
20.0,31.21,22.0,270.0,14.0,100.0,1
76.0,31.21,10.0,222.0,15.0,100.0,1
78.0,31.21,13.0,240.0,15.0,100.0,1
24.0,31.21,17.0,245.99999999999997,25.0,100.0,1
32.0,31.21,20.0,240.0,47.0,100.0,1
75.0,31.21,7.0,270.0,14.0,100.0,1
69.0,31.21,14.0,252.0,19.0,100.0,1
60.0,31.21,32.0,240.0,25.0,100.0,1
54.0,31.21,20.0,228.0,12.0,100.0,1
16.0,31.21,9.0,264.0,13.0,100.0,1
80.0,31.21,9.0,240.0,7.0,100.0,1
41.0,31.21,20.0,228.0,25.0,100.0,1
41.0,31.21,9.0,252.0,36.0,100.0,1
64.0,31.21,9.0,174.0,13.0,100.0,1
62.0,31.21,9.0,228.0,21.0,100.0,1
75.0,31.21,27.0,258.0,127.0,100.0,2
15.0,31.21,20.0,258.0,34.0,100.0,1
27.0,31.21,10.0,240.0,19.0,100.0,1
52.0,31.21,14.0,240.0,20.0,100.0,1
54.0,31.21,25.0,245.99999999999997,18.0,100.0,1
42.0,31.21,28.0,282.0,73.0,100.0,2
15.0,31.21,22.0,228.0,13.0,100.0,1
80.0,31.21,19.0,264.0,20.0,100.0,1
19.0,31.21,82.0,270.0,72.0,100.0,3
14.0,31.21,10.0,264.0,12.0,100.0,1
16.0,31.21,7.0,270.0,10.0,100.0,1
80.0,31.21,8.0,216.0,9.0,100.0,1
49.0,31.21,19.0,228.0,31.0,100.0,1
42.0,31.21,61.0,252.0,65.0,100.0,3
54.0,31.21,21.0,234.0,28.0,100.0,1
28.0,31.21,11.0,245.99999999999997,15.0,100.0,1
13.0,31.21,17.0,264.0,22.0,100.0,1
80.0,31.21,11.0,228.0,11.0,100.0,1
70.0,31.21,11.0,245.99999999999997,12.0,100.0,1
80.0,31.21,12.0,252.0,41.0,100.0,1
20.0,31.21,23.0,234.0,18.0,100.0,1
14.0,31.21,10.0,252.0,6.0,100.0,1
42.0,31.21,13.0,258.0,16.0,100.0,1
64.0,31.21,54.0,270.0,178.0,100.0,3
19.0,31.21,12.0,276.0,15.0,100.0,1
58.0,31.21,16.0,210.0,27.0,100.0,1
33.0,31.21,12.0,252.0,11.0,100.0,1
21.0,31.21,39.0,228.0,21.0,100.0,1
19.0,31.21,11.0,270.0,10.0,100.0,1
55.0,31.21,32.0,252.0,29.0,100.0,1
70.0,31.21,18.0,240.0,9.0,100.0,1
70.0,31.21,22.0,234.0,13.0,100.0,1
39.0,31.21,28.0,264.0,63.0,100.0,2
80.0,31.21,15.0,222.0,23.0,100.0,1
28.0,31.21,42.0,240.0,82.0,100.0,3
63.0,31.21,16.0,264.0,14.0,100.0,1
80.0,31.21,21.0,264.0,51.0,100.0,2
21.0,31.21,22.0,264.0,10.0,100.0,1
51.0,31.21,8.0,228.0,43.0,100.0,1
62.0,31.21,29.0,240.0,25.0,100.0,1
40.0,31.21,12.0,234.0,18.0,100.0,1
33.0,31.21,25.0,245.99999999999997,13.0,100.0,1
30.0,31.21,33.0,228.0,24.0,100.0,1
18.0,31.21,11.0,270.0,15.0,100.0,1
37.0,31.21,23.0,228.0,24.0,100.0,1
74.0,31.21,14.0,216.0,21.0,100.0,1
63.0,31.21,17.0,234.0,23.0,100.0,1
74.0,31.21,12.0,234.0,13.0,100.0,1
55.0,31.21,13.0,252.0,13.0,100.0,1
59.0,31.21,27.0,252.0,47.0,100.0,1
37.0,31.21,25.0,264.0,48.0,100.0,1
75.0,31.21,15.0,252.0,32.0,100.0,1
28.0,31.21,10.0,264.0,10.0,100.0,1
21.0,31.21,78.0,252.0,46.0,100.0,2
15.0,31.21,12.0,270.0,10.0,100.0,1
80.0,31.21,15.0,245.99999999999997,15.0,100.0,1
71.0,31.21,12.0,252.0,14.0,100.0,1
79.0,31.21,25.0,245.99999999999997,67.0,100.0,2
54.0,31.21,19.0,240.0,15.0,100.0,1
56.0,31.21,43.0,240.0,37.0,100.0,2
80.0,31.21,31.0,270.0,22.0,100.0,1
17.0,31.21,30.0,276.0,20.0,100.0,1
25.0,31.21,14.0,252.0,12.0,100.0,1
33.0,31.21,13.0,294.0,13.0,100.0,1
41.0,31.21,11.0,245.99999999999997,9.0,100.0,1
14.0,31.21,19.0,258.0,21.0,100.0,1
33.0,31.21,16.0,258.0,14.0,100.0,1
47.0,31.21,10.0,258.0,13.0,100.0,1
80.0,31.21,12.0,216.0,27.0,100.0,1
80.0,31.21,13.0,228.0,21.0,100.0,1
23.0,31.21,20.0,234.0,15.0,100.0,1
80.0,31.21,10.0,216.0,23.0,100.0,1
30.0,31.21,16.0,264.0,6.0,100.0,1
52.0,31.21,17.0,258.0,15.0,100.0,1
63.0,31.21,10.0,228.0,13.0,100.0,1
47.0,31.21,25.0,222.0,21.0,100.0,1
23.0,31.21,25.0,264.0,25.0,100.0,1
18.0,31.21,53.0,270.0,32.0,100.0,2
54.0,31.21,15.0,198.0,110.0,100.0,2
60.0,31.21,15.0,264.0,25.0,100.0,1
36.0,31.21,17.0,240.0,11.0,100.0,1
60.0,31.21,59.0,258.0,91.0,100.0,3
66.0,31.21,20.0,245.99999999999997,19.0,100.0,1
12.0,31.21,9.0,270.0,9.0,100.0,1
50.0,31.21,20.0,264.0,24.0,100.0,1
68.0,31.21,30.0,245.99999999999997,28.0,100.0,1
16.0,31.21,14.0,210.0,19.0,100.0,1
45.0,31.21,15.0,240.0,19.0,100.0,1
59.0,31.21,17.0,258.0,25.0,100.0,1
36.0,31.21,36.0,252.0,35.0,100.0,1
42.0,31.21,35.0,252.0,25.0,100.0,1
47.0,31.21,30.0,228.0,86.0,100.0,2
77.0,31.21,19.0,245.99999999999997,9.0,100.0,1
38.0,31.21,34.0,245.99999999999997,21.0,100.0,1
63.0,31.21,28.0,234.0,18.0,100.0,1
43.0,31.21,43.0,245.99999999999997,47.0,100.0,2
48.0,31.21,12.0,210.0,20.0,100.0,1
69.0,31.21,8.0,252.0,23.0,100.0,1
36.0,31.21,8.0,252.0,21.0,100.0,1
55.0,31.21,13.0,228.0,20.0,100.0,1
18.0,31.21,10.0,264.0,16.0,100.0,1
48.0,31.21,18.0,245.99999999999997,20.0,100.0,1
80.0,31.21,10.0,240.0,76.0,100.0,2
68.0,31.21,26.0,216.0,18.0,100.0,1
69.0,31.21,7.0,234.0,20.0,100.0,1
49.0,31.21,19.0,234.0,45.0,100.0,1
40.0,31.21,12.0,258.0,7.0,100.0,1
48.0,31.21,19.0,282.0,17.0,100.0,1
65.0,31.21,13.0,228.0,25.0,100.0,1
52.0,31.21,11.0,252.0,12.0,100.0,1
39.0,31.21,8.0,216.0,10.0,100.0,1
45.0,31.21,14.0,258.0,20.0,100.0,1
69.0,31.21,14.0,252.0,20.0,100.0,1
74.0,31.21,12.0,222.0,19.0,100.0,1
19.0,31.21,38.0,258.0,27.0,100.0,1
27.0,31.21,12.0,222.0,11.0,100.0,1
52.0,31.21,20.0,245.99999999999997,35.0,100.0,1
14.0,31.21,22.0,258.0,15.0,100.0,1
15.0,31.21,11.0,258.0,12.0,100.0,1
29.0,31.21,31.0,264.0,80.0,100.0,2
73.0,31.21,16.0,228.0,20.0,100.0,1
60.0,31.21,16.0,252.0,9.0,100.0,1
30.0,31.21,14.0,258.0,12.0,100.0,1
13.0,31.21,12.0,270.0,14.0,100.0,1
52.0,31.21,10.0,245.99999999999997,9.0,100.0,1
50.0,31.21,14.0,240.0,15.0,100.0,1
74.0,31.21,16.0,222.0,22.0,100.0,1
69.0,31.21,23.0,216.0,34.0,100.0,1
16.0,31.21,13.0,282.0,8.0,100.0,1
80.0,31.21,23.0,252.0,12.0,100.0,1
55.0,31.21,18.0,258.0,26.0,100.0,1
80.0,31.21,10.0,216.0,8.0,100.0,1
63.0,31.21,15.0,222.0,14.0,100.0,1
45.0,31.21,10.0,240.0,24.0,100.0,1
16.0,31.21,10.0,210.0,15.0,100.0,1
56.0,31.21,26.0,252.0,28.0,100.0,1
43.0,31.21,38.0,245.99999999999997,30.0,100.0,1
65.0,31.21,19.0,234.0,16.0,100.0,1
67.0,31.21,18.0,258.0,26.0,100.0,1
80.0,31.21,19.0,252.0,24.0,100.0,1
41.0,31.21,11.0,252.0,14.0,100.0,1
46.0,31.21,32.0,228.0,19.0,100.0,1
32.0,31.21,22.0,228.0,17.0,100.0,1
30.0,31.21,10.0,216.0,31.0,100.0,1
29.0,31.21,17.0,240.0,32.0,100.0,1
80.0,31.21,22.0,245.99999999999997,17.0,100.0,1
50.0,31.21,19.0,258.0,31.0,100.0,1
43.0,31.21,7.0,234.0,16.0,100.0,1
54.0,31.21,15.0,245.99999999999997,23.0,100.0,1
38.0,31.21,10.0,240.0,7.0,100.0,1
80.0,31.21,13.0,204.0,27.0,100.0,1
55.0,31.21,27.0,300.0,20.0,100.0,1
52.0,31.21,16.0,252.0,14.0,100.0,1
68.0,31.21,13.0,204.0,53.0,100.0,2
23.0,31.21,8.0,258.0,15.0,100.0,1
80.0,31.21,17.0,234.0,31.0,100.0,1
80.0,31.21,11.0,210.0,16.0,100.0,1
46.0,31.21,11.0,252.0,13.0,100.0,1
69.0,31.21,14.0,204.0,12.0,100.0,1
70.0,31.21,40.0,276.0,18.0,100.0,1
45.0,31.21,5.0,222.0,11.0,100.0,1
32.0,31.21,27.0,228.0,16.0,100.0,1
80.0,31.21,37.0,276.0,16.0,100.0,1
45.0,31.21,14.0,234.0,19.0,100.0,1
64.0,31.21,17.0,258.0,23.0,100.0,1
46.0,31.21,40.0,270.0,21.0,100.0,1
43.0,31.21,23.0,234.0,20.0,100.0,1
80.0,31.21,29.0,245.99999999999997,44.0,100.0,1
45.0,31.21,12.0,245.99999999999997,16.0,100.0,1
33.0,31.21,12.0,234.0,21.0,100.0,1
33.0,31.21,13.0,270.0,7.0,100.0,1
46.0,31.21,14.0,252.0,26.0,100.0,1
15.0,31.21,20.0,252.0,15.0,100.0,1
19.0,31.21,9.0,210.0,12.0,100.0,1
45.0,31.21,41.0,228.0,55.0,100.0,3
14.0,31.21,11.0,264.0,11.0,100.0,1
29.0,31.21,12.0,234.0,34.0,100.0,1
35.0,31.21,12.0,276.0,10.0,100.0,1
41.0,31.21,9.0,252.0,18.0,100.0,1
71.0,31.21,19.0,240.0,29.0,100.0,1
13.0,31.21,12.0,252.0,21.0,100.0,1
55.0,31.21,43.0,264.0,15.0,100.0,2
64.0,31.21,18.0,234.0,12.0,100.0,1
80.0,31.21,13.0,222.0,24.0,100.0,1
33.0,31.21,20.0,210.0,17.0,100.0,1
61.0,31.21,16.0,234.0,16.0,100.0,1
41.0,31.21,14.0,270.0,56.0,100.0,2
25.0,31.21,28.0,258.0,23.0,100.0,1
78.0,31.21,16.0,264.0,27.0,100.0,1
21.0,31.21,9.0,216.0,36.0,100.0,1
17.0,31.21,7.0,252.0,8.0,100.0,1
16.0,31.21,14.0,228.0,11.0,100.0,1
40.0,31.21,17.0,228.0,17.0,100.0,1
19.0,31.21,14.0,234.0,7.0,100.0,1
55.0,31.21,42.0,156.0,286.0,100.0,3
22.0,31.21,49.0,252.0,171.0,100.0,3
49.0,31.21,22.0,252.0,84.0,100.0,2
16.0,31.21,12.0,270.0,11.0,100.0,1
38.0,31.21,22.0,270.0,15.0,100.0,1
61.0,31.21,17.0,228.0,13.0,100.0,1
40.0,31.21,19.0,252.0,22.0,100.0,1
37.0,31.21,39.0,245.99999999999997,32.0,100.0,1
19.0,31.21,7.0,228.0,14.0,100.0,1
63.0,31.21,27.0,258.0,26.0,100.0,1
80.0,31.21,16.0,270.0,17.0,100.0,1
51.0,31.21,17.0,234.0,10.0,100.0,1
72.0,31.21,29.0,240.0,15.0,100.0,1
43.0,31.21,12.0,258.0,25.0,100.0,1
53.0,31.21,12.0,245.99999999999997,21.0,100.0,1
15.0,31.21,22.0,252.0,15.0,100.0,1
16.0,31.21,10.0,258.0,13.0,100.0,1
37.0,31.21,10.0,245.99999999999997,13.0,100.0,1
49.0,31.21,70.0,228.0,140.0,100.0,3
35.0,31.21,17.0,234.0,9.0,100.0,1
32.0,31.21,8.0,258.0,19.0,100.0,1
50.0,31.21,31.0,240.0,33.0,100.0,1
59.0,31.21,19.0,204.0,22.0,100.0,1
43.0,31.21,28.0,222.0,130.0,100.0,2
33.0,31.21,17.0,180.0,8.0,100.0,1
26.0,31.21,14.0,264.0,15.0,100.0,1
50.0,31.21,19.0,294.0,19.0,100.0,1
45.0,31.21,10.0,180.0,15.0,100.0,1
44.0,31.21,13.0,240.0,23.0,100.0,1
42.0,31.21,12.0,186.0,22.0,100.0,1
62.0,31.21,29.0,264.0,42.0,100.0,1
31.0,31.21,17.0,210.0,22.0,100.0,1
23.0,31.21,27.0,276.0,17.0,100.0,1
18.0,31.21,20.0,300.0,52.0,100.0,2
46.0,31.21,42.0,245.99999999999997,28.0,100.0,2
33.0,31.21,16.0,258.0,13.0,100.0,1
26.0,31.21,11.0,210.0,5.0,100.0,1
63.0,31.21,20.0,240.0,17.0,100.0,1
14.0,31.21,11.0,240.0,15.0,100.0,1
67.0,31.21,14.0,228.0,23.0,100.0,1
60.0,31.21,35.0,252.0,84.0,100.0,2
38.0,31.21,23.0,252.0,48.0,100.0,1
29.0,31.21,60.0,222.0,18.0,100.0,2
40.0,31.21,15.0,264.0,15.0,100.0,1
49.0,31.21,27.0,245.99999999999997,28.0,100.0,1
15.0,31.21,13.0,264.0,23.0,100.0,1
55.0,31.21,32.0,282.0,32.0,100.0,1
41.0,31.21,21.0,222.0,88.0,100.0,2
12.0,31.21,7.0,252.0,10.0,100.0,1
39.0,31.21,19.0,258.0,21.0,100.0,1
56.0,31.21,17.0,228.0,24.0,100.0,1
22.0,31.21,16.0,240.0,15.0,100.0,1
16.0,31.21,36.0,252.0,10.0,100.0,1
80.0,31.21,8.0,216.0,12.0,100.0,1
54.0,31.21,8.0,204.0,25.0,100.0,1
28.0,31.21,12.0,245.99999999999997,42.0,100.0,1
17.0,31.21,9.0,276.0,16.0,100.0,1
41.0,31.21,7.0,245.99999999999997,20.0,100.0,1
34.0,31.21,11.0,174.0,5.0,100.0,1
41.0,31.21,27.0,252.0,33.0,100.0,1
48.0,31.21,17.0,222.0,18.0,100.0,1
38.0,31.21,14.0,240.0,16.0,100.0,1
36.0,31.21,36.0,258.0,21.0,100.0,1
74.0,31.21,24.0,245.99999999999997,23.0,100.0,1
70.0,31.21,18.0,282.0,22.0,100.0,1
38.0,31.21,17.0,234.0,18.0,100.0,1
63.0,31.21,18.0,252.0,31.0,100.0,1
15.0,31.21,8.0,216.0,12.0,100.0,1
39.0,31.21,75.0,258.0,105.0,100.0,3
67.0,31.21,6.0,192.0,47.0,100.0,1
51.0,31.21,47.0,270.0,49.0,100.0,3
34.0,31.21,9.0,240.0,7.0,100.0,1
14.0,31.21,13.0,252.0,13.0,100.0,1
39.0,31.21,28.0,234.0,44.0,100.0,1
12.0,31.21,18.0,258.0,13.0,100.0,1
14.0,31.21,49.0,276.0,53.0,100.0,3
18.0,31.21,22.0,258.0,20.0,100.0,1
43.0,31.21,11.0,234.0,12.0,100.0,1
65.0,31.21,21.0,240.0,50.0,100.0,2
80.0,31.21,14.0,245.99999999999997,25.0,100.0,1
40.0,31.21,7.0,180.0,13.0,100.0,1
66.0,31.21,14.0,252.0,14.0,100.0,1
80.0,31.21,18.0,245.99999999999997,33.0,100.0,1
17.0,31.21,19.0,245.99999999999997,24.0,100.0,1
19.0,31.21,23.0,252.0,25.0,100.0,1
65.0,31.21,26.0,228.0,38.0,100.0,1
63.0,31.21,29.0,240.0,16.0,100.0,1
61.0,31.21,56.0,245.99999999999997,59.0,100.0,3
21.0,31.21,27.0,270.0,21.0,100.0,1
27.0,31.21,106.0,245.99999999999997,96.0,100.0,3
75.0,31.21,13.0,234.0,23.0,100.0,1
58.0,31.21,33.0,252.0,49.0,100.0,2
33.0,31.21,22.0,294.0,21.0,100.0,1
34.0,31.21,12.0,264.0,23.0,100.0,1
17.0,31.21,5.0,245.99999999999997,9.0,100.0,1
14.0,31.21,13.0,234.0,41.0,100.0,1
13.0,31.21,6.0,240.0,13.0,100.0,1
21.0,31.21,9.0,216.0,61.0,100.0,2
57.0,31.21,15.0,198.0,27.0,100.0,1
18.0,31.21,13.0,276.0,17.0,100.0,1
38.0,31.21,5.0,282.0,8.0,100.0,1
64.0,31.21,28.0,258.0,74.0,100.0,2
25.0,31.21,9.0,264.0,7.0,100.0,1
21.0,31.21,14.0,245.99999999999997,10.0,100.0,1
50.0,31.21,26.0,252.0,36.0,100.0,1
14.0,31.21,17.0,222.0,16.0,100.0,1
13.0,31.21,14.0,234.0,18.0,100.0,1
61.0,31.21,8.0,245.99999999999997,18.0,100.0,1
35.0,31.21,14.0,264.0,12.0,100.0,1
79.0,31.21,8.0,228.0,19.0,100.0,1
22.0,31.21,30.0,306.0,42.0,100.0,1
44.0,31.21,10.0,245.99999999999997,10.0,100.0,1
12.0,31.21,11.0,240.0,9.0,100.0,1
24.0,31.21,15.0,294.0,23.0,100.0,1
28.0,31.21,22.0,240.0,13.0,100.0,1
57.0,31.21,16.0,240.0,30.0,100.0,1
31.0,31.21,14.0,222.0,23.0,100.0,1
59.0,31.21,88.0,264.0,32.0,100.0,2
61.0,31.21,15.0,258.0,14.0,100.0,1
80.0,31.21,12.0,240.0,22.0,100.0,1
78.0,31.21,17.0,245.99999999999997,26.0,100.0,1
55.0,31.21,17.0,245.99999999999997,10.0,100.0,1
63.0,31.21,30.0,245.99999999999997,17.0,100.0,1
70.0,31.21,25.0,245.99999999999997,32.0,100.0,1
41.0,31.21,54.0,270.0,63.0,100.0,3
35.0,31.21,12.0,288.0,19.0,100.0,1
32.0,31.21,11.0,245.99999999999997,13.0,100.0,1
39.0,31.21,16.0,228.0,11.0,100.0,1
33.0,31.21,14.0,264.0,14.0,100.0,1
80.0,31.21,12.0,245.99999999999997,50.0,100.0,2
45.0,31.21,22.0,264.0,19.0,100.0,1
21.0,31.21,15.0,228.0,10.0,100.0,1
63.0,31.21,22.0,222.0,23.0,100.0,1
47.0,31.21,20.0,228.0,19.0,100.0,1
76.0,31.21,15.0,245.99999999999997,23.0,100.0,1
80.0,31.21,18.0,258.0,16.0,100.0,1
15.0,31.21,20.0,252.0,25.0,100.0,1
50.0,31.21,27.0,264.0,22.0,100.0,1
12.0,31.21,9.0,252.0,12.0,100.0,1
21.0,31.21,29.0,245.99999999999997,16.0,100.0,1
56.0,31.21,14.0,228.0,11.0,100.0,1
63.0,31.21,12.0,228.0,13.0,100.0,1
12.0,31.21,18.0,234.0,23.0,100.0,1
20.0,31.21,33.0,252.0,7.0,100.0,1
80.0,31.21,13.0,234.0,12.0,100.0,1
54.0,31.21,13.0,222.0,17.0,100.0,1
65.0,31.21,30.0,282.0,152.0,100.0,2
80.0,31.21,25.0,245.99999999999997,103.0,100.0,2
66.0,31.21,9.0,228.0,24.0,100.0,1
23.0,31.21,18.0,252.0,21.0,100.0,1
24.0,31.21,38.0,264.0,35.0,100.0,1
65.0,31.21,29.0,240.0,27.0,100.0,1
17.0,31.21,8.0,282.0,12.0,100.0,1
45.0,31.21,25.0,245.99999999999997,24.0,100.0,1
68.0,31.21,34.0,252.0,25.0,100.0,1
65.0,31.21,36.0,264.0,20.0,100.0,1
64.0,31.21,27.0,234.0,18.0,100.0,1
69.0,31.21,15.0,216.0,52.0,100.0,2
21.0,31.21,16.0,245.99999999999997,16.0,100.0,1
80.0,31.21,17.0,210.0,150.0,100.0,2
39.0,31.21,15.0,245.99999999999997,18.0,100.0,1
13.0,31.21,8.0,222.0,13.0,100.0,1
34.0,31.21,21.0,216.0,43.0,100.0,1
28.0,31.21,18.0,264.0,10.0,100.0,1
40.0,31.21,31.0,245.99999999999997,22.0,100.0,1
15.0,31.21,10.0,245.99999999999997,16.0,100.0,1
33.0,31.21,64.0,245.99999999999997,46.0,100.0,2
55.0,31.21,14.0,264.0,17.0,100.0,1
38.0,31.21,22.0,228.0,11.0,100.0,1
12.0,31.21,12.0,270.0,5.0,100.0,1
64.0,31.21,20.0,245.99999999999997,23.0,100.0,1
66.0,31.21,11.0,264.0,11.0,100.0,1
80.0,31.21,15.0,264.0,16.0,100.0,1
39.0,31.21,56.0,252.0,24.0,100.0,2
20.0,31.21,10.0,245.99999999999997,16.0,100.0,1
53.0,31.21,18.0,234.0,27.0,100.0,1
62.0,31.21,24.0,245.99999999999997,25.0,100.0,1
48.0,31.21,13.0,216.0,10.0,100.0,1
79.0,31.21,14.0,210.0,20.0,100.0,1
78.0,31.21,10.0,234.0,26.0,100.0,1
57.0,31.21,11.0,240.0,12.0,100.0,1
74.0,31.21,10.0,222.0,15.0,100.0,1
19.0,31.21,22.0,252.0,17.0,100.0,1
23.0,31.21,7.0,264.0,8.0,100.0,1
36.0,31.21,25.0,216.0,30.0,100.0,1
54.0,31.21,34.0,222.0,37.0,100.0,1
17.0,31.21,9.0,276.0,13.0,100.0,1
29.0,31.21,13.0,270.0,58.0,100.0,2
43.0,31.21,8.0,252.0,12.0,100.0,1
27.0,31.21,8.0,252.0,22.0,100.0,1
54.0,31.21,12.0,240.0,30.0,100.0,1
44.0,31.21,16.0,258.0,14.0,100.0,1
56.0,31.21,14.0,234.0,24.0,100.0,1
75.0,31.21,14.0,264.0,16.0,100.0,1
58.0,31.21,20.0,216.0,23.0,100.0,1
64.0,31.21,13.0,245.99999999999997,24.0,100.0,1
64.0,31.21,28.0,252.0,19.0,100.0,1
19.0,31.21,9.0,282.0,10.0,100.0,1
61.0,31.21,33.0,258.0,54.0,100.0,2
50.0,31.21,15.0,234.0,19.0,100.0,1
43.0,31.21,17.0,228.0,24.0,100.0,1
40.0,31.21,23.0,234.0,16.0,100.0,1
42.0,31.21,21.0,270.0,16.0,100.0,1
31.0,31.21,20.0,282.0,13.0,100.0,1
50.0,31.21,33.0,245.99999999999997,93.0,100.0,2
56.0,31.21,16.0,240.0,14.0,100.0,1
58.0,31.21,39.0,270.0,32.0,100.0,1
39.0,31.21,21.0,240.0,17.0,100.0,1
59.0,31.21,29.0,234.0,23.0,100.0,1
34.0,31.21,18.0,222.0,33.0,100.0,1
19.0,31.21,17.0,234.0,14.0,100.0,1
37.0,31.21,85.0,264.0,50.0,100.0,3
78.0,31.21,16.0,222.0,22.0,100.0,1
16.0,31.21,9.0,288.0,7.0,100.0,1
29.0,31.21,15.0,276.0,40.0,100.0,1
32.0,31.21,13.0,240.0,11.0,100.0,1
59.0,31.21,16.0,245.99999999999997,110.0,100.0,2
80.0,31.21,17.0,288.0,13.0,100.0,1
61.0,31.21,17.0,240.0,17.0,100.0,1
74.0,31.21,3.0,216.0,10.0,100.0,1
14.0,31.21,11.0,252.0,10.0,100.0,1
80.0,31.21,16.0,234.0,18.0,100.0,1
22.0,31.21,10.0,264.0,21.0,100.0,1
61.0,31.21,7.0,198.0,11.0,100.0,1
19.0,31.21,50.0,294.0,26.0,100.0,2
34.0,31.21,17.0,234.0,25.0,100.0,1
80.0,31.21,13.0,234.0,12.0,100.0,1
80.0,31.21,12.0,270.0,24.0,100.0,1
17.0,31.21,8.0,282.0,16.0,100.0,1
80.0,31.21,11.0,198.0,14.0,100.0,1
22.0,31.21,10.0,228.0,5.0,100.0,1
80.0,31.21,10.0,204.0,12.0,100.0,1
58.0,31.21,10.0,276.0,31.0,100.0,1
69.0,31.21,31.0,210.0,65.0,100.0,2
31.0,31.21,10.0,210.0,8.0,100.0,1
80.0,31.21,11.0,186.0,33.0,100.0,1
42.0,31.21,31.0,216.0,21.0,100.0,1
12.0,31.21,6.0,252.0,14.0,100.0,1
60.0,31.21,17.0,245.99999999999997,24.0,100.0,1
56.0,31.21,30.0,264.0,18.0,100.0,1
37.0,31.21,16.0,252.0,59.0,100.0,2
36.0,31.21,21.0,204.0,14.0,100.0,1
33.0,31.21,24.0,264.0,22.0,100.0,1
62.0,31.21,16.0,234.0,14.0,100.0,1
55.0,31.21,24.0,234.0,40.0,100.0,1
41.0,31.21,23.0,234.0,17.0,100.0,1
80.0,31.21,9.0,258.0,18.0,100.0,1
20.0,31.21,9.0,204.0,12.0,100.0,1
16.0,31.21,16.0,276.0,15.0,100.0,1
13.0,31.21,15.0,264.0,10.0,100.0,1
48.0,31.21,13.0,245.99999999999997,14.0,100.0,1
23.0,31.21,15.0,276.0,11.0,100.0,1
52.0,31.21,17.0,258.0,18.0,100.0,1
29.0,31.21,15.0,216.0,13.0,100.0,1
72.0,31.21,13.0,222.0,28.0,100.0,1
17.0,31.21,12.0,240.0,10.0,100.0,1
72.0,31.21,8.0,198.0,14.0,100.0,1
57.0,31.21,17.0,258.0,31.0,100.0,1
73.0,31.21,17.0,264.0,14.0,100.0,1
80.0,31.21,11.0,216.0,34.0,100.0,1
16.0,31.21,12.0,270.0,11.0,100.0,1
21.0,31.21,24.0,252.0,32.0,100.0,1
35.0,31.21,15.0,210.0,41.0,100.0,1
13.0,31.21,11.0,270.0,12.0,100.0,1
38.0,31.21,13.0,234.0,13.0,100.0,1
68.0,31.21,12.0,210.0,27.0,100.0,1
12.0,31.21,9.0,234.0,13.0,100.0,1
29.0,31.21,30.0,264.0,45.0,100.0,1
40.0,31.21,28.0,245.99999999999997,37.0,100.0,1
54.0,31.21,17.0,228.0,17.0,100.0,1
26.0,31.21,13.0,264.0,10.0,100.0,1
69.0,31.21,25.0,258.0,15.0,100.0,1
45.0,31.21,18.0,234.0,21.0,100.0,1
25.0,31.21,19.0,245.99999999999997,12.0,100.0,1
22.0,31.21,17.0,252.0,16.0,100.0,1
52.0,31.21,37.0,252.0,19.0,100.0,1
62.0,31.21,15.0,270.0,26.0,100.0,1
79.0,31.21,16.0,228.0,56.0,100.0,2
56.0,31.21,26.0,228.0,116.0,100.0,2
20.0,31.21,39.0,282.0,72.0,100.0,2
18.0,31.21,6.0,222.0,14.0,100.0,1
13.0,31.21,7.0,240.0,15.0,100.0,1
38.0,31.21,12.0,252.0,15.0,100.0,1
56.0,31.21,18.0,258.0,13.0,100.0,1
69.0,31.21,10.0,216.0,23.0,100.0,1
63.0,31.21,15.0,270.0,21.0,100.0,1
21.0,31.21,20.0,204.0,21.0,100.0,1
13.0,31.21,9.0,276.0,18.0,100.0,1
45.0,31.21,62.0,234.0,71.0,100.0,3
46.0,31.21,20.0,228.0,51.0,100.0,2
64.0,31.21,18.0,252.0,17.0,100.0,1
29.0,31.21,12.0,210.0,29.0,100.0,1
23.0,31.21,10.0,264.0,9.0,100.0,1
39.0,31.21,10.0,252.0,9.0,100.0,1
54.0,31.21,30.0,258.0,14.0,100.0,1
29.0,31.21,17.0,240.0,13.0,100.0,1
80.0,31.21,13.0,222.0,14.0,100.0,1
63.0,31.21,16.0,276.0,44.0,100.0,1
73.0,31.21,17.0,252.0,12.0,100.0,1
63.0,31.21,24.0,240.0,32.0,100.0,1
18.0,31.21,9.0,234.0,9.0,100.0,1
59.0,31.21,15.0,222.0,21.0,100.0,1
56.0,31.21,22.0,276.0,38.0,100.0,1
62.0,31.21,20.0,245.99999999999997,12.0,100.0,1
28.0,31.21,30.0,234.0,20.0,100.0,1
50.0,31.21,22.0,240.0,24.0,100.0,1
80.0,31.21,16.0,252.0,38.0,100.0,1
64.0,31.21,12.0,264.0,18.0,100.0,1
38.0,31.21,9.0,270.0,22.0,100.0,1
60.0,31.21,13.0,228.0,20.0,100.0,1
80.0,31.21,7.0,234.0,10.0,100.0,1
32.0,31.21,21.0,245.99999999999997,21.0,100.0,1
80.0,31.21,11.0,228.0,14.0,100.0,1
22.0,31.21,21.0,222.0,13.0,100.0,1
15.0,31.21,13.0,245.99999999999997,14.0,100.0,1
80.0,31.21,33.0,222.0,23.0,100.0,1
42.0,31.21,25.0,234.0,26.0,100.0,1
14.0,31.21,10.0,258.0,9.0,100.0,1
14.0,31.21,15.0,264.0,10.0,100.0,1
12.0,31.21,12.0,264.0,16.0,100.0,1
60.0,31.21,20.0,222.0,81.0,100.0,2
13.0,31.21,11.0,264.0,11.0,100.0,1
41.0,31.21,17.0,240.0,20.0,100.0,1
80.0,31.21,11.0,222.0,11.0,100.0,1
17.0,31.21,47.0,252.0,81.0,100.0,3
59.0,31.21,14.0,258.0,16.0,100.0,1
49.0,31.21,16.0,234.0,12.0,100.0,1
19.0,31.21,37.0,245.99999999999997,8.0,100.0,1
21.0,31.21,7.0,234.0,7.0,100.0,1
55.0,31.21,18.0,234.0,16.0,100.0,1
48.0,31.21,21.0,150.0,73.0,100.0,2
70.0,31.21,9.0,240.0,22.0,100.0,1
63.0,31.21,21.0,216.0,23.0,100.0,1
56.0,31.21,14.0,258.0,19.0,100.0,1
80.0,31.21,37.0,240.0,23.0,100.0,1
65.0,31.21,11.0,245.99999999999997,7.0,100.0,1
75.0,31.21,18.0,252.0,12.0,100.0,1
60.0,31.21,54.0,240.0,28.0,100.0,2
16.0,31.21,8.0,270.0,9.0,100.0,1
70.0,31.21,19.0,276.0,33.0,100.0,1
26.0,31.21,6.0,245.99999999999997,16.0,100.0,1
61.0,31.21,15.0,240.0,17.0,100.0,1
15.0,31.21,12.0,282.0,13.0,100.0,1
80.0,31.21,10.0,210.0,13.0,100.0,1
69.0,31.21,12.0,234.0,30.0,100.0,1
15.0,31.21,13.0,276.0,15.0,100.0,1
45.0,31.21,37.0,258.0,29.0,100.0,1
16.0,31.21,13.0,288.0,9.0,100.0,1
46.0,31.21,31.0,245.99999999999997,43.0,100.0,1
17.0,31.21,20.0,264.0,9.0,100.0,1
66.0,31.21,12.0,245.99999999999997,16.0,100.0,1
77.0,31.21,20.0,234.0,16.0,100.0,1
20.0,31.21,16.0,245.99999999999997,16.0,100.0,1
80.0,31.21,18.0,222.0,13.0,100.0,1
45.0,31.21,16.0,276.0,27.0,100.0,1
55.0,31.21,41.0,264.0,75.0,100.0,3
29.0,31.21,8.0,252.0,6.0,100.0,1
63.0,31.21,23.0,234.0,51.0,100.0,2
19.0,31.21,32.0,276.0,22.0,100.0,1
70.0,31.21,14.0,240.0,45.0,100.0,1
62.0,31.21,25.0,264.0,77.0,100.0,2
19.0,31.21,9.0,252.0,13.0,100.0,1
67.0,31.21,17.0,240.0,16.0,100.0,1
29.0,31.21,32.0,276.0,31.0,100.0,1
16.0,31.21,13.0,270.0,15.0,100.0,1
55.0,31.21,14.0,234.0,21.0,100.0,1
12.0,31.21,18.0,252.0,12.0,100.0,1
17.0,31.21,39.0,245.99999999999997,56.0,100.0,2
80.0,31.21,16.0,234.0,11.0,100.0,1
80.0,31.21,18.0,234.0,21.0,100.0,1
60.0,31.21,14.0,216.0,15.0,100.0,1
31.0,31.21,18.0,240.0,23.0,100.0,1
65.0,31.21,13.0,276.0,18.0,100.0,1
17.0,31.21,11.0,210.0,7.0,100.0,1
66.0,31.21,29.0,252.0,18.0,100.0,1
62.0,31.21,13.0,234.0,38.0,100.0,1
74.0,31.21,11.0,228.0,14.0,100.0,1
72.0,31.21,9.0,216.0,17.0,100.0,1
72.0,31.21,20.0,252.0,33.0,100.0,1
69.0,31.21,12.0,264.0,13.0,100.0,1
35.0,31.21,11.0,240.0,13.0,100.0,1
21.0,31.21,25.0,245.99999999999997,24.0,100.0,1
70.0,31.21,13.0,245.99999999999997,33.0,100.0,1
77.0,31.21,16.0,252.0,36.0,100.0,1
14.0,31.21,9.0,245.99999999999997,9.0,100.0,1
20.0,31.21,12.0,222.0,12.0,100.0,1
49.0,31.21,20.0,282.0,9.0,100.0,1
64.0,31.21,10.0,222.0,30.0,100.0,1
45.0,31.21,9.0,240.0,13.0,100.0,1
47.0,31.21,10.0,252.0,18.0,100.0,1
41.0,31.21,12.0,210.0,17.0,100.0,1
56.0,31.21,42.0,252.0,50.0,100.0,3
34.0,31.21,17.0,245.99999999999997,10.0,100.0,1
34.0,31.21,14.0,264.0,16.0,100.0,1
39.0,31.21,12.0,240.0,74.0,100.0,2
80.0,31.21,22.0,245.99999999999997,37.0,100.0,1
57.0,31.21,28.0,252.0,34.0,100.0,1
26.0,31.21,41.0,288.0,17.0,100.0,2
40.0,31.21,25.0,150.0,18.0,100.0,1
39.0,31.21,13.0,240.0,26.0,100.0,1
66.0,31.21,4.0,222.0,16.0,100.0,1
40.0,31.21,27.0,264.0,26.0,100.0,1
39.0,31.21,10.0,270.0,15.0,100.0,1
23.0,31.21,8.0,216.0,9.0,100.0,1
20.0,31.21,9.0,245.99999999999997,16.0,100.0,1
57.0,31.21,8.0,216.0,21.0,100.0,1
78.0,31.21,15.0,245.99999999999997,15.0,100.0,1
12.0,31.21,16.0,252.0,10.0,100.0,1
80.0,31.21,11.0,240.0,16.0,100.0,1
16.0,31.21,16.0,270.0,22.0,100.0,1
36.0,31.21,12.0,245.99999999999997,36.0,100.0,1
41.0,31.21,13.0,234.0,13.0,100.0,1
58.0,31.21,25.0,234.0,38.0,100.0,1
73.0,31.21,14.0,245.99999999999997,70.0,100.0,2
16.0,31.21,16.0,282.0,18.0,100.0,1
19.0,31.21,16.0,270.0,26.0,100.0,1
56.0,31.21,23.0,240.0,37.0,100.0,1
73.0,31.21,56.0,258.0,146.0,100.0,3
25.0,31.21,14.0,276.0,17.0,100.0,1
51.0,31.21,26.0,264.0,28.0,100.0,1
15.0,31.21,37.0,245.99999999999997,20.0,100.0,1
55.0,31.21,17.0,240.0,51.0,100.0,2
28.0,31.21,8.0,258.0,29.0,100.0,1
72.0,31.21,18.0,258.0,17.0,100.0,1
56.0,31.21,31.0,264.0,16.0,100.0,1
33.0,31.21,16.0,258.0,11.0,100.0,1
60.0,31.21,16.0,288.0,22.0,100.0,1
62.0,31.21,26.0,288.0,29.0,100.0,1
34.0,31.21,10.0,252.0,9.0,100.0,1
41.0,31.21,13.0,234.0,24.0,100.0,1
14.0,31.21,17.0,245.99999999999997,9.0,100.0,1
42.0,31.21,24.0,245.99999999999997,27.0,100.0,1
50.0,31.21,11.0,180.0,17.0,100.0,1
80.0,31.21,13.0,204.0,21.0,100.0,1
54.0,31.21,22.0,245.99999999999997,82.0,100.0,2
29.0,31.21,14.0,245.99999999999997,13.0,100.0,1
41.0,31.21,24.0,240.0,19.0,100.0,1
71.0,31.21,19.0,240.0,15.0,100.0,1
58.0,31.21,25.0,234.0,51.0,100.0,2
71.0,31.21,23.0,210.0,23.0,100.0,1
59.0,31.21,10.0,204.0,21.0,100.0,1
51.0,31.21,15.0,234.0,19.0,100.0,1
46.0,31.21,36.0,252.0,39.0,100.0,1
39.0,31.21,29.0,270.0,37.0,100.0,1
43.0,31.21,13.0,264.0,21.0,100.0,1
27.0,31.21,9.0,228.0,16.0,100.0,1
23.0,31.21,20.0,264.0,22.0,100.0,1
54.0,31.21,8.0,252.0,19.0,100.0,1
50.0,31.21,35.0,252.0,55.0,100.0,2
51.0,31.21,12.0,240.0,13.0,100.0,1
26.0,31.21,16.0,282.0,11.0,100.0,1
73.0,31.21,7.0,270.0,13.0,100.0,1
35.0,31.21,16.0,294.0,22.0,100.0,1
47.0,31.21,40.0,258.0,46.0,100.0,1
49.0,31.21,12.0,228.0,13.0,100.0,1
80.0,31.21,11.0,258.0,10.0,100.0,1
36.0,31.21,20.0,252.0,57.0,100.0,2
13.0,31.21,10.0,258.0,10.0,100.0,1
39.0,31.21,15.0,222.0,33.0,100.0,1
70.0,31.21,50.0,234.0,218.0,100.0,3
23.0,31.21,16.0,234.0,19.0,100.0,1
76.0,31.21,33.0,245.99999999999997,39.0,100.0,1
34.0,31.21,13.0,222.0,13.0,100.0,1
46.0,31.21,13.0,228.0,20.0,100.0,1
21.0,31.21,16.0,258.0,15.0,100.0,1
80.0,31.21,13.0,264.0,19.0,100.0,1
30.0,31.21,13.0,264.0,22.0,100.0,1
60.0,31.21,12.0,234.0,8.0,100.0,1
38.0,31.21,13.0,252.0,18.0,100.0,1
44.0,31.21,14.0,252.0,13.0,100.0,1
34.0,31.21,11.0,264.0,11.0,100.0,1
74.0,31.21,16.0,270.0,15.0,100.0,1
42.0,31.21,8.0,240.0,12.0,100.0,1
36.0,31.21,14.0,252.0,17.0,100.0,1
63.0,31.21,11.0,252.0,15.0,100.0,1
40.0,31.21,23.0,276.0,34.0,100.0,1
21.0,31.21,28.0,258.0,40.0,100.0,1
48.0,31.21,31.0,252.0,24.0,100.0,1
37.0,31.21,20.0,245.99999999999997,50.0,100.0,2
15.0,31.21,26.0,264.0,12.0,100.0,1
40.0,31.21,43.0,216.0,28.0,100.0,2
34.0,31.21,24.0,245.99999999999997,103.0,100.0,2
45.0,31.21,21.0,288.0,18.0,100.0,1
17.0,31.21,11.0,240.0,15.0,100.0,1
64.0,31.21,10.0,245.99999999999997,16.0,100.0,1
49.0,31.21,29.0,252.0,19.0,100.0,1
80.0,31.21,29.0,276.0,27.0,100.0,1
68.0,31.21,26.0,258.0,42.0,100.0,1
38.0,31.21,15.0,204.0,37.0,100.0,1
32.0,31.21,30.0,258.0,53.0,100.0,2
63.0,31.21,22.0,245.99999999999997,41.0,100.0,1
17.0,31.21,11.0,252.0,7.0,100.0,1
13.0,31.21,17.0,234.0,14.0,100.0,1
21.0,31.21,10.0,240.0,9.0,100.0,1
73.0,31.21,10.0,245.99999999999997,9.0,100.0,1
37.0,31.21,60.0,270.0,31.0,100.0,2
21.0,31.21,6.0,240.0,15.0,100.0,1
35.0,31.21,40.0,264.0,80.0,100.0,2
54.0,31.21,22.0,228.0,54.0,100.0,2
64.0,31.21,9.0,240.0,15.0,100.0,1
65.0,31.21,82.0,210.0,142.0,100.0,3
39.0,31.21,14.0,210.0,14.0,100.0,1
63.0,31.21,10.0,228.0,15.0,100.0,1
22.0,31.21,19.0,258.0,21.0,100.0,1
12.0,31.21,12.0,252.0,9.0,100.0,1
75.0,31.21,9.0,245.99999999999997,18.0,100.0,1
52.0,31.21,25.0,240.0,37.0,100.0,1
15.0,31.21,3.0,264.0,8.0,100.0,1
42.0,31.21,12.0,174.0,20.0,100.0,1
28.0,31.21,7.0,276.0,25.0,100.0,1
19.0,31.21,9.0,282.0,25.0,100.0,1
18.0,31.21,12.0,300.0,9.0,100.0,1
79.0,31.21,19.0,252.0,18.0,100.0,1
40.0,31.21,15.0,258.0,25.0,100.0,1
80.0,31.21,19.0,228.0,197.0,100.0,2
79.0,31.21,13.0,245.99999999999997,11.0,100.0,1
80.0,31.21,11.0,234.0,13.0,100.0,1
39.0,31.21,28.0,216.0,23.0,100.0,1
30.0,31.21,10.0,228.0,28.0,100.0,1
61.0,31.21,17.0,216.0,13.0,100.0,1
18.0,31.21,11.0,245.99999999999997,12.0,100.0,1
26.0,31.21,5.0,245.99999999999997,15.0,100.0,1
73.0,31.21,14.0,252.0,15.0,100.0,1
41.0,31.21,15.0,228.0,22.0,100.0,1
63.0,31.21,33.0,264.0,22.0,100.0,1
76.0,31.21,22.0,245.99999999999997,24.0,100.0,1
13.0,31.21,17.0,258.0,15.0,100.0,1
31.0,31.21,29.0,245.99999999999997,39.0,100.0,1
61.0,31.21,14.0,234.0,23.0,100.0,1
34.0,31.21,21.0,252.0,45.0,100.0,1
69.0,31.21,15.0,216.0,22.0,100.0,1
57.0,31.21,26.0,245.99999999999997,75.0,100.0,2
50.0,31.21,16.0,252.0,19.0,100.0,1
39.0,31.21,10.0,222.0,9.0,100.0,1
46.0,31.21,15.0,198.0,10.0,100.0,1
12.0,31.21,14.0,245.99999999999997,9.0,100.0,1
62.0,31.21,21.0,252.0,39.0,100.0,1
15.0,31.21,14.0,240.0,11.0,100.0,1
74.0,31.21,11.0,204.0,16.0,100.0,1
55.0,31.21,18.0,264.0,33.0,100.0,1
26.0,31.21,175.0,252.0,113.0,100.0,3
54.0,31.21,21.0,216.0,78.0,100.0,2
15.0,31.21,17.0,245.99999999999997,16.0,100.0,1
28.0,31.21,28.0,252.0,21.0,100.0,1
17.0,31.21,14.0,282.0,9.0,100.0,1
52.0,31.21,36.0,252.0,90.0,100.0,2
56.0,31.21,18.0,252.0,17.0,100.0,1
80.0,31.21,12.0,228.0,15.0,100.0,1
62.0,31.21,16.0,245.99999999999997,20.0,100.0,1
60.0,31.21,35.0,234.0,41.0,100.0,1
12.0,31.21,26.0,228.0,11.0,100.0,1
68.0,31.21,14.0,258.0,12.0,100.0,1
28.0,31.21,10.0,252.0,8.0,100.0,1
80.0,31.21,16.0,228.0,24.0,100.0,1
12.0,31.21,15.0,258.0,11.0,100.0,1
72.0,31.21,14.0,204.0,26.0,100.0,1
70.0,31.21,23.0,245.99999999999997,17.0,100.0,1
15.0,31.21,7.0,258.0,12.0,100.0,1
43.0,31.21,20.0,258.0,24.0,100.0,1
22.0,31.21,15.0,252.0,9.0,100.0,1
38.0,31.21,100.0,282.0,338.0,100.0,3
18.0,31.21,22.0,270.0,24.0,100.0,1
59.0,31.21,16.0,245.99999999999997,21.0,100.0,1
63.0,31.21,8.0,180.0,28.0,100.0,1
38.0,31.21,11.0,240.0,13.0,100.0,1
70.0,31.21,11.0,240.0,17.0,100.0,1
51.0,31.21,23.0,245.99999999999997,49.0,100.0,2
17.0,31.21,13.0,258.0,18.0,100.0,1
80.0,31.21,16.0,252.0,28.0,100.0,1
19.0,31.21,24.0,264.0,72.0,100.0,2
36.0,31.21,61.0,210.0,64.0,100.0,3
16.0,31.21,11.0,252.0,8.0,100.0,1
71.0,31.21,17.0,228.0,39.0,100.0,1
48.0,31.21,17.0,216.0,39.0,100.0,1
18.0,31.21,39.0,245.99999999999997,18.0,100.0,1
14.0,31.21,26.0,300.0,33.0,100.0,1
56.0,31.21,14.0,252.0,23.0,100.0,1
16.0,31.21,18.0,270.0,22.0,100.0,1
20.0,31.21,12.0,276.0,14.0,100.0,1
18.0,31.21,11.0,276.0,12.0,100.0,1
56.0,31.21,27.0,240.0,61.0,100.0,2
64.0,31.21,22.0,240.0,67.0,100.0,2
13.0,31.21,10.0,234.0,9.0,100.0,1
54.0,31.21,11.0,258.0,21.0,100.0,1
23.0,31.21,19.0,240.0,21.0,100.0,1
14.0,31.21,10.0,245.99999999999997,9.0,100.0,1
58.0,31.21,21.0,282.0,31.0,100.0,1
12.0,31.21,18.0,252.0,12.0,100.0,1
20.0,31.21,72.0,252.0,37.0,100.0,2
54.0,31.21,23.0,264.0,12.0,100.0,1
17.0,31.21,20.0,252.0,79.0,100.0,2
32.0,31.21,13.0,264.0,15.0,100.0,1
80.0,31.21,13.0,240.0,24.0,100.0,1
48.0,31.21,45.0,234.0,83.0,100.0,3
80.0,31.21,22.0,270.0,19.0,100.0,1
14.0,31.21,16.0,252.0,14.0,100.0,1
17.0,31.21,13.0,288.0,11.0,100.0,1
49.0,31.21,59.0,258.0,222.0,100.0,3
41.0,31.21,16.0,258.0,16.0,100.0,1
69.0,31.21,16.0,216.0,27.0,100.0,1
49.0,31.21,9.0,240.0,13.0,100.0,1
40.0,31.21,17.0,240.0,34.0,100.0,1
56.0,31.21,21.0,245.99999999999997,59.0,100.0,2
65.0,31.21,8.0,216.0,11.0,100.0,1
63.0,31.21,22.0,216.0,21.0,100.0,1
23.0,31.21,23.0,240.0,19.0,100.0,1
71.0,31.21,26.0,276.0,28.0,100.0,1
19.0,31.21,20.0,258.0,15.0,100.0,1
61.0,31.21,19.0,240.0,50.0,100.0,2
75.0,31.21,15.0,245.99999999999997,11.0,100.0,1
32.0,31.21,32.0,252.0,28.0,100.0,1
60.0,31.21,30.0,240.0,42.0,100.0,1
16.0,31.21,9.0,245.99999999999997,7.0,100.0,1
80.0,31.21,14.0,228.0,13.0,100.0,1
27.0,31.21,48.0,240.0,27.0,100.0,2
49.0,31.21,15.0,240.0,12.0,100.0,1
77.0,31.21,27.0,240.0,16.0,100.0,1
22.0,31.21,9.0,234.0,25.0,100.0,1
60.0,31.21,11.0,240.0,41.0,100.0,1
68.0,31.21,12.0,234.0,17.0,100.0,1
55.0,31.21,25.0,204.0,61.0,100.0,2
64.0,31.21,27.0,258.0,27.0,100.0,1
55.0,31.21,20.0,252.0,9.0,100.0,1
39.0,31.21,6.0,258.0,13.0,100.0,1
59.0,31.21,23.0,234.0,147.0,100.0,2
64.0,31.21,16.0,222.0,41.0,100.0,1
40.0,31.21,14.0,264.0,12.0,100.0,1
47.0,31.21,12.0,245.99999999999997,8.0,100.0,1
59.0,31.21,23.0,276.0,35.0,100.0,1
12.0,31.21,10.0,252.0,15.0,100.0,1
50.0,31.21,14.0,240.0,19.0,100.0,1
14.0,31.21,10.0,245.99999999999997,22.0,100.0,1
56.0,31.21,23.0,228.0,34.0,100.0,1
60.0,31.21,15.0,258.0,17.0,100.0,1
43.0,31.21,51.0,240.0,34.0,100.0,2
32.0,31.21,31.0,270.0,19.0,100.0,1
64.0,31.21,15.0,240.0,23.0,100.0,1
41.0,31.21,15.0,240.0,30.0,100.0,1
63.0,31.21,13.0,228.0,30.0,100.0,1
21.0,31.21,14.0,245.99999999999997,15.0,100.0,1
27.0,31.21,43.0,252.0,62.0,100.0,3
73.0,31.21,33.0,270.0,28.0,100.0,1
22.0,31.21,68.0,252.0,34.0,100.0,2
71.0,31.21,23.0,234.0,22.0,100.0,1
72.0,31.21,11.0,252.0,12.0,100.0,1
79.0,31.21,13.0,270.0,21.0,100.0,1
74.0,31.21,17.0,258.0,14.0,100.0,1
66.0,31.21,22.0,234.0,24.0,100.0,1
56.0,31.21,34.0,258.0,41.0,100.0,1
34.0,31.21,21.0,264.0,26.0,100.0,1
59.0,31.21,22.0,264.0,28.0,100.0,1
73.0,31.21,16.0,240.0,8.0,100.0,1
67.0,31.21,10.0,240.0,11.0,100.0,1
27.0,31.21,9.0,252.0,16.0,100.0,1
65.0,31.21,20.0,216.0,27.0,100.0,1
23.0,31.21,15.0,240.0,15.0,100.0,1
75.0,31.21,25.0,240.0,69.0,100.0,2
56.0,31.21,11.0,180.0,10.0,100.0,1
28.0,31.21,17.0,210.0,17.0,100.0,1
51.0,31.21,12.0,252.0,17.0,100.0,1
28.0,31.21,17.0,252.0,23.0,100.0,1
17.0,31.21,15.0,288.0,21.0,100.0,1
80.0,31.21,15.0,245.99999999999997,13.0,100.0,1
49.0,31.21,19.0,264.0,37.0,100.0,1
14.0,31.21,11.0,258.0,14.0,100.0,1
80.0,31.21,15.0,264.0,15.0,100.0,1
39.0,31.21,27.0,252.0,43.0,100.0,1
65.0,31.21,19.0,258.0,25.0,100.0,1
17.0,31.21,34.0,245.99999999999997,36.0,100.0,1
80.0,31.21,15.0,252.0,11.0,100.0,1
53.0,31.21,17.0,228.0,19.0,100.0,1
66.0,31.21,14.0,258.0,12.0,100.0,1
80.0,31.21,13.0,228.0,24.0,100.0,1
61.0,31.21,9.0,258.0,23.0,100.0,1
62.0,31.21,15.0,252.0,33.0,100.0,1
69.0,31.21,27.0,180.0,149.0,100.0,2
67.0,31.21,73.0,258.0,28.0,100.0,2
19.0,31.21,9.0,245.99999999999997,21.0,100.0,1
72.0,31.21,20.0,204.0,22.0,100.0,1
41.0,31.21,12.0,245.99999999999997,17.0,100.0,1
18.0,31.21,10.0,245.99999999999997,17.0,100.0,1
63.0,31.21,32.0,204.0,25.0,100.0,1
62.0,31.21,24.0,245.99999999999997,75.0,100.0,2
70.0,31.21,21.0,228.0,21.0,100.0,1
67.0,31.21,12.0,228.0,13.0,100.0,1
66.0,31.21,21.0,228.0,34.0,100.0,1
19.0,31.21,19.0,258.0,16.0,100.0,1
41.0,31.21,10.0,192.0,13.0,100.0,1
74.0,31.21,10.0,270.0,29.0,100.0,1
67.0,31.21,14.0,234.0,35.0,100.0,1
70.0,31.21,8.0,245.99999999999997,12.0,100.0,1
69.0,31.21,13.0,234.0,15.0,100.0,1
66.0,31.21,15.0,234.0,17.0,100.0,1
53.0,31.21,20.0,270.0,15.0,100.0,1
61.0,31.21,25.0,264.0,20.0,100.0,1
67.0,31.21,22.0,264.0,19.0,100.0,1
71.0,31.21,52.0,264.0,22.0,100.0,2
43.0,31.21,12.0,210.0,34.0,100.0,1
18.0,31.21,15.0,228.0,15.0,100.0,1
80.0,31.21,15.0,234.0,7.0,100.0,1
53.0,31.21,7.0,245.99999999999997,25.0,100.0,1
80.0,31.21,17.0,162.0,48.0,100.0,1
59.0,31.21,29.0,245.99999999999997,72.0,100.0,2
34.0,31.21,10.0,174.0,12.0,100.0,1
29.0,31.21,28.0,245.99999999999997,28.0,100.0,1
47.0,31.21,19.0,228.0,25.0,100.0,1
42.0,31.21,56.0,258.0,29.0,100.0,2
34.0,31.21,26.0,240.0,33.0,100.0,1
12.0,31.21,15.0,252.0,16.0,100.0,1
18.0,31.21,19.0,240.0,16.0,100.0,1
23.0,31.21,36.0,234.0,33.0,100.0,1
57.0,31.21,11.0,240.0,9.0,100.0,1
41.0,31.21,10.0,222.0,14.0,100.0,1
68.0,31.21,15.0,264.0,17.0,100.0,1
22.0,31.21,11.0,245.99999999999997,10.0,100.0,1
65.0,31.21,16.0,264.0,22.0,100.0,1
63.0,31.21,22.0,245.99999999999997,27.0,100.0,1
33.0,31.21,15.0,276.0,10.0,100.0,1
39.0,31.21,37.0,204.0,88.0,100.0,2
40.0,31.21,27.0,216.0,44.0,100.0,1
47.0,31.21,56.0,240.0,27.0,100.0,2
45.0,31.21,15.0,222.0,23.0,100.0,1
45.0,31.21,13.0,222.0,19.0,100.0,1
40.0,31.21,35.0,258.0,32.0,100.0,1
80.0,31.21,21.0,240.0,30.0,100.0,1
32.0,31.21,22.0,270.0,18.0,100.0,1
18.0,31.21,13.0,234.0,7.0,100.0,1
65.0,31.21,42.0,288.0,24.0,100.0,2
80.0,31.21,15.0,245.99999999999997,83.0,100.0,2
70.0,31.21,18.0,210.0,25.0,100.0,1
16.0,31.21,8.0,210.0,10.0,100.0,1
12.0,31.21,14.0,258.0,15.0,100.0,1
49.0,31.21,20.0,270.0,22.0,100.0,1
80.0,31.21,16.0,252.0,9.0,100.0,1
66.0,31.21,27.0,270.0,19.0,100.0,1
69.0,31.21,22.0,234.0,59.0,100.0,2
68.0,31.21,30.0,270.0,35.0,100.0,1
48.0,31.21,30.0,240.0,21.0,100.0,1
67.0,31.21,17.0,216.0,22.0,100.0,1
22.0,31.21,28.0,240.0,28.0,100.0,1
14.0,31.21,9.0,270.0,13.0,100.0,1
41.0,31.21,50.0,245.99999999999997,25.0,100.0,2
23.0,31.21,21.0,252.0,20.0,100.0,1
28.0,31.21,9.0,258.0,13.0,100.0,1
14.0,31.21,22.0,258.0,17.0,100.0,1
37.0,31.21,10.0,264.0,19.0,100.0,1
72.0,31.21,9.0,270.0,27.0,100.0,1
14.0,31.21,10.0,252.0,10.0,100.0,1
52.0,31.21,10.0,228.0,35.0,100.0,1
41.0,31.21,17.0,192.0,19.0,100.0,1
76.0,31.21,14.0,234.0,15.0,100.0,1
57.0,31.21,23.0,240.0,12.0,100.0,1
13.0,31.21,16.0,240.0,13.0,100.0,1
57.0,31.21,16.0,234.0,13.0,100.0,1
49.0,31.21,21.0,270.0,28.0,100.0,1
56.0,31.21,31.0,240.0,16.0,100.0,1
55.0,31.21,21.0,240.0,22.0,100.0,1
32.0,31.21,18.0,258.0,24.0,100.0,1
27.0,31.21,16.0,240.0,12.0,100.0,1
41.0,31.21,67.0,240.0,31.0,100.0,2
61.0,31.21,14.0,228.0,13.0,100.0,1
68.0,31.21,19.0,228.0,20.0,100.0,1
27.0,31.21,26.0,282.0,26.0,100.0,1
57.0,31.21,20.0,276.0,16.0,100.0,1
70.0,31.21,28.0,245.99999999999997,27.0,100.0,1
24.0,31.21,24.0,282.0,19.0,100.0,1
56.0,31.21,17.0,276.0,18.0,100.0,1
53.0,31.21,53.0,252.0,173.0,100.0,3
67.0,31.21,11.0,234.0,15.0,100.0,1
68.0,31.21,16.0,228.0,27.0,100.0,1
26.0,31.21,10.0,282.0,14.0,100.0,1
41.0,31.21,21.0,222.0,35.0,100.0,1
22.0,31.21,23.0,258.0,18.0,100.0,1
66.0,31.21,13.0,234.0,20.0,100.0,1
36.0,31.21,32.0,258.0,25.0,100.0,1
20.0,31.21,35.0,228.0,40.0,100.0,1
73.0,31.21,13.0,228.0,25.0,100.0,1
68.0,31.21,25.0,240.0,12.0,100.0,1
75.0,31.21,20.0,245.99999999999997,12.0,100.0,1
62.0,31.21,21.0,234.0,19.0,100.0,1
60.0,31.21,35.0,258.0,26.0,100.0,1
16.0,31.21,17.0,258.0,15.0,100.0,1
70.0,31.21,14.0,252.0,16.0,100.0,1
15.0,31.21,13.0,258.0,11.0,100.0,1
59.0,31.21,15.0,228.0,54.0,100.0,2
31.0,31.21,12.0,198.0,6.0,100.0,1
12.0,31.21,13.0,240.0,7.0,100.0,1
67.0,31.21,10.0,228.0,40.0,100.0,1
63.0,31.21,18.0,276.0,26.0,100.0,1
65.0,31.21,11.0,228.0,12.0,100.0,1
55.0,31.21,18.0,264.0,501.0,100.0,2
74.0,31.21,14.0,228.0,124.0,100.0,2
35.0,31.21,18.0,216.0,30.0,100.0,1
25.0,31.21,23.0,264.0,20.0,100.0,1
37.0,31.21,14.0,245.99999999999997,25.0,100.0,1
21.0,31.21,25.0,270.0,22.0,100.0,1
31.0,31.21,13.0,210.0,20.0,100.0,1
18.0,31.21,33.0,240.0,18.0,100.0,1
80.0,31.21,22.0,258.0,21.0,100.0,1
44.0,31.21,11.0,234.0,8.0,100.0,1
16.0,31.21,23.0,240.0,13.0,100.0,1
17.0,31.21,13.0,222.0,20.0,100.0,1
75.0,31.21,22.0,245.99999999999997,16.0,100.0,1
57.0,31.21,42.0,270.0,80.0,100.0,3
70.0,31.21,19.0,228.0,17.0,100.0,1
55.0,31.21,32.0,234.0,19.0,100.0,1
73.0,31.21,38.0,228.0,41.0,100.0,1
74.0,31.21,25.0,240.0,33.0,100.0,1
43.0,31.21,11.0,216.0,36.0,100.0,1
72.0,31.21,15.0,222.0,31.0,100.0,1
17.0,31.21,22.0,252.0,23.0,100.0,1
13.0,31.21,14.0,252.0,10.0,100.0,1
44.0,31.21,26.0,234.0,29.0,100.0,1
48.0,31.21,10.0,270.0,12.0,100.0,1
34.0,31.21,60.0,234.0,34.0,100.0,2
53.0,31.21,32.0,264.0,97.0,100.0,2
41.0,31.21,13.0,245.99999999999997,6.0,100.0,1
80.0,31.21,14.0,270.0,12.0,100.0,1
20.0,31.21,11.0,276.0,7.0,100.0,1
52.0,31.21,24.0,258.0,21.0,100.0,1
20.0,31.21,11.0,156.0,9.0,100.0,1
79.0,31.21,20.0,264.0,17.0,100.0,1
68.0,31.21,18.0,264.0,18.0,100.0,1
74.0,31.21,14.0,245.99999999999997,12.0,100.0,1
56.0,31.21,117.0,258.0,205.0,100.0,3
74.0,31.21,12.0,252.0,11.0,100.0,1
40.0,31.21,32.0,270.0,16.0,100.0,1
24.0,31.21,13.0,234.0,12.0,100.0,1
14.0,31.21,8.0,234.0,13.0,100.0,1
30.0,31.21,21.0,186.0,7.0,100.0,1
72.0,31.21,22.0,245.99999999999997,15.0,100.0,1
66.0,31.21,8.0,252.0,26.0,100.0,1
55.0,31.21,14.0,264.0,11.0,100.0,1
57.0,31.21,32.0,228.0,56.0,100.0,2
64.0,31.21,14.0,240.0,33.0,100.0,1
29.0,31.21,12.0,282.0,16.0,100.0,1
19.0,31.21,9.0,245.99999999999997,7.0,100.0,1
68.0,31.21,18.0,216.0,23.0,100.0,1
67.0,31.21,30.0,252.0,20.0,100.0,1
64.0,31.21,37.0,258.0,22.0,100.0,1
49.0,31.21,19.0,258.0,32.0,100.0,1
74.0,31.21,37.0,210.0,207.0,100.0,2
44.0,31.21,20.0,252.0,14.0,100.0,1
19.0,31.21,18.0,234.0,27.0,100.0,1
45.0,31.21,18.0,240.0,15.0,100.0,1
20.0,31.21,12.0,288.0,20.0,100.0,1
25.0,31.21,3.0,252.0,8.0,100.0,1
55.0,31.21,11.0,252.0,10.0,100.0,1
38.0,31.21,14.0,258.0,28.0,100.0,1
77.0,31.21,15.0,258.0,17.0,100.0,1
73.0,31.21,53.0,240.0,46.0,100.0,2
60.0,31.21,23.0,228.0,27.0,100.0,1
58.0,31.21,25.0,258.0,12.0,100.0,1
34.0,31.21,16.0,245.99999999999997,24.0,100.0,1
56.0,31.21,18.0,228.0,19.0,100.0,1
73.0,31.21,18.0,204.0,18.0,100.0,1
63.0,31.21,14.0,288.0,17.0,100.0,1
59.0,31.21,12.0,258.0,9.0,100.0,1
34.0,31.21,26.0,258.0,83.0,100.0,2
18.0,31.21,10.0,282.0,17.0,100.0,1
59.0,31.21,27.0,252.0,27.0,100.0,1
43.0,31.21,12.0,222.0,19.0,100.0,1
26.0,31.21,50.0,245.99999999999997,35.0,100.0,2
70.0,31.21,17.0,245.99999999999997,20.0,100.0,1
29.0,31.21,38.0,312.0,49.0,100.0,2
19.0,31.21,26.0,264.0,19.0,100.0,1
59.0,31.21,43.0,258.0,154.0,100.0,3
68.0,31.21,20.0,282.0,26.0,100.0,1
69.0,31.21,15.0,198.0,17.0,100.0,1
19.0,31.21,19.0,306.0,16.0,100.0,1
80.0,31.21,14.0,258.0,25.0,100.0,1
75.0,31.21,23.0,204.0,174.0,100.0,2
30.0,31.21,16.0,264.0,18.0,100.0,1
18.0,31.21,18.0,210.0,23.0,100.0,1
45.0,31.21,22.0,264.0,31.0,100.0,1
62.0,31.21,11.0,222.0,21.0,100.0,1
33.0,31.21,50.0,252.0,61.0,100.0,3
19.0,31.21,15.0,294.0,21.0,100.0,1
17.0,31.21,19.0,258.0,17.0,100.0,1
15.0,31.21,7.0,264.0,13.0,100.0,1
70.0,31.21,22.0,245.99999999999997,32.0,100.0,1
79.0,31.21,16.0,234.0,81.0,100.0,2
74.0,31.21,15.0,252.0,21.0,100.0,1
40.0,31.21,53.0,264.0,58.0,100.0,3
56.0,31.21,24.0,245.99999999999997,37.0,100.0,1
74.0,31.21,22.0,245.99999999999997,22.0,100.0,1
44.0,31.21,57.0,270.0,21.0,100.0,2
16.0,31.21,13.0,245.99999999999997,17.0,100.0,1
70.0,31.21,8.0,240.0,11.0,100.0,1
29.0,31.21,14.0,252.0,19.0,100.0,1
30.0,31.21,10.0,276.0,11.0,100.0,1
53.0,31.21,17.0,240.0,63.0,100.0,2
27.0,31.21,10.0,264.0,10.0,100.0,1
38.0,31.21,10.0,204.0,23.0,100.0,1
32.0,31.21,22.0,245.99999999999997,15.0,100.0,1
57.0,31.21,22.0,245.99999999999997,28.0,100.0,1
27.0,31.21,16.0,258.0,12.0,100.0,1
38.0,31.21,46.0,258.0,29.0,100.0,2
14.0,31.21,16.0,264.0,15.0,100.0,1
54.0,31.21,15.0,180.0,14.0,100.0,1
33.0,31.21,30.0,270.0,20.0,100.0,1
20.0,31.21,22.0,270.0,19.0,100.0,1
32.0,31.21,10.0,240.0,20.0,100.0,1
22.0,31.21,22.0,270.0,20.0,100.0,1
42.0,31.21,32.0,276.0,56.0,100.0,2
66.0,31.21,27.0,228.0,47.0,100.0,1
35.0,31.21,56.0,222.0,102.0,100.0,3
41.0,31.21,50.0,240.0,51.0,100.0,3
29.0,31.21,17.0,240.0,15.0,100.0,1
80.0,31.21,14.0,245.99999999999997,25.0,100.0,1
42.0,31.21,15.0,240.0,24.0,100.0,1
53.0,31.21,11.0,245.99999999999997,19.0,100.0,1
12.0,31.21,14.0,216.0,23.0,100.0,1
74.0,31.21,6.0,204.0,9.0,100.0,1
14.0,31.21,7.0,252.0,7.0,100.0,1
54.0,31.21,25.0,192.0,37.0,100.0,1
39.0,31.21,16.0,276.0,14.0,100.0,1
63.0,31.21,14.0,245.99999999999997,16.0,100.0,1
46.0,31.21,16.0,276.0,42.0,100.0,1
44.0,31.21,13.0,204.0,22.0,100.0,1
23.0,31.21,43.0,240.0,212.0,100.0,3
56.0,31.21,11.0,258.0,9.0,100.0,1
37.0,31.21,32.0,162.0,9.0,100.0,1
71.0,31.21,28.0,234.0,17.0,100.0,1
34.0,31.21,10.0,222.0,16.0,100.0,1
48.0,31.21,14.0,240.0,18.0,100.0,1
69.0,31.21,10.0,240.0,8.0,100.0,1
17.0,31.21,11.0,240.0,15.0,100.0,1
73.0,31.21,28.0,258.0,18.0,100.0,1
62.0,31.21,21.0,234.0,71.0,100.0,2
38.0,31.21,30.0,240.0,34.0,100.0,1
44.0,31.21,15.0,258.0,4.0,100.0,1
17.0,31.21,14.0,234.0,11.0,100.0,1
75.0,31.21,16.0,222.0,20.0,100.0,1
71.0,31.21,8.0,222.0,17.0,100.0,1
38.0,31.21,33.0,258.0,39.0,100.0,1
59.0,31.21,18.0,270.0,16.0,100.0,1
46.0,31.21,24.0,258.0,39.0,100.0,1
67.0,31.21,22.0,264.0,42.0,100.0,1
31.0,31.21,17.0,282.0,19.0,100.0,1
38.0,31.21,30.0,264.0,31.0,100.0,1
40.0,31.21,35.0,210.0,24.0,100.0,1
46.0,31.21,15.0,245.99999999999997,14.0,100.0,1
49.0,31.21,35.0,245.99999999999997,33.0,100.0,1
48.0,31.21,21.0,288.0,59.0,100.0,2
31.0,31.21,18.0,276.0,9.0,100.0,1
57.0,31.21,22.0,252.0,31.0,100.0,1
17.0,31.21,20.0,270.0,57.0,100.0,2
52.0,31.21,20.0,245.99999999999997,17.0,100.0,1
41.0,31.21,13.0,216.0,16.0,100.0,1
38.0,31.21,131.0,234.0,143.0,100.0,3
37.0,31.21,12.0,228.0,16.0,100.0,1
33.0,31.21,16.0,222.0,15.0,100.0,1
60.0,31.21,21.0,240.0,17.0,100.0,1
57.0,31.21,27.0,234.0,23.0,100.0,1
52.0,31.21,14.0,264.0,15.0,100.0,1
57.0,31.21,29.0,240.0,29.0,100.0,1
33.0,31.21,14.0,276.0,14.0,100.0,1
50.0,31.21,41.0,240.0,21.0,100.0,2
20.0,31.21,15.0,276.0,22.0,100.0,1
33.0,31.21,17.0,276.0,18.0,100.0,1
45.0,31.21,26.0,245.99999999999997,69.0,100.0,2
18.0,31.21,9.0,306.0,9.0,100.0,1
38.0,31.21,11.0,245.99999999999997,13.0,100.0,1
33.0,31.21,37.0,245.99999999999997,74.0,100.0,2
32.0,31.21,22.0,245.99999999999997,20.0,100.0,1
65.0,31.21,29.0,240.0,18.0,100.0,1
23.0,31.21,7.0,276.0,16.0,100.0,1
14.0,31.21,14.0,264.0,12.0,100.0,1
57.0,31.21,17.0,228.0,14.0,100.0,1
62.0,31.21,9.0,228.0,16.0,100.0,1
18.0,31.21,9.0,245.99999999999997,12.0,100.0,1
31.0,31.21,24.0,245.99999999999997,18.0,100.0,1
61.0,31.21,17.0,228.0,14.0,100.0,1
36.0,31.21,16.0,186.0,11.0,100.0,1
64.0,31.21,17.0,252.0,12.0,100.0,1
34.0,31.21,13.0,234.0,27.0,100.0,1
67.0,31.21,15.0,240.0,19.0,100.0,1
52.0,31.21,24.0,228.0,14.0,100.0,1
60.0,31.21,22.0,245.99999999999997,84.0,100.0,2
15.0,31.21,23.0,252.0,22.0,100.0,1
62.0,31.21,16.0,258.0,24.0,100.0,1
14.0,31.21,16.0,282.0,22.0,100.0,1
80.0,31.21,9.0,245.99999999999997,23.0,100.0,1
22.0,31.21,17.0,264.0,16.0,100.0,1
14.0,31.21,12.0,258.0,12.0,100.0,1
12.0,31.21,9.0,245.99999999999997,14.0,100.0,1
43.0,31.21,30.0,234.0,40.0,100.0,1
25.0,31.21,15.0,252.0,13.0,100.0,1
30.0,31.21,11.0,228.0,9.0,100.0,1
16.0,31.21,9.0,264.0,10.0,100.0,1
19.0,31.21,10.0,252.0,16.0,100.0,1
60.0,31.21,13.0,252.0,24.0,100.0,1
19.0,31.21,33.0,245.99999999999997,39.0,100.0,1
27.0,31.21,181.0,270.0,67.0,100.0,3
14.0,31.21,20.0,276.0,27.0,100.0,1
47.0,31.21,15.0,234.0,16.0,100.0,1
74.0,31.21,28.0,252.0,34.0,100.0,1
28.0,31.21,47.0,216.0,27.0,100.0,2
42.0,31.21,6.0,222.0,12.0,100.0,1
60.0,31.21,18.0,234.0,37.0,100.0,1
13.0,31.21,8.0,276.0,15.0,100.0,1
13.0,31.21,12.0,258.0,13.0,100.0,1
27.0,31.21,40.0,222.0,35.0,100.0,1
60.0,31.21,15.0,252.0,26.0,100.0,1
62.0,31.21,28.0,240.0,15.0,100.0,1
14.0,31.21,15.0,240.0,10.0,100.0,1
15.0,31.21,8.0,270.0,9.0,100.0,1
36.0,31.21,49.0,270.0,49.0,100.0,3
15.0,31.21,12.0,288.0,9.0,100.0,1
39.0,31.21,14.0,210.0,16.0,100.0,1
52.0,31.21,17.0,228.0,19.0,100.0,1
56.0,31.21,25.0,282.0,23.0,100.0,1
56.0,31.21,27.0,240.0,74.0,100.0,2
34.0,31.21,16.0,245.99999999999997,10.0,100.0,1
55.0,31.21,21.0,245.99999999999997,19.0,100.0,1
52.0,31.21,12.0,252.0,14.0,100.0,1
45.0,31.21,58.0,258.0,39.0,100.0,2
49.0,31.21,10.0,245.99999999999997,26.0,100.0,1
60.0,31.21,13.0,222.0,35.0,100.0,1
69.0,31.21,29.0,240.0,34.0,100.0,1
80.0,31.21,18.0,240.0,18.0,100.0,1
52.0,31.21,17.0,245.99999999999997,22.0,100.0,1
32.0,31.21,31.0,245.99999999999997,114.0,100.0,2
14.0,31.21,8.0,270.0,13.0,100.0,1
58.0,31.21,15.0,276.0,36.0,100.0,1
47.0,31.21,19.0,222.0,12.0,100.0,1
31.0,31.21,12.0,228.0,14.0,100.0,1
48.0,31.21,16.0,264.0,18.0,100.0,1
50.0,31.21,17.0,234.0,15.0,100.0,1
43.0,31.21,6.0,245.99999999999997,20.0,100.0,1
29.0,31.21,10.0,222.0,9.0,100.0,1
78.0,31.21,9.0,245.99999999999997,11.0,100.0,1
19.0,31.21,22.0,306.0,25.0,100.0,1
58.0,31.21,34.0,228.0,38.0,100.0,1
34.0,31.21,29.0,282.0,32.0,100.0,1
29.0,31.21,14.0,245.99999999999997,19.0,100.0,1
64.0,31.21,22.0,252.0,14.0,100.0,1
26.0,31.21,9.0,245.99999999999997,14.0,100.0,1
25.0,31.21,20.0,234.0,26.0,100.0,1
80.0,31.21,17.0,234.0,19.0,100.0,1
42.0,31.21,48.0,245.99999999999997,75.0,100.0,3
55.0,31.21,12.0,210.0,14.0,100.0,1
72.0,31.21,31.0,216.0,295.0,100.0,2
35.0,31.21,17.0,258.0,15.0,100.0,1
68.0,31.21,42.0,228.0,47.0,100.0,2
13.0,31.21,11.0,264.0,14.0,100.0,1
45.0,31.21,47.0,234.0,31.0,100.0,2
47.0,31.21,34.0,264.0,68.0,100.0,2
59.0,31.21,20.0,245.99999999999997,31.0,100.0,1
62.0,31.21,16.0,240.0,22.0,100.0,1
51.0,31.21,16.0,276.0,24.0,100.0,1
39.0,31.21,34.0,228.0,42.0,100.0,1
41.0,31.21,19.0,276.0,49.0,100.0,2
36.0,31.21,12.0,234.0,18.0,100.0,1
80.0,31.21,16.0,245.99999999999997,14.0,100.0,1
61.0,31.21,9.0,245.99999999999997,20.0,100.0,1
40.0,31.21,17.0,216.0,39.0,100.0,1
18.0,31.21,7.0,222.0,10.0,100.0,1
69.0,31.21,24.0,245.99999999999997,25.0,100.0,1
80.0,31.21,12.0,234.0,19.0,100.0,1
80.0,31.21,15.0,270.0,35.0,100.0,1
50.0,31.21,20.0,252.0,56.0,100.0,2
79.0,31.21,47.0,252.0,27.0,100.0,2
47.0,31.21,6.0,234.0,10.0,100.0,1
59.0,31.21,11.0,228.0,16.0,100.0,1
63.0,31.21,16.0,222.0,16.0,100.0,1
26.0,31.21,25.0,276.0,10.0,100.0,1
56.0,31.21,16.0,222.0,56.0,100.0,2
42.0,31.21,17.0,264.0,12.0,100.0,1
18.0,31.21,8.0,270.0,11.0,100.0,1
55.0,31.21,15.0,258.0,14.0,100.0,1
48.0,31.21,18.0,258.0,15.0,100.0,1
13.0,31.21,14.0,258.0,11.0,100.0,1
23.0,31.21,87.0,270.0,37.0,100.0,2
46.0,31.21,18.0,234.0,53.0,100.0,2
18.0,31.21,8.0,264.0,11.0,100.0,1
71.0,31.21,12.0,222.0,10.0,100.0,1
52.0,31.21,21.0,270.0,14.0,100.0,1
54.0,31.21,49.0,252.0,75.0,100.0,3
80.0,31.21,24.0,228.0,23.0,100.0,1
55.0,31.21,26.0,245.99999999999997,41.0,100.0,1
57.0,31.21,22.0,228.0,54.0,100.0,2
59.0,31.21,46.0,252.0,24.0,100.0,2
36.0,31.21,26.0,240.0,26.0,100.0,1
67.0,31.21,10.0,252.0,12.0,100.0,1
61.0,31.21,10.0,240.0,22.0,100.0,1
60.0,31.21,11.0,216.0,33.0,100.0,1
20.0,31.21,23.0,258.0,20.0,100.0,1
56.0,31.21,10.0,168.0,31.0,100.0,1
75.0,31.21,43.0,240.0,20.0,100.0,2
80.0,31.21,13.0,222.0,15.0,100.0,1
74.0,31.21,38.0,258.0,15.0,100.0,1
28.0,31.21,11.0,264.0,12.0,100.0,1
16.0,31.21,8.0,270.0,9.0,100.0,1
70.0,31.21,13.0,234.0,11.0,100.0,1
66.0,31.21,16.0,240.0,28.0,100.0,1
60.0,31.21,19.0,252.0,29.0,100.0,1
49.0,31.21,12.0,222.0,23.0,100.0,1
20.0,31.21,19.0,245.99999999999997,24.0,100.0,1
80.0,31.21,16.0,264.0,38.0,100.0,1
80.0,31.21,11.0,204.0,13.0,100.0,1
50.0,31.21,21.0,228.0,14.0,100.0,1
32.0,31.21,23.0,252.0,21.0,100.0,1
27.0,31.21,20.0,252.0,20.0,100.0,1
15.0,31.21,15.0,258.0,12.0,100.0,1
25.0,31.21,40.0,270.0,57.0,100.0,2
69.0,31.21,14.0,222.0,13.0,100.0,1
65.0,31.21,19.0,252.0,46.0,100.0,1
37.0,31.21,16.0,276.0,11.0,100.0,1
43.0,31.21,7.0,222.0,23.0,100.0,1
15.0,31.21,12.0,234.0,19.0,100.0,1
47.0,31.21,19.0,252.0,23.0,100.0,1
53.0,31.21,14.0,264.0,13.0,100.0,1
80.0,31.21,14.0,222.0,13.0,100.0,1
28.0,31.21,12.0,270.0,18.0,100.0,1
30.0,31.21,8.0,222.0,9.0,100.0,1
51.0,31.21,16.0,252.0,29.0,100.0,1
18.0,31.21,20.0,264.0,10.0,100.0,1
71.0,31.21,70.0,276.0,42.0,100.0,2
80.0,31.21,42.0,210.0,69.0,100.0,3
68.0,31.21,25.0,252.0,26.0,100.0,1
74.0,31.21,15.0,234.0,16.0,100.0,1
62.0,31.21,13.0,222.0,21.0,100.0,1
18.0,31.21,10.0,234.0,11.0,100.0,1
75.0,31.21,20.0,245.99999999999997,13.0,100.0,1
21.0,31.21,11.0,270.0,23.0,100.0,1
65.0,31.21,8.0,240.0,14.0,100.0,1
36.0,31.21,16.0,216.0,17.0,100.0,1
31.0,31.21,15.0,228.0,41.0,100.0,1
31.0,31.21,14.0,240.0,19.0,100.0,1
56.0,31.21,13.0,258.0,20.0,100.0,1
73.0,31.21,19.0,234.0,24.0,100.0,1
75.0,31.21,10.0,264.0,15.0,100.0,1
69.0,31.21,15.0,252.0,12.0,100.0,1
80.0,31.21,14.0,245.99999999999997,16.0,100.0,1
48.0,31.21,81.0,264.0,72.0,100.0,3
16.0,31.21,10.0,282.0,11.0,100.0,1
55.0,31.21,24.0,252.0,16.0,100.0,1
74.0,31.21,27.0,234.0,48.0,100.0,1
64.0,31.21,16.0,240.0,19.0,100.0,1
72.0,31.21,18.0,240.0,14.0,100.0,1
33.0,31.21,12.0,264.0,9.0,100.0,1
16.0,31.21,31.0,240.0,15.0,100.0,1
14.0,31.21,8.0,264.0,19.0,100.0,1
43.0,31.21,76.0,294.0,45.0,100.0,2
71.0,31.21,15.0,228.0,18.0,100.0,1
50.0,31.21,19.0,245.99999999999997,11.0,100.0,1
66.0,31.21,10.0,234.0,15.0,100.0,1
48.0,31.21,18.0,252.0,47.0,100.0,1
72.0,31.21,15.0,216.0,23.0,100.0,1
49.0,31.21,21.0,270.0,11.0,100.0,1
36.0,31.21,11.0,204.0,23.0,100.0,1
14.0,31.21,12.0,222.0,10.0,100.0,1
20.0,31.21,13.0,264.0,23.0,100.0,1
67.0,31.21,12.0,240.0,13.0,100.0,1
55.0,31.21,13.0,234.0,9.0,100.0,1
15.0,31.21,19.0,252.0,14.0,100.0,1
13.0,31.21,14.0,276.0,12.0,100.0,1
53.0,31.21,38.0,252.0,35.0,100.0,1
50.0,31.21,17.0,234.0,17.0,100.0,1
70.0,31.21,11.0,252.0,13.0,100.0,1
69.0,31.21,22.0,258.0,37.0,100.0,1
80.0,31.21,12.0,240.0,13.0,100.0,1
20.0,31.21,11.0,240.0,15.0,100.0,1
43.0,31.21,13.0,198.0,22.0,100.0,1
53.0,31.21,12.0,234.0,19.0,100.0,1
37.0,31.21,9.0,228.0,8.0,100.0,1
49.0,31.21,26.0,282.0,41.0,100.0,1
55.0,31.21,11.0,245.99999999999997,13.0,100.0,1
58.0,31.21,10.0,252.0,15.0,100.0,1
16.0,31.21,14.0,252.0,10.0,100.0,1
21.0,31.21,37.0,264.0,26.0,100.0,1
45.0,31.21,23.0,252.0,64.0,100.0,2
16.0,31.21,18.0,245.99999999999997,32.0,100.0,1
59.0,31.21,28.0,234.0,40.0,100.0,1
16.0,31.21,14.0,300.0,16.0,100.0,1
56.0,31.21,17.0,222.0,32.0,100.0,1
42.0,31.21,22.0,234.0,17.0,100.0,1
19.0,31.21,40.0,240.0,16.0,100.0,1
63.0,31.21,19.0,264.0,66.0,100.0,2
29.0,31.21,7.0,234.0,6.0,100.0,1
50.0,31.21,7.0,210.0,6.0,100.0,1
18.0,31.21,19.0,270.0,21.0,100.0,1
32.0,31.21,10.0,228.0,7.0,100.0,1
23.0,31.21,18.0,276.0,17.0,100.0,1
16.0,31.21,13.0,312.0,12.0,100.0,1
64.0,31.21,27.0,252.0,22.0,100.0,1
21.0,31.21,19.0,245.99999999999997,27.0,100.0,1
59.0,31.21,12.0,252.0,10.0,100.0,1
38.0,31.21,10.0,240.0,11.0,100.0,1
80.0,31.21,15.0,252.0,23.0,100.0,1
63.0,31.21,14.0,245.99999999999997,12.0,100.0,1
35.0,31.21,30.0,276.0,18.0,100.0,1
17.0,31.21,13.0,240.0,26.0,100.0,1
39.0,31.21,34.0,258.0,70.0,100.0,2
33.0,31.21,29.0,264.0,16.0,100.0,1
69.0,31.21,82.0,270.0,52.0,100.0,3
29.0,31.21,67.0,252.0,21.0,100.0,2
58.0,31.21,29.0,252.0,25.0,100.0,1
75.0,31.21,21.0,204.0,18.0,100.0,1
63.0,31.21,22.0,234.0,34.0,100.0,1
63.0,31.21,13.0,234.0,15.0,100.0,1
73.0,31.21,13.0,252.0,18.0,100.0,1
18.0,31.21,13.0,228.0,11.0,100.0,1
13.0,31.21,16.0,245.99999999999997,14.0,100.0,1
19.0,31.21,7.0,240.0,10.0,100.0,1
80.0,31.21,14.0,240.0,16.0,100.0,1
63.0,31.21,13.0,245.99999999999997,35.0,100.0,1
24.0,31.21,11.0,258.0,15.0,100.0,1
70.0,31.21,14.0,245.99999999999997,19.0,100.0,1
57.0,31.21,19.0,264.0,37.0,100.0,1
56.0,31.21,30.0,258.0,31.0,100.0,1
70.0,31.21,38.0,258.0,48.0,100.0,1
14.0,31.21,15.0,294.0,14.0,100.0,1
14.0,31.21,10.0,264.0,8.0,100.0,1
26.0,31.21,47.0,228.0,40.0,100.0,2
52.0,31.21,37.0,258.0,39.0,100.0,1
14.0,31.21,6.0,258.0,8.0,100.0,1
49.0,31.21,85.0,228.0,49.0,100.0,3
62.0,31.21,13.0,222.0,15.0,100.0,1
63.0,31.21,23.0,228.0,60.0,100.0,2
21.0,31.21,22.0,252.0,26.0,100.0,1
15.0,31.21,12.0,252.0,9.0,100.0,1
59.0,31.21,14.0,240.0,54.0,100.0,2
14.0,31.21,13.0,264.0,13.0,100.0,1
69.0,31.21,20.0,240.0,22.0,100.0,1
74.0,31.21,32.0,245.99999999999997,29.0,100.0,1
43.0,31.21,32.0,264.0,27.0,100.0,1
55.0,31.21,11.0,234.0,11.0,100.0,1
26.0,31.21,12.0,234.0,10.0,100.0,1
22.0,31.21,11.0,258.0,15.0,100.0,1
52.0,31.21,21.0,234.0,19.0,100.0,1
64.0,31.21,14.0,240.0,24.0,100.0,1
80.0,31.21,19.0,258.0,44.0,100.0,1
65.0,31.21,16.0,234.0,18.0,100.0,1
80.0,31.21,10.0,234.0,10.0,100.0,1
31.0,31.21,59.0,245.99999999999997,40.0,100.0,2
74.0,31.21,23.0,240.0,22.0,100.0,1
30.0,31.21,13.0,270.0,22.0,100.0,1
35.0,31.21,32.0,245.99999999999997,36.0,100.0,1
80.0,31.21,46.0,222.0,86.0,100.0,3
80.0,31.21,9.0,228.0,19.0,100.0,1
47.0,31.21,4.0,245.99999999999997,11.0,100.0,1
30.0,31.21,10.0,186.0,7.0,100.0,1
20.0,31.21,34.0,240.0,14.0,100.0,1
60.0,31.21,12.0,245.99999999999997,37.0,100.0,1
56.0,31.21,21.0,245.99999999999997,14.0,100.0,1
58.0,31.21,57.0,245.99999999999997,27.0,100.0,2
33.0,31.21,12.0,234.0,10.0,100.0,1
50.0,31.21,16.0,270.0,58.0,100.0,2
41.0,31.21,28.0,245.99999999999997,39.0,100.0,1
40.0,31.21,27.0,276.0,22.0,100.0,1
49.0,31.21,17.0,258.0,14.0,100.0,1
15.0,31.21,12.0,245.99999999999997,10.0,100.0,1
63.0,31.21,27.0,264.0,18.0,100.0,1
69.0,31.21,15.0,245.99999999999997,20.0,100.0,1
14.0,31.21,14.0,245.99999999999997,11.0,100.0,1
18.0,31.21,10.0,276.0,10.0,100.0,1
60.0,31.21,19.0,222.0,23.0,100.0,1
62.0,31.21,18.0,210.0,66.0,100.0,2
22.0,31.21,34.0,240.0,33.0,100.0,1
30.0,31.21,35.0,252.0,17.0,100.0,1
49.0,31.21,81.0,245.99999999999997,27.0,100.0,2
42.0,31.21,10.0,216.0,10.0,100.0,1
50.0,31.21,14.0,186.0,16.0,100.0,1
20.0,31.21,9.0,258.0,8.0,100.0,1
46.0,31.21,19.0,240.0,200.0,100.0,2
12.0,31.21,24.0,276.0,11.0,100.0,1
17.0,31.21,16.0,264.0,11.0,100.0,1
29.0,31.21,15.0,228.0,18.0,100.0,1
17.0,31.21,10.0,228.0,12.0,100.0,1
53.0,31.21,23.0,222.0,54.0,100.0,2
72.0,31.21,20.0,240.0,26.0,100.0,1
57.0,31.21,19.0,228.0,20.0,100.0,1
48.0,31.21,14.0,222.0,16.0,100.0,1
49.0,31.21,11.0,252.0,19.0,100.0,1
51.0,31.21,32.0,245.99999999999997,52.0,100.0,2
24.0,31.21,39.0,228.0,36.0,100.0,1
42.0,31.21,7.0,216.0,22.0,100.0,1
29.0,31.21,17.0,228.0,12.0,100.0,1
21.0,31.21,12.0,270.0,7.0,100.0,1
42.0,31.21,15.0,228.0,20.0,100.0,1
65.0,31.21,16.0,192.0,29.0,100.0,1
74.0,31.21,12.0,234.0,21.0,100.0,1
67.0,31.21,28.0,240.0,29.0,100.0,1
47.0,31.21,9.0,234.0,12.0,100.0,1
38.0,31.21,25.0,258.0,20.0,100.0,1
33.0,31.21,17.0,264.0,14.0,100.0,1
35.0,31.21,30.0,240.0,24.0,100.0,1
43.0,31.21,32.0,222.0,12.0,100.0,1
24.0,31.21,24.0,252.0,22.0,100.0,1
31.0,31.21,10.0,252.0,19.0,100.0,1
59.0,31.21,17.0,240.0,17.0,100.0,1
17.0,31.21,8.0,252.0,8.0,100.0,1
64.0,31.21,37.0,258.0,111.0,100.0,2
60.0,31.21,15.0,204.0,17.0,100.0,1
46.0,31.21,13.0,216.0,54.0,100.0,2
56.0,31.21,23.0,245.99999999999997,13.0,100.0,1
13.0,31.21,13.0,240.0,9.0,100.0,1
69.0,31.21,16.0,276.0,11.0,100.0,1
22.0,31.21,56.0,222.0,119.0,100.0,3
24.0,31.21,10.0,252.0,13.0,100.0,1
46.0,31.21,27.0,234.0,29.0,100.0,1
67.0,31.21,27.0,276.0,38.0,100.0,1
59.0,31.21,13.0,276.0,13.0,100.0,1
19.0,31.21,74.0,264.0,32.0,100.0,2
39.0,31.21,10.0,264.0,13.0,100.0,1
15.0,31.21,47.0,252.0,25.0,100.0,2
55.0,31.21,20.0,186.0,287.0,100.0,2
34.0,31.21,39.0,252.0,26.0,100.0,1
50.0,31.21,58.0,240.0,31.0,100.0,2
17.0,31.21,11.0,245.99999999999997,9.0,100.0,1
55.0,31.21,64.0,282.0,59.0,100.0,3
30.0,31.21,13.0,264.0,23.0,100.0,1
61.0,31.21,22.0,258.0,56.0,100.0,2
69.0,31.21,21.0,245.99999999999997,17.0,100.0,1
51.0,31.21,37.0,216.0,189.0,100.0,2
26.0,31.21,13.0,270.0,12.0,100.0,1
22.0,31.21,8.0,228.0,9.0,100.0,1
40.0,31.21,14.0,245.99999999999997,18.0,100.0,1
69.0,31.21,17.0,245.99999999999997,39.0,100.0,1
52.0,31.21,23.0,252.0,19.0,100.0,1
13.0,31.21,11.0,240.0,9.0,100.0,1
80.0,31.21,7.0,216.0,14.0,100.0,1
52.0,31.21,65.0,258.0,27.0,100.0,2
17.0,31.21,19.0,270.0,13.0,100.0,1
52.0,31.21,14.0,245.99999999999997,21.0,100.0,1
28.0,31.21,15.0,228.0,13.0,100.0,1
65.0,31.21,27.0,234.0,9.0,100.0,1
54.0,31.21,23.0,234.0,20.0,100.0,1
49.0,31.21,26.0,264.0,23.0,100.0,1
55.0,31.21,24.0,252.0,25.0,100.0,1
17.0,31.21,13.0,264.0,16.0,100.0,1
62.0,31.21,19.0,228.0,30.0,100.0,1
76.0,31.21,8.0,252.0,8.0,100.0,1
65.0,31.21,27.0,245.99999999999997,104.0,100.0,2
13.0,31.21,15.0,264.0,10.0,100.0,1
31.0,31.21,11.0,252.0,8.0,100.0,1
15.0,31.21,12.0,276.0,15.0,100.0,1
57.0,31.21,7.0,222.0,20.0,100.0,1
59.0,31.21,29.0,210.0,124.0,100.0,2
15.0,31.21,9.0,264.0,5.0,100.0,1
70.0,31.21,26.0,228.0,38.0,100.0,1
49.0,31.21,21.0,240.0,17.0,100.0,1
78.0,31.21,12.0,252.0,10.0,100.0,1
33.0,31.21,13.0,198.0,18.0,100.0,1
80.0,31.21,3.0,252.0,25.0,100.0,1
24.0,31.21,20.0,282.0,12.0,100.0,1
16.0,31.21,14.0,270.0,8.0,100.0,1
27.0,31.21,18.0,270.0,13.0,100.0,1
21.0,31.21,32.0,264.0,18.0,100.0,1
48.0,31.21,15.0,228.0,57.0,100.0,2
76.0,31.21,16.0,234.0,14.0,100.0,1
12.0,31.21,15.0,276.0,11.0,100.0,1
51.0,31.21,32.0,258.0,62.0,100.0,2
40.0,31.21,13.0,240.0,19.0,100.0,1
20.0,31.21,13.0,264.0,10.0,100.0,1
79.0,31.21,12.0,240.0,25.0,100.0,1
80.0,31.21,11.0,234.0,19.0,100.0,1
46.0,31.21,58.0,264.0,105.0,100.0,3
17.0,31.21,6.0,228.0,9.0,100.0,1
24.0,31.21,22.0,264.0,14.0,100.0,1
25.0,31.21,44.0,258.0,30.0,100.0,2
67.0,31.21,24.0,245.99999999999997,11.0,100.0,1
30.0,31.21,19.0,258.0,12.0,100.0,1
30.0,31.21,22.0,288.0,18.0,100.0,1
48.0,31.21,8.0,204.0,13.0,100.0,1
13.0,31.21,11.0,270.0,10.0,100.0,1
26.0,31.21,21.0,234.0,12.0,100.0,1
35.0,31.21,11.0,245.99999999999997,8.0,100.0,1
27.0,31.21,10.0,240.0,11.0,100.0,1
52.0,31.21,15.0,228.0,17.0,100.0,1
27.0,31.21,58.0,264.0,65.0,100.0,3
67.0,31.21,25.0,234.0,42.0,100.0,1
45.0,31.21,24.0,240.0,23.0,100.0,1
70.0,31.21,16.0,216.0,26.0,100.0,1
63.0,31.21,20.0,228.0,28.0,100.0,1
44.0,31.21,21.0,240.0,38.0,100.0,1
49.0,31.21,13.0,210.0,23.0,100.0,1
64.0,31.21,20.0,222.0,16.0,100.0,1
24.0,31.21,48.0,288.0,49.0,100.0,3
80.0,31.21,15.0,258.0,12.0,100.0,1
52.0,31.21,8.0,222.0,5.0,100.0,1
70.0,31.21,19.0,234.0,27.0,100.0,1
56.0,31.21,16.0,240.0,31.0,100.0,1
33.0,31.21,27.0,222.0,79.0,100.0,2
15.0,31.21,15.0,240.0,8.0,100.0,1
12.0,31.21,8.0,245.99999999999997,10.0,100.0,1
56.0,31.21,20.0,240.0,19.0,100.0,1
68.0,31.21,8.0,234.0,18.0,100.0,1
44.0,31.21,7.0,245.99999999999997,9.0,100.0,1
17.0,31.21,38.0,270.0,24.0,100.0,1
51.0,31.21,13.0,270.0,10.0,100.0,1
46.0,31.21,13.0,204.0,16.0,100.0,1
41.0,31.21,61.0,234.0,66.0,100.0,3
37.0,31.21,37.0,198.0,10.0,100.0,1
22.0,31.21,23.0,240.0,33.0,100.0,1
66.0,31.21,7.0,210.0,11.0,100.0,1
35.0,31.21,49.0,240.0,30.0,100.0,2
51.0,31.21,12.0,264.0,14.0,100.0,1
61.0,31.21,21.0,245.99999999999997,19.0,100.0,1
40.0,31.21,25.0,252.0,59.0,100.0,2
55.0,31.21,42.0,234.0,50.0,100.0,3
78.0,31.21,12.0,245.99999999999997,10.0,100.0,1
60.0,31.21,31.0,252.0,29.0,100.0,1
80.0,31.21,18.0,228.0,30.0,100.0,1
66.0,31.21,16.0,264.0,21.0,100.0,1
76.0,31.21,17.0,240.0,11.0,100.0,1
33.0,31.21,9.0,234.0,15.0,100.0,1
63.0,31.21,17.0,228.0,28.0,100.0,1
28.0,31.21,9.0,276.0,8.0,100.0,1
63.0,31.21,13.0,222.0,15.0,100.0,1
72.0,31.21,16.0,252.0,23.0,100.0,1
22.0,31.21,38.0,258.0,25.0,100.0,1
79.0,31.21,16.0,198.0,13.0,100.0,1
70.0,31.21,12.0,240.0,16.0,100.0,1
55.0,31.21,43.0,264.0,24.0,100.0,2
16.0,31.21,18.0,258.0,11.0,100.0,1
54.0,31.21,21.0,234.0,22.0,100.0,1
51.0,31.21,9.0,240.0,11.0,100.0,1
22.0,31.21,12.0,270.0,14.0,100.0,1
18.0,31.21,16.0,252.0,12.0,100.0,1
22.0,31.21,19.0,252.0,25.0,100.0,1
27.0,31.21,13.0,245.99999999999997,18.0,100.0,1
54.0,31.21,26.0,216.0,32.0,100.0,1
27.0,31.21,14.0,240.0,20.0,100.0,1
60.0,31.21,17.0,252.0,14.0,100.0,1
80.0,31.21,12.0,222.0,9.0,100.0,1
50.0,31.21,66.0,282.0,29.0,100.0,2
68.0,31.21,18.0,264.0,74.0,100.0,2
60.0,31.21,18.0,222.0,16.0,100.0,1
27.0,31.21,40.0,270.0,55.0,100.0,2
47.0,31.21,12.0,234.0,13.0,100.0,1
19.0,31.21,20.0,288.0,20.0,100.0,1
51.0,31.21,23.0,270.0,37.0,100.0,1
21.0,31.21,23.0,234.0,43.0,100.0,1
80.0,31.21,15.0,258.0,44.0,100.0,1
19.0,31.21,10.0,216.0,6.0,100.0,1
21.0,31.21,14.0,270.0,11.0,100.0,1
18.0,31.21,18.0,240.0,13.0,100.0,1
48.0,31.21,31.0,234.0,26.0,100.0,1
45.0,31.21,14.0,240.0,14.0,100.0,1
65.0,31.21,13.0,210.0,20.0,100.0,1
67.0,31.21,21.0,245.99999999999997,33.0,100.0,1
28.0,31.21,24.0,240.0,39.0,100.0,1
61.0,31.21,12.0,234.0,15.0,100.0,1
37.0,31.21,20.0,240.0,68.0,100.0,2
14.0,31.21,13.0,276.0,15.0,100.0,1
56.0,31.21,23.0,234.0,10.0,100.0,1
31.0,31.21,13.0,240.0,9.0,100.0,1
31.0,31.21,27.0,252.0,18.0,100.0,1
52.0,31.21,17.0,245.99999999999997,15.0,100.0,1
25.0,31.21,120.0,258.0,34.0,100.0,2
55.0,31.21,30.0,270.0,49.0,100.0,2
26.0,31.21,28.0,264.0,29.0,100.0,1
23.0,31.21,69.0,245.99999999999997,60.0,100.0,3
77.0,31.21,12.0,234.0,14.0,100.0,1
80.0,31.21,12.0,264.0,17.0,100.0,1
63.0,31.21,29.0,234.0,25.0,100.0,1
64.0,31.21,17.0,234.0,19.0,100.0,1
16.0,31.21,11.0,264.0,13.0,100.0,1
34.0,31.21,49.0,258.0,15.0,100.0,2
14.0,31.21,12.0,282.0,11.0,100.0,1
49.0,31.21,11.0,210.0,16.0,100.0,1
16.0,31.21,21.0,270.0,26.0,100.0,1
64.0,31.21,33.0,234.0,28.0,100.0,1
55.0,31.21,28.0,228.0,70.0,100.0,2
74.0,31.21,11.0,234.0,17.0,100.0,1
67.0,31.21,16.0,245.99999999999997,17.0,100.0,1
80.0,31.21,9.0,210.0,10.0,100.0,1
47.0,31.21,31.0,216.0,76.0,100.0,2
57.0,31.21,91.0,210.0,124.0,100.0,3
21.0,31.21,27.0,240.0,22.0,100.0,1
49.0,31.21,26.0,258.0,40.0,100.0,1
71.0,31.21,38.0,252.0,25.0,100.0,1
50.0,31.21,20.0,252.0,17.0,100.0,1
28.0,31.21,18.0,264.0,23.0,100.0,1
75.0,31.21,19.0,234.0,34.0,100.0,1
71.0,31.21,10.0,252.0,26.0,100.0,1
32.0,31.21,73.0,276.0,64.0,100.0,3
59.0,31.21,13.0,228.0,21.0,100.0,1
62.0,31.21,40.0,168.0,341.0,100.0,2
36.0,31.21,22.0,258.0,22.0,100.0,1
28.0,31.21,25.0,252.0,31.0,100.0,1
17.0,31.21,10.0,228.0,9.0,100.0,1
19.0,31.21,15.0,288.0,23.0,100.0,1
70.0,31.21,19.0,264.0,21.0,100.0,1
61.0,31.21,21.0,252.0,35.0,100.0,1
30.0,31.21,11.0,240.0,12.0,100.0,1
25.0,31.21,29.0,270.0,44.0,100.0,1
35.0,31.21,23.0,270.0,20.0,100.0,1
13.0,31.21,11.0,228.0,11.0,100.0,1
70.0,31.21,17.0,258.0,16.0,100.0,1
57.0,31.21,62.0,222.0,66.0,100.0,3
58.0,31.21,35.0,264.0,46.0,100.0,1
74.0,31.21,15.0,222.0,48.0,100.0,1
21.0,31.21,13.0,222.0,12.0,100.0,1
80.0,31.21,16.0,240.0,21.0,100.0,1
80.0,31.21,9.0,216.0,21.0,100.0,1
22.0,31.21,5.0,270.0,17.0,100.0,1
38.0,31.21,13.0,264.0,22.0,100.0,1
68.0,31.21,15.0,258.0,22.0,100.0,1
60.0,31.21,39.0,234.0,41.0,100.0,1
39.0,31.21,16.0,252.0,21.0,100.0,1
40.0,31.21,16.0,276.0,13.0,100.0,1
21.0,31.21,7.0,234.0,9.0,100.0,1
43.0,31.21,19.0,228.0,19.0,100.0,1
28.0,31.21,19.0,276.0,12.0,100.0,1
61.0,31.21,9.0,228.0,14.0,100.0,1
58.0,31.21,21.0,258.0,39.0,100.0,1
24.0,31.21,47.0,270.0,57.0,100.0,3
12.0,31.21,18.0,282.0,12.0,100.0,1
48.0,31.21,9.0,258.0,8.0,100.0,1
40.0,31.21,73.0,245.99999999999997,256.0,100.0,3
61.0,31.21,13.0,216.0,17.0,100.0,1
65.0,31.21,18.0,245.99999999999997,15.0,100.0,1
39.0,31.21,30.0,204.0,7.0,100.0,1
47.0,31.21,14.0,252.0,9.0,100.0,1
22.0,31.21,12.0,276.0,17.0,100.0,1
13.0,31.21,31.0,252.0,15.0,100.0,1
28.0,31.21,13.0,258.0,16.0,100.0,1
41.0,31.21,19.0,252.0,18.0,100.0,1
68.0,31.21,17.0,240.0,18.0,100.0,1
51.0,31.21,9.0,240.0,22.0,100.0,1
69.0,31.21,15.0,282.0,33.0,100.0,1
32.0,31.21,10.0,270.0,10.0,100.0,1
15.0,31.21,12.0,252.0,11.0,100.0,1
15.0,31.21,14.0,258.0,17.0,100.0,1
35.0,31.21,18.0,210.0,11.0,100.0,1
31.0,31.21,15.0,240.0,29.0,100.0,1
15.0,31.21,39.0,282.0,37.0,100.0,1
14.0,31.21,18.0,270.0,8.0,100.0,1
77.0,31.21,20.0,234.0,169.0,100.0,2
69.0,31.21,24.0,282.0,15.0,100.0,1
35.0,31.21,33.0,264.0,32.0,100.0,1
21.0,31.21,20.0,222.0,30.0,100.0,1
68.0,31.21,11.0,216.0,17.0,100.0,1
35.0,31.21,18.0,258.0,21.0,100.0,1
59.0,31.21,31.0,252.0,24.0,100.0,1
16.0,31.21,8.0,264.0,11.0,100.0,1
23.0,31.21,27.0,216.0,21.0,100.0,1
17.0,31.21,19.0,270.0,12.0,100.0,1
19.0,31.21,12.0,258.0,13.0,100.0,1
23.0,31.21,9.0,264.0,13.0,100.0,1
51.0,31.21,53.0,252.0,219.0,100.0,3
56.0,31.21,31.0,234.0,33.0,100.0,1
66.0,31.21,17.0,258.0,16.0,100.0,1
71.0,31.21,16.0,240.0,14.0,100.0,1
72.0,31.21,9.0,234.0,11.0,100.0,1
57.0,31.21,14.0,216.0,31.0,100.0,1
38.0,31.21,44.0,252.0,63.0,100.0,3
17.0,31.21,11.0,234.0,18.0,100.0,1
34.0,31.21,22.0,245.99999999999997,37.0,100.0,1
49.0,31.21,26.0,270.0,117.0,100.0,2
64.0,31.21,54.0,258.0,28.0,100.0,2
56.0,31.21,12.0,245.99999999999997,19.0,100.0,1
22.0,31.21,11.0,270.0,22.0,100.0,1
75.0,31.21,15.0,222.0,31.0,100.0,1
31.0,31.21,13.0,228.0,12.0,100.0,1
67.0,31.21,12.0,228.0,10.0,100.0,1
58.0,31.21,15.0,240.0,17.0,100.0,1
75.0,31.21,21.0,222.0,24.0,100.0,1
55.0,31.21,108.0,264.0,95.0,100.0,3
44.0,31.21,20.0,198.0,53.0,100.0,2
36.0,31.21,13.0,270.0,14.0,100.0,1
68.0,31.21,14.0,234.0,16.0,100.0,1
21.0,31.21,15.0,264.0,16.0,100.0,1
67.0,31.21,20.0,222.0,16.0,100.0,1
34.0,31.21,25.0,252.0,21.0,100.0,1
19.0,31.21,25.0,264.0,7.0,100.0,1
25.0,31.21,36.0,216.0,19.0,100.0,1
47.0,31.21,12.0,240.0,8.0,100.0,1
29.0,31.21,19.0,240.0,23.0,100.0,1
42.0,31.21,25.0,234.0,14.0,100.0,1
26.0,31.21,17.0,240.0,28.0,100.0,1
72.0,31.21,17.0,282.0,33.0,100.0,1
60.0,31.21,11.0,234.0,10.0,100.0,1
32.0,31.21,11.0,240.0,18.0,100.0,1
36.0,31.21,15.0,240.0,12.0,100.0,1
60.0,31.21,37.0,216.0,45.0,100.0,1
69.0,31.21,13.0,234.0,14.0,100.0,1
26.0,31.21,18.0,258.0,15.0,100.0,1
16.0,31.21,9.0,245.99999999999997,12.0,100.0,1
36.0,31.21,32.0,252.0,24.0,100.0,1
33.0,31.21,90.0,258.0,79.0,100.0,3
72.0,31.21,15.0,252.0,13.0,100.0,1
62.0,31.21,17.0,234.0,27.0,100.0,1
35.0,31.21,21.0,252.0,20.0,100.0,1
63.0,31.21,17.0,228.0,17.0,100.0,1
30.0,31.21,15.0,240.0,18.0,100.0,1
32.0,31.21,56.0,245.99999999999997,32.0,100.0,2
23.0,31.21,7.0,204.0,12.0,100.0,1
73.0,31.21,20.0,216.0,13.0,100.0,1
61.0,31.21,28.0,222.0,24.0,100.0,1
80.0,31.21,15.0,270.0,24.0,100.0,1
67.0,31.21,11.0,282.0,17.0,100.0,1
59.0,31.21,12.0,276.0,19.0,100.0,1
64.0,31.21,19.0,264.0,19.0,100.0,1
18.0,31.21,11.0,252.0,12.0,100.0,1
15.0,31.21,10.0,245.99999999999997,9.0,100.0,1
65.0,31.21,11.0,258.0,62.0,100.0,2
15.0,31.21,19.0,276.0,22.0,100.0,1
48.0,31.21,22.0,264.0,21.0,100.0,1
62.0,31.21,18.0,228.0,10.0,100.0,1
53.0,31.21,24.0,222.0,84.0,100.0,2
62.0,31.21,10.0,216.0,14.0,100.0,1
53.0,31.21,21.0,240.0,40.0,100.0,1
51.0,31.21,22.0,234.0,42.0,100.0,1
58.0,31.21,10.0,234.0,20.0,100.0,1
59.0,31.21,14.0,258.0,9.0,100.0,1
44.0,31.21,22.0,222.0,22.0,100.0,1
14.0,31.21,16.0,282.0,13.0,100.0,1
16.0,31.21,19.0,276.0,23.0,100.0,1
12.0,31.21,11.0,234.0,10.0,100.0,1
16.0,31.21,13.0,258.0,10.0,100.0,1
65.0,31.21,30.0,240.0,65.0,100.0,2
62.0,31.21,16.0,258.0,13.0,100.0,1
67.0,31.21,13.0,252.0,14.0,100.0,1
63.0,31.21,12.0,222.0,13.0,100.0,1
12.0,31.21,19.0,245.99999999999997,15.0,100.0,1
62.0,31.21,5.0,186.0,11.0,100.0,1
80.0,31.21,17.0,264.0,34.0,100.0,1
56.0,31.21,29.0,216.0,17.0,100.0,1
75.0,31.21,15.0,240.0,27.0,100.0,1
79.0,31.21,26.0,264.0,20.0,100.0,1
17.0,31.21,19.0,240.0,11.0,100.0,1
49.0,31.21,23.0,245.99999999999997,20.0,100.0,1
14.0,31.21,15.0,258.0,19.0,100.0,1
41.0,31.21,27.0,252.0,37.0,100.0,1
63.0,31.21,16.0,270.0,32.0,100.0,1
33.0,31.21,11.0,240.0,24.0,100.0,1
60.0,31.21,49.0,216.0,86.0,100.0,3
41.0,31.21,15.0,216.0,14.0,100.0,1
57.0,31.21,14.0,240.0,18.0,100.0,1
13.0,31.21,9.0,234.0,10.0,100.0,1
28.0,31.21,27.0,288.0,19.0,100.0,1
46.0,31.21,14.0,252.0,13.0,100.0,1
44.0,31.21,18.0,228.0,23.0,100.0,1
57.0,31.21,9.0,282.0,21.0,100.0,1
45.0,31.21,16.0,222.0,16.0,100.0,1
21.0,31.21,16.0,245.99999999999997,12.0,100.0,1
80.0,31.21,14.0,222.0,15.0,100.0,1
55.0,31.21,29.0,264.0,42.0,100.0,1
55.0,31.21,189.0,245.99999999999997,215.0,100.0,3
52.0,31.21,18.0,228.0,44.0,100.0,1
13.0,31.21,14.0,252.0,10.0,100.0,1
52.0,31.21,15.0,228.0,23.0,100.0,1
58.0,31.21,28.0,228.0,41.0,100.0,1
73.0,31.21,10.0,258.0,19.0,100.0,1
63.0,31.21,19.0,258.0,24.0,100.0,1
68.0,31.21,12.0,228.0,25.0,100.0,1
42.0,31.21,10.0,234.0,9.0,100.0,1
62.0,31.21,29.0,252.0,10.0,100.0,1
36.0,31.21,23.0,228.0,39.0,100.0,1
71.0,31.21,26.0,258.0,40.0,100.0,1
78.0,31.21,10.0,240.0,16.0,100.0,1
32.0,31.21,10.0,234.0,10.0,100.0,1
61.0,31.21,63.0,245.99999999999997,78.0,100.0,3
64.0,31.21,15.0,288.0,19.0,100.0,1
55.0,31.21,12.0,252.0,26.0,100.0,1
12.0,31.21,9.0,240.0,9.0,100.0,1
34.0,31.21,12.0,245.99999999999997,21.0,100.0,1
70.0,31.21,16.0,252.0,22.0,100.0,1
80.0,31.21,16.0,228.0,21.0,100.0,1
32.0,31.21,10.0,222.0,25.0,100.0,1
57.0,31.21,26.0,245.99999999999997,56.0,100.0,2
23.0,31.21,30.0,240.0,51.0,100.0,2
66.0,31.21,21.0,240.0,16.0,100.0,1
43.0,31.21,17.0,222.0,28.0,100.0,1
17.0,31.21,9.0,258.0,17.0,100.0,1
80.0,31.21,21.0,252.0,56.0,100.0,2
15.0,31.21,28.0,270.0,14.0,100.0,1
16.0,31.21,14.0,252.0,10.0,100.0,1
18.0,31.21,9.0,264.0,12.0,100.0,1
80.0,31.21,8.0,245.99999999999997,16.0,100.0,1
64.0,31.21,19.0,210.0,24.0,100.0,1
80.0,31.21,14.0,210.0,29.0,100.0,1
17.0,31.21,15.0,228.0,13.0,100.0,1
22.0,31.21,13.0,270.0,16.0,100.0,1
36.0,31.21,26.0,270.0,23.0,100.0,1
59.0,31.21,21.0,240.0,120.0,100.0,2
17.0,31.21,9.0,270.0,12.0,100.0,1
70.0,31.21,19.0,198.0,16.0,100.0,1
37.0,31.21,19.0,234.0,6.0,100.0,1
57.0,31.21,13.0,210.0,14.0,100.0,1
13.0,31.21,29.0,234.0,15.0,100.0,1
16.0,31.21,19.0,240.0,11.0,100.0,1
35.0,31.21,81.0,240.0,28.0,100.0,2
52.0,31.21,10.0,204.0,18.0,100.0,1
44.0,31.21,18.0,264.0,19.0,100.0,1
57.0,31.21,13.0,240.0,53.0,100.0,2
49.0,31.21,28.0,234.0,24.0,100.0,1
24.0,31.21,7.0,258.0,3.0,100.0,1
17.0,31.21,15.0,282.0,14.0,100.0,1
41.0,31.21,23.0,245.99999999999997,34.0,100.0,1
16.0,31.21,9.0,258.0,13.0,100.0,1
42.0,31.21,21.0,234.0,37.0,100.0,1
62.0,31.21,15.0,245.99999999999997,10.0,100.0,1
14.0,31.21,27.0,306.0,15.0,100.0,1
31.0,31.21,16.0,222.0,18.0,100.0,1
36.0,31.21,53.0,276.0,40.0,100.0,2
34.0,31.21,24.0,252.0,29.0,100.0,1
24.0,31.21,9.0,162.0,13.0,100.0,1
14.0,31.21,9.0,234.0,8.0,100.0,1
61.0,31.21,21.0,234.0,14.0,100.0,1
60.0,31.21,37.0,270.0,61.0,100.0,2
58.0,31.21,25.0,264.0,17.0,100.0,1
14.0,31.21,23.0,240.0,16.0,100.0,1
26.0,31.21,21.0,252.0,17.0,100.0,1
19.0,31.21,12.0,288.0,32.0,100.0,1
34.0,31.21,19.0,245.99999999999997,20.0,100.0,1
72.0,31.21,36.0,258.0,51.0,100.0,2
35.0,31.21,17.0,240.0,11.0,100.0,1
17.0,31.21,45.0,228.0,16.0,100.0,2
63.0,31.21,53.0,234.0,36.0,100.0,2
45.0,31.21,40.0,234.0,47.0,100.0,1
40.0,31.21,26.0,234.0,13.0,100.0,1
65.0,31.21,16.0,222.0,20.0,100.0,1
20.0,31.21,12.0,222.0,11.0,100.0,1
75.0,31.21,10.0,234.0,10.0,100.0,1
41.0,31.21,11.0,222.0,12.0,100.0,1
53.0,31.21,20.0,216.0,27.0,100.0,1
66.0,31.21,11.0,228.0,11.0,100.0,1
20.0,31.21,66.0,276.0,43.0,100.0,2
51.0,31.21,23.0,245.99999999999997,25.0,100.0,1
76.0,31.21,20.0,270.0,16.0,100.0,1
55.0,31.21,47.0,264.0,204.0,100.0,3
39.0,31.21,23.0,245.99999999999997,21.0,100.0,1
61.0,31.21,27.0,245.99999999999997,51.0,100.0,2
80.0,31.21,19.0,264.0,48.0,100.0,1
68.0,31.21,16.0,216.0,43.0,100.0,1
13.0,31.21,7.0,258.0,7.0,100.0,1
56.0,31.21,7.0,210.0,23.0,100.0,1
42.0,31.21,17.0,234.0,20.0,100.0,1
16.0,31.21,8.0,264.0,9.0,100.0,1
56.0,31.21,34.0,222.0,49.0,100.0,2
12.0,31.21,10.0,270.0,10.0,100.0,1
46.0,31.21,11.0,198.0,32.0,100.0,1
56.0,31.21,23.0,245.99999999999997,21.0,100.0,1
13.0,31.21,20.0,264.0,26.0,100.0,1
16.0,31.21,9.0,264.0,11.0,100.0,1
73.0,31.21,17.0,245.99999999999997,15.0,100.0,1
15.0,31.21,11.0,252.0,18.0,100.0,1
60.0,31.21,23.0,258.0,38.0,100.0,1
26.0,31.21,17.0,245.99999999999997,30.0,100.0,1
56.0,31.21,16.0,240.0,17.0,100.0,1
54.0,31.21,156.0,234.0,570.0,100.0,3
23.0,31.21,11.0,252.0,11.0,100.0,1
58.0,31.21,115.0,228.0,187.0,100.0,3
21.0,31.21,11.0,240.0,8.0,100.0,1
23.0,31.21,8.0,270.0,13.0,100.0,1
80.0,31.21,14.0,228.0,25.0,100.0,1
16.0,31.21,49.0,240.0,28.0,100.0,2
18.0,31.21,11.0,216.0,15.0,100.0,1
69.0,31.21,12.0,245.99999999999997,27.0,100.0,1
80.0,31.21,13.0,210.0,17.0,100.0,1
12.0,31.21,12.0,264.0,10.0,100.0,1
47.0,31.21,68.0,252.0,40.0,100.0,2
19.0,31.21,10.0,300.0,12.0,100.0,1
20.0,31.21,36.0,258.0,23.0,100.0,1
14.0,31.21,18.0,245.99999999999997,25.0,100.0,1
19.0,31.21,23.0,245.99999999999997,14.0,100.0,1
71.0,31.21,13.0,228.0,28.0,100.0,1
19.0,31.21,33.0,264.0,16.0,100.0,1
55.0,31.21,41.0,222.0,112.0,100.0,3
68.0,31.21,64.0,264.0,121.0,100.0,3
38.0,31.21,13.0,234.0,17.0,100.0,1
22.0,31.21,48.0,270.0,65.0,100.0,3
14.0,31.21,13.0,282.0,14.0,100.0,1
73.0,31.21,18.0,234.0,11.0,100.0,1
16.0,31.21,19.0,264.0,29.0,100.0,1
49.0,31.21,13.0,234.0,24.0,100.0,1
36.0,31.21,61.0,264.0,62.0,100.0,3
65.0,31.21,17.0,252.0,40.0,100.0,1
26.0,31.21,13.0,234.0,13.0,100.0,1
51.0,31.21,10.0,270.0,11.0,100.0,1
53.0,31.21,24.0,264.0,18.0,100.0,1
48.0,31.21,17.0,234.0,23.0,100.0,1
56.0,31.21,23.0,234.0,12.0,100.0,1
16.0,31.21,11.0,288.0,13.0,100.0,1
23.0,31.21,23.0,245.99999999999997,10.0,100.0,1
50.0,31.21,27.0,252.0,30.0,100.0,1
41.0,31.21,32.0,240.0,21.0,100.0,1
36.0,31.21,11.0,252.0,8.0,100.0,1
25.0,31.21,16.0,258.0,26.0,100.0,1
32.0,31.21,23.0,222.0,19.0,100.0,1
18.0,31.21,22.0,240.0,18.0,100.0,1
61.0,31.21,28.0,252.0,26.0,100.0,1
69.0,31.21,10.0,252.0,12.0,100.0,1
31.0,31.21,12.0,258.0,13.0,100.0,1
75.0,31.21,13.0,240.0,15.0,100.0,1
12.0,31.21,13.0,252.0,11.0,100.0,1
29.0,31.21,37.0,252.0,14.0,100.0,1
12.0,31.21,57.0,228.0,35.0,100.0,2
64.0,31.21,45.0,270.0,22.0,100.0,2
75.0,31.21,15.0,270.0,27.0,100.0,1
39.0,31.21,14.0,198.0,14.0,100.0,1
63.0,31.21,23.0,264.0,30.0,100.0,1
48.0,31.21,9.0,240.0,10.0,100.0,1
16.0,31.21,11.0,276.0,19.0,100.0,1
37.0,31.21,94.0,252.0,32.0,100.0,2
47.0,31.21,20.0,264.0,12.0,100.0,1
41.0,31.21,20.0,210.0,18.0,100.0,1
14.0,31.21,12.0,240.0,14.0,100.0,1
45.0,31.21,47.0,264.0,96.0,100.0,3
46.0,31.21,21.0,264.0,18.0,100.0,1
61.0,31.21,10.0,252.0,15.0,100.0,1
43.0,31.21,12.0,276.0,41.0,100.0,1
65.0,31.21,12.0,228.0,16.0,100.0,1
22.0,31.21,10.0,252.0,10.0,100.0,1
13.0,31.21,8.0,264.0,11.0,100.0,1
18.0,31.21,29.0,234.0,36.0,100.0,1
28.0,31.21,12.0,222.0,14.0,100.0,1
59.0,31.21,28.0,270.0,34.0,100.0,1
31.0,31.21,45.0,258.0,37.0,100.0,2
35.0,31.21,30.0,174.0,16.0,100.0,1
15.0,31.21,13.0,276.0,16.0,100.0,1
70.0,31.21,19.0,240.0,45.0,100.0,1
62.0,31.21,78.0,222.0,133.0,100.0,3
27.0,31.21,24.0,234.0,7.0,100.0,1
24.0,31.21,18.0,282.0,15.0,100.0,1
75.0,31.21,46.0,258.0,219.0,100.0,3
33.0,31.21,9.0,234.0,20.0,100.0,1
23.0,31.21,10.0,228.0,11.0,100.0,1
48.0,31.21,26.0,252.0,40.0,100.0,1
15.0,31.21,10.0,282.0,9.0,100.0,1
63.0,31.21,23.0,234.0,13.0,100.0,1
46.0,31.21,18.0,252.0,16.0,100.0,1
27.0,31.21,25.0,270.0,9.0,100.0,1
56.0,31.21,13.0,270.0,16.0,100.0,1
60.0,31.21,25.0,245.99999999999997,27.0,100.0,1
46.0,31.21,42.0,240.0,35.0,100.0,2
31.0,31.21,14.0,258.0,8.0,100.0,1
23.0,31.21,10.0,264.0,14.0,100.0,1
39.0,31.21,65.0,228.0,24.0,100.0,2
43.0,31.21,9.0,245.99999999999997,18.0,100.0,1
72.0,31.21,17.0,234.0,22.0,100.0,1
36.0,31.21,34.0,252.0,70.0,100.0,2
53.0,31.21,15.0,216.0,20.0,100.0,1
65.0,31.21,7.0,234.0,20.0,100.0,1
36.0,31.21,19.0,216.0,27.0,100.0,1
76.0,31.21,36.0,258.0,35.0,100.0,1
23.0,31.21,21.0,258.0,16.0,100.0,1
61.0,31.21,14.0,258.0,22.0,100.0,1
30.0,31.21,11.0,252.0,15.0,100.0,1
27.0,31.21,15.0,240.0,10.0,100.0,1
32.0,31.21,31.0,222.0,30.0,100.0,1
43.0,31.21,11.0,228.0,19.0,100.0,1
74.0,31.21,18.0,240.0,18.0,100.0,1
44.0,31.21,27.0,252.0,15.0,100.0,1
62.0,31.21,16.0,258.0,36.0,100.0,1
52.0,31.21,34.0,270.0,53.0,100.0,2
68.0,31.21,14.0,264.0,33.0,100.0,1
33.0,31.21,17.0,264.0,20.0,100.0,1
55.0,31.21,25.0,245.99999999999997,19.0,100.0,1
15.0,31.21,15.0,240.0,12.0,100.0,1
71.0,31.21,18.0,264.0,28.0,100.0,1
17.0,31.21,10.0,258.0,16.0,100.0,1
38.0,31.21,16.0,252.0,18.0,100.0,1
17.0,31.21,9.0,276.0,16.0,100.0,1
66.0,31.21,26.0,245.99999999999997,15.0,100.0,1
67.0,31.21,29.0,204.0,59.0,100.0,2
48.0,31.21,14.0,240.0,32.0,100.0,1
55.0,31.21,15.0,234.0,49.0,100.0,2
14.0,31.21,13.0,288.0,14.0,100.0,1
80.0,31.21,15.0,245.99999999999997,21.0,100.0,1
45.0,31.21,14.0,222.0,24.0,100.0,1
38.0,31.21,9.0,258.0,28.0,100.0,1
76.0,31.21,24.0,258.0,82.0,100.0,2
74.0,31.21,12.0,245.99999999999997,20.0,100.0,1
78.0,31.21,10.0,258.0,17.0,100.0,1
80.0,31.21,8.0,264.0,13.0,100.0,1
16.0,31.21,9.0,252.0,11.0,100.0,1
40.0,31.21,8.0,228.0,11.0,100.0,1
45.0,31.21,31.0,245.99999999999997,32.0,100.0,1
12.0,31.21,15.0,264.0,8.0,100.0,1
14.0,31.21,16.0,210.0,24.0,100.0,1
39.0,31.21,10.0,234.0,18.0,100.0,1
69.0,31.21,42.0,228.0,168.0,100.0,3
15.0,31.21,12.0,252.0,11.0,100.0,1
66.0,31.21,25.0,234.0,29.0,100.0,1
19.0,31.21,15.0,264.0,13.0,100.0,1
47.0,31.21,15.0,245.99999999999997,30.0,100.0,1
68.0,31.21,31.0,228.0,26.0,100.0,1
48.0,31.21,25.0,264.0,18.0,100.0,1
73.0,31.21,17.0,252.0,14.0,100.0,1
57.0,31.21,33.0,222.0,43.0,100.0,1
38.0,31.21,16.0,252.0,19.0,100.0,1
71.0,31.21,14.0,245.99999999999997,18.0,100.0,1
47.0,31.21,23.0,240.0,18.0,100.0,1
60.0,31.21,10.0,234.0,13.0,100.0,1
24.0,31.21,24.0,264.0,29.0,100.0,1
51.0,31.21,12.0,228.0,14.0,100.0,1
18.0,31.21,23.0,234.0,10.0,100.0,1
31.0,31.21,13.0,240.0,28.0,100.0,1
17.0,31.21,15.0,252.0,12.0,100.0,1
28.0,31.21,6.0,245.99999999999997,9.0,100.0,1
74.0,31.21,21.0,288.0,29.0,100.0,1
72.0,31.21,19.0,234.0,27.0,100.0,1
67.0,31.21,8.0,276.0,24.0,100.0,1
45.0,31.21,30.0,240.0,84.0,100.0,2
53.0,31.21,9.0,222.0,11.0,100.0,1
46.0,31.21,38.0,258.0,45.0,100.0,1
67.0,31.21,25.0,240.0,27.0,100.0,1
31.0,31.21,11.0,294.0,16.0,100.0,1
37.0,31.21,45.0,276.0,57.0,100.0,3
25.0,31.21,20.0,245.99999999999997,12.0,100.0,1
13.0,31.21,18.0,240.0,9.0,100.0,1
16.0,31.21,4.0,258.0,6.0,100.0,1
35.0,31.21,52.0,234.0,28.0,100.0,2
66.0,31.21,21.0,245.99999999999997,40.0,100.0,1
54.0,31.21,24.0,252.0,76.0,100.0,2
33.0,31.21,16.0,264.0,8.0,100.0,1
53.0,31.21,11.0,240.0,13.0,100.0,1
48.0,31.21,8.0,234.0,8.0,100.0,1
53.0,31.21,18.0,252.0,25.0,100.0,1
17.0,31.21,11.0,270.0,12.0,100.0,1
13.0,31.21,14.0,270.0,16.0,100.0,1
19.0,31.21,33.0,270.0,15.0,100.0,1
14.0,31.21,5.0,264.0,12.0,100.0,1
17.0,31.21,10.0,294.0,24.0,100.0,1
19.0,31.21,31.0,264.0,9.0,100.0,1
66.0,31.21,31.0,270.0,30.0,100.0,1
38.0,31.21,15.0,252.0,22.0,100.0,1
12.0,31.21,13.0,234.0,13.0,100.0,1
70.0,31.21,13.0,276.0,27.0,100.0,1
19.0,31.21,14.0,288.0,19.0,100.0,1
28.0,31.21,28.0,245.99999999999997,15.0,100.0,1
49.0,31.21,13.0,234.0,20.0,100.0,1
41.0,31.21,14.0,282.0,18.0,100.0,1
44.0,31.21,9.0,258.0,12.0,100.0,1
55.0,31.21,19.0,228.0,14.0,100.0,1
80.0,31.21,13.0,245.99999999999997,17.0,100.0,1
39.0,31.21,13.0,264.0,25.0,100.0,1
69.0,31.21,56.0,222.0,618.0,100.0,3
12.0,31.21,15.0,282.0,9.0,100.0,1
60.0,31.21,39.0,264.0,82.0,100.0,2
80.0,31.21,14.0,240.0,14.0,100.0,1
80.0,31.21,15.0,240.0,8.0,100.0,1
31.0,31.21,15.0,228.0,34.0,100.0,1
65.0,31.21,15.0,264.0,32.0,100.0,1
12.0,31.21,13.0,222.0,5.0,100.0,1
16.0,31.21,8.0,258.0,14.0,100.0,1
62.0,31.21,27.0,222.0,46.0,100.0,1
67.0,31.21,14.0,234.0,14.0,100.0,1
27.0,31.21,19.0,258.0,23.0,100.0,1
35.0,31.21,15.0,258.0,15.0,100.0,1
67.0,31.21,51.0,240.0,71.0,100.0,3
54.0,31.21,11.0,228.0,11.0,100.0,1
59.0,31.21,13.0,198.0,60.0,100.0,2
80.0,31.21,19.0,252.0,13.0,100.0,1
53.0,31.21,38.0,258.0,28.0,100.0,1
38.0,31.21,56.0,276.0,27.0,100.0,2
61.0,31.21,26.0,240.0,54.0,100.0,2
59.0,31.21,19.0,258.0,15.0,100.0,1
59.0,31.21,17.0,210.0,14.0,100.0,1
41.0,31.21,18.0,240.0,13.0,100.0,1
34.0,31.21,14.0,245.99999999999997,18.0,100.0,1
33.0,31.21,22.0,264.0,42.0,100.0,1
35.0,31.21,7.0,245.99999999999997,11.0,100.0,1
12.0,31.21,24.0,264.0,12.0,100.0,1
61.0,31.21,21.0,258.0,20.0,100.0,1
46.0,31.21,16.0,240.0,15.0,100.0,1
51.0,31.21,14.0,228.0,13.0,100.0,1
40.0,31.21,26.0,245.99999999999997,47.0,100.0,1
19.0,31.21,12.0,264.0,6.0,100.0,1
43.0,31.21,16.0,240.0,65.0,100.0,2
50.0,31.21,8.0,264.0,14.0,100.0,1
44.0,31.21,13.0,245.99999999999997,10.0,100.0,1
60.0,31.21,17.0,234.0,45.0,100.0,1
13.0,31.21,12.0,258.0,13.0,100.0,1
30.0,31.21,10.0,245.99999999999997,13.0,100.0,1
80.0,31.21,10.0,245.99999999999997,28.0,100.0,1
63.0,31.21,22.0,216.0,27.0,100.0,1
80.0,31.21,11.0,252.0,26.0,100.0,1
51.0,31.21,51.0,240.0,23.0,100.0,2
48.0,31.21,33.0,240.0,18.0,100.0,1
18.0,31.21,25.0,270.0,26.0,100.0,1
56.0,31.21,19.0,245.99999999999997,24.0,100.0,1
29.0,31.21,12.0,288.0,17.0,100.0,1
57.0,31.21,114.0,228.0,374.0,100.0,3
14.0,31.21,28.0,258.0,23.0,100.0,1
80.0,31.21,12.0,252.0,12.0,100.0,1
13.0,31.21,13.0,288.0,11.0,100.0,1
41.0,31.21,8.0,234.0,10.0,100.0,1
31.0,31.21,4.0,198.0,22.0,100.0,1
50.0,31.21,11.0,228.0,13.0,100.0,1
46.0,31.21,15.0,252.0,32.0,100.0,1
62.0,31.21,20.0,240.0,24.0,100.0,1
66.0,31.21,16.0,240.0,14.0,100.0,1
41.0,31.21,22.0,276.0,24.0,100.0,1
71.0,31.21,11.0,240.0,16.0,100.0,1
34.0,31.21,26.0,252.0,33.0,100.0,1
24.0,31.21,16.0,264.0,9.0,100.0,1
71.0,31.21,17.0,245.99999999999997,30.0,100.0,1
14.0,31.21,17.0,282.0,11.0,100.0,1
55.0,31.21,17.0,258.0,40.0,100.0,1
58.0,31.21,17.0,234.0,21.0,100.0,1
15.0,31.21,33.0,240.0,16.0,100.0,1
22.0,31.21,29.0,245.99999999999997,8.0,100.0,1
17.0,31.21,19.0,245.99999999999997,12.0,100.0,1
17.0,31.21,7.0,258.0,9.0,100.0,1
55.0,31.21,36.0,245.99999999999997,37.0,100.0,1
27.0,31.21,33.0,240.0,20.0,100.0,1
46.0,31.21,24.0,228.0,31.0,100.0,1
21.0,31.21,19.0,245.99999999999997,20.0,100.0,1
12.0,31.21,31.0,245.99999999999997,24.0,100.0,1
64.0,31.21,27.0,252.0,43.0,100.0,1
57.0,31.21,12.0,245.99999999999997,22.0,100.0,1
48.0,31.21,12.0,258.0,9.0,100.0,1
75.0,31.21,12.0,245.99999999999997,12.0,100.0,1
68.0,31.21,13.0,210.0,17.0,100.0,1
62.0,31.21,16.0,234.0,14.0,100.0,1
32.0,31.21,21.0,282.0,26.0,100.0,1
14.0,31.21,13.0,270.0,12.0,100.0,1
31.0,31.21,29.0,270.0,37.0,100.0,1
41.0,31.21,28.0,245.99999999999997,47.0,100.0,1
35.0,31.21,26.0,234.0,21.0,100.0,1
17.0,31.21,12.0,222.0,14.0,100.0,1
58.0,31.21,25.0,240.0,18.0,100.0,1
44.0,31.21,11.0,252.0,19.0,100.0,1
34.0,31.21,25.0,240.0,14.0,100.0,1
80.0,31.21,8.0,186.0,30.0,100.0,1
15.0,31.21,16.0,264.0,12.0,100.0,1
19.0,31.21,22.0,282.0,16.0,100.0,1
29.0,31.21,31.0,245.99999999999997,29.0,100.0,1
47.0,31.21,21.0,258.0,29.0,100.0,1
46.0,31.21,13.0,258.0,24.0,100.0,1
33.0,31.21,13.0,245.99999999999997,10.0,100.0,1
36.0,31.21,10.0,222.0,8.0,100.0,1
38.0,31.21,15.0,252.0,15.0,100.0,1
40.0,31.21,24.0,288.0,42.0,100.0,1
59.0,31.21,15.0,240.0,14.0,100.0,1
80.0,31.21,17.0,282.0,14.0,100.0,1
41.0,31.21,30.0,228.0,114.0,100.0,2
14.0,31.21,16.0,252.0,21.0,100.0,1
14.0,31.21,11.0,258.0,11.0,100.0,1
76.0,31.21,13.0,234.0,25.0,100.0,1
39.0,31.21,30.0,264.0,20.0,100.0,1
80.0,31.21,11.0,258.0,10.0,100.0,1
60.0,31.21,35.0,264.0,22.0,100.0,1
51.0,31.21,18.0,264.0,168.0,100.0,2
26.0,31.21,38.0,240.0,33.0,100.0,1
39.0,31.21,43.0,264.0,45.0,100.0,2
21.0,31.21,7.0,240.0,7.0,100.0,1
39.0,31.21,25.0,240.0,24.0,100.0,1
22.0,31.21,13.0,192.0,28.0,100.0,1
29.0,31.21,72.0,270.0,57.0,100.0,3
24.0,31.21,16.0,270.0,15.0,100.0,1
65.0,31.21,11.0,252.0,22.0,100.0,1
72.0,31.21,15.0,245.99999999999997,17.0,100.0,1
64.0,31.21,44.0,264.0,19.0,100.0,2
34.0,31.21,19.0,222.0,19.0,100.0,1
47.0,31.21,16.0,245.99999999999997,78.0,100.0,2
32.0,31.21,9.0,234.0,11.0,100.0,1
69.0,31.21,19.0,252.0,31.0,100.0,1
47.0,31.21,22.0,240.0,17.0,100.0,1
74.0,31.21,15.0,240.0,13.0,100.0,1
43.0,31.21,21.0,270.0,15.0,100.0,1
52.0,31.21,7.0,245.99999999999997,15.0,100.0,1
43.0,31.21,7.0,240.0,12.0,100.0,1
75.0,31.21,12.0,240.0,12.0,100.0,1
14.0,31.21,9.0,264.0,7.0,100.0,1
80.0,31.21,27.0,270.0,26.0,100.0,1
15.0,31.21,37.0,252.0,40.0,100.0,1
19.0,31.21,9.0,216.0,5.0,100.0,1
44.0,31.21,31.0,245.99999999999997,25.0,100.0,1
13.0,31.21,14.0,282.0,15.0,100.0,1
56.0,31.21,30.0,288.0,24.0,100.0,1
71.0,31.21,21.0,240.0,11.0,100.0,1
79.0,31.21,16.0,240.0,15.0,100.0,1
31.0,31.21,17.0,258.0,18.0,100.0,1
74.0,31.21,16.0,216.0,18.0,100.0,1
19.0,31.21,12.0,300.0,10.0,100.0,1
13.0,31.21,46.0,245.99999999999997,22.0,100.0,2
60.0,31.21,19.0,240.0,20.0,100.0,1
20.0,31.21,11.0,276.0,12.0,100.0,1
50.0,31.21,30.0,216.0,26.0,100.0,1
80.0,31.21,15.0,216.0,96.0,100.0,2
52.0,31.21,14.0,264.0,17.0,100.0,1
53.0,31.21,18.0,228.0,16.0,100.0,1
59.0,31.21,18.0,216.0,36.0,100.0,1
12.0,31.21,14.0,240.0,13.0,100.0,1
61.0,31.21,13.0,252.0,20.0,100.0,1
49.0,31.21,38.0,240.0,35.0,100.0,1
19.0,31.21,7.0,282.0,18.0,100.0,1
65.0,31.21,17.0,222.0,19.0,100.0,1
66.0,31.21,20.0,245.99999999999997,12.0,100.0,1
36.0,31.21,12.0,245.99999999999997,18.0,100.0,1
53.0,31.21,17.0,252.0,37.0,100.0,1
14.0,31.21,22.0,245.99999999999997,20.0,100.0,1
48.0,31.21,20.0,252.0,20.0,100.0,1
51.0,31.21,42.0,270.0,74.0,100.0,3
80.0,31.21,16.0,264.0,22.0,100.0,1
19.0,31.21,12.0,288.0,23.0,100.0,1
69.0,31.21,25.0,258.0,21.0,100.0,1
75.0,31.21,20.0,245.99999999999997,26.0,100.0,1
15.0,31.21,7.0,312.0,13.0,100.0,1
53.0,31.21,13.0,228.0,23.0,100.0,1
36.0,31.21,37.0,270.0,20.0,100.0,1
65.0,31.21,11.0,240.0,10.0,100.0,1
50.0,31.21,23.0,245.99999999999997,35.0,100.0,1
12.0,31.21,10.0,264.0,11.0,100.0,1
69.0,31.21,15.0,204.0,34.0,100.0,1
25.0,31.21,13.0,270.0,10.0,100.0,1
17.0,31.21,9.0,276.0,20.0,100.0,1
19.0,31.21,167.0,156.0,236.0,100.0,3
17.0,31.21,34.0,228.0,12.0,100.0,1
28.0,31.21,177.0,264.0,89.0,100.0,3
15.0,31.21,15.0,252.0,15.0,100.0,1
47.0,31.21,25.0,252.0,34.0,100.0,1
56.0,31.21,11.0,234.0,22.0,100.0,1
72.0,31.21,17.0,258.0,14.0,100.0,1
63.0,31.21,31.0,234.0,17.0,100.0,1
26.0,31.21,15.0,258.0,11.0,100.0,1
57.0,31.21,12.0,258.0,119.0,100.0,2
64.0,31.21,23.0,258.0,69.0,100.0,2
28.0,31.21,16.0,288.0,18.0,100.0,1
39.0,31.21,41.0,245.99999999999997,71.0,100.0,3
51.0,31.21,21.0,270.0,30.0,100.0,1
35.0,31.21,20.0,222.0,28.0,100.0,1
72.0,31.21,23.0,258.0,69.0,100.0,2
47.0,31.21,26.0,222.0,43.0,100.0,1
19.0,31.21,10.0,276.0,10.0,100.0,1
15.0,31.21,10.0,245.99999999999997,17.0,100.0,1
54.0,31.21,15.0,252.0,21.0,100.0,1
65.0,31.21,12.0,216.0,15.0,100.0,1
59.0,31.21,15.0,252.0,50.0,100.0,2
39.0,31.21,38.0,300.0,117.0,100.0,2
63.0,31.21,70.0,234.0,175.0,100.0,3
14.0,31.21,14.0,234.0,18.0,100.0,1
54.0,31.21,43.0,245.99999999999997,51.0,100.0,3
14.0,31.21,27.0,270.0,12.0,100.0,1
73.0,31.21,20.0,252.0,14.0,100.0,1
62.0,31.21,18.0,258.0,31.0,100.0,1
33.0,31.21,19.0,258.0,16.0,100.0,1
46.0,31.21,8.0,222.0,7.0,100.0,1
80.0,31.21,8.0,222.0,11.0,100.0,1
58.0,31.21,21.0,234.0,58.0,100.0,2
54.0,31.21,11.0,252.0,12.0,100.0,1
65.0,31.21,16.0,228.0,22.0,100.0,1
61.0,31.21,25.0,222.0,50.0,100.0,2
57.0,31.21,11.0,252.0,18.0,100.0,1
38.0,31.21,24.0,252.0,20.0,100.0,1
56.0,31.21,17.0,228.0,126.0,100.0,2
16.0,31.21,16.0,245.99999999999997,17.0,100.0,1
43.0,31.21,19.0,252.0,33.0,100.0,1
12.0,31.21,16.0,270.0,11.0,100.0,1
80.0,31.21,27.0,276.0,22.0,100.0,1
49.0,31.21,24.0,234.0,18.0,100.0,1
41.0,31.21,31.0,252.0,37.0,100.0,1
53.0,31.21,51.0,234.0,24.0,100.0,2
54.0,31.21,8.0,222.0,33.0,100.0,1
73.0,31.21,14.0,234.0,32.0,100.0,1
80.0,31.21,19.0,192.0,11.0,100.0,1
80.0,31.21,11.0,240.0,23.0,100.0,1
30.0,31.21,13.0,276.0,15.0,100.0,1
80.0,31.21,23.0,270.0,32.0,100.0,1
60.0,31.21,16.0,240.0,52.0,100.0,2
70.0,31.21,14.0,234.0,11.0,100.0,1
48.0,31.21,20.0,258.0,13.0,100.0,1
60.0,31.21,13.0,216.0,10.0,100.0,1
59.0,31.21,17.0,252.0,19.0,100.0,1
51.0,31.21,15.0,252.0,23.0,100.0,1
49.0,31.21,21.0,222.0,28.0,100.0,1
22.0,31.21,109.0,258.0,86.0,100.0,3
36.0,31.21,19.0,270.0,15.0,100.0,1
30.0,31.21,12.0,240.0,5.0,100.0,1
43.0,31.21,10.0,216.0,14.0,100.0,1
18.0,31.21,12.0,228.0,12.0,100.0,1
62.0,31.21,16.0,234.0,21.0,100.0,1
48.0,31.21,6.0,216.0,9.0,100.0,1
17.0,31.21,16.0,258.0,19.0,100.0,1
18.0,31.21,11.0,228.0,12.0,100.0,1
51.0,31.21,19.0,234.0,35.0,100.0,1
38.0,31.21,30.0,258.0,103.0,100.0,2
32.0,31.21,107.0,198.0,116.0,100.0,3
45.0,31.21,22.0,264.0,24.0,100.0,1
34.0,31.21,7.0,245.99999999999997,10.0,100.0,1
51.0,31.21,19.0,258.0,19.0,100.0,1
74.0,31.21,15.0,258.0,21.0,100.0,1
62.0,31.21,11.0,216.0,11.0,100.0,1
22.0,31.21,17.0,258.0,50.0,100.0,2
13.0,31.21,15.0,252.0,7.0,100.0,1
25.0,31.21,15.0,282.0,15.0,100.0,1
44.0,31.21,7.0,222.0,8.0,100.0,1
80.0,31.21,31.0,245.99999999999997,40.0,100.0,1
14.0,31.21,34.0,258.0,51.0,100.0,2
53.0,31.21,15.0,245.99999999999997,23.0,100.0,1
50.0,31.21,11.0,222.0,21.0,100.0,1
17.0,31.21,14.0,264.0,13.0,100.0,1
55.0,31.21,32.0,276.0,36.0,100.0,1
48.0,31.21,55.0,240.0,40.0,100.0,2
39.0,31.21,9.0,216.0,13.0,100.0,1
52.0,31.21,139.0,294.0,708.0,100.0,3
59.0,31.21,15.0,282.0,13.0,100.0,1
29.0,31.21,9.0,252.0,20.0,100.0,1
65.0,31.21,59.0,252.0,42.0,100.0,2
69.0,31.21,12.0,234.0,15.0,100.0,1
34.0,31.21,31.0,234.0,33.0,100.0,1
25.0,31.21,22.0,222.0,19.0,100.0,1
52.0,31.21,42.0,258.0,41.0,100.0,2
23.0,31.21,21.0,258.0,14.0,100.0,1
48.0,31.21,38.0,276.0,57.0,100.0,2
24.0,31.21,9.0,245.99999999999997,26.0,100.0,1
58.0,31.21,25.0,252.0,25.0,100.0,1
60.0,31.21,13.0,174.0,43.0,100.0,1
76.0,31.21,29.0,240.0,20.0,100.0,1
15.0,31.21,15.0,270.0,10.0,100.0,1
60.0,31.21,28.0,252.0,19.0,100.0,1
21.0,31.21,29.0,228.0,27.0,100.0,1
20.0,31.21,14.0,294.0,14.0,100.0,1
74.0,31.21,14.0,204.0,12.0,100.0,1
61.0,31.21,18.0,222.0,151.0,100.0,2
71.0,31.21,14.0,252.0,13.0,100.0,1
47.0,31.21,22.0,270.0,19.0,100.0,1
63.0,31.21,27.0,245.99999999999997,18.0,100.0,1
15.0,31.21,9.0,240.0,13.0,100.0,1
47.0,31.21,13.0,276.0,16.0,100.0,1
32.0,31.21,13.0,222.0,14.0,100.0,1
29.0,31.21,21.0,264.0,24.0,100.0,1
20.0,31.21,15.0,234.0,12.0,100.0,1
12.0,31.21,10.0,228.0,13.0,100.0,1
28.0,31.21,17.0,264.0,11.0,100.0,1
38.0,31.21,9.0,288.0,8.0,100.0,1
42.0,31.21,24.0,228.0,24.0,100.0,1
36.0,31.21,8.0,264.0,24.0,100.0,1
68.0,31.21,17.0,240.0,22.0,100.0,1
47.0,31.21,16.0,222.0,22.0,100.0,1
40.0,31.21,10.0,240.0,14.0,100.0,1
61.0,31.21,4.0,186.0,32.0,100.0,1
17.0,31.21,25.0,234.0,11.0,100.0,1
43.0,31.21,34.0,245.99999999999997,105.0,100.0,2
19.0,31.21,24.0,288.0,15.0,100.0,1
31.0,31.21,20.0,240.0,22.0,100.0,1
65.0,31.21,50.0,240.0,51.0,100.0,3
13.0,31.21,9.0,240.0,14.0,100.0,1
34.0,31.21,40.0,270.0,15.0,100.0,1
37.0,31.21,14.0,222.0,13.0,100.0,1
43.0,31.21,10.0,245.99999999999997,18.0,100.0,1
70.0,31.21,33.0,270.0,52.0,100.0,2
45.0,31.21,21.0,228.0,17.0,100.0,1
19.0,31.21,18.0,264.0,26.0,100.0,1
19.0,31.21,21.0,276.0,20.0,100.0,1
41.0,31.21,52.0,245.99999999999997,26.0,100.0,2
61.0,31.21,10.0,228.0,16.0,100.0,1
59.0,31.21,17.0,258.0,22.0,100.0,1
80.0,31.21,12.0,245.99999999999997,13.0,100.0,1
64.0,31.21,16.0,282.0,14.0,100.0,1
67.0,31.21,17.0,245.99999999999997,26.0,100.0,1
54.0,31.21,21.0,234.0,39.0,100.0,1
80.0,31.21,11.0,234.0,14.0,100.0,1
41.0,31.21,30.0,240.0,54.0,100.0,2
75.0,31.21,11.0,222.0,10.0,100.0,1
77.0,31.21,17.0,234.0,13.0,100.0,1
24.0,31.21,13.0,258.0,14.0,100.0,1
65.0,31.21,8.0,234.0,20.0,100.0,1
29.0,31.21,13.0,245.99999999999997,13.0,100.0,1
60.0,31.21,33.0,234.0,30.0,100.0,1
33.0,31.21,69.0,264.0,141.0,100.0,3
27.0,31.21,125.0,240.0,43.0,100.0,2
35.0,31.21,15.0,300.0,11.0,100.0,1
80.0,31.21,22.0,216.0,59.0,100.0,2
52.0,31.21,13.0,245.99999999999997,13.0,100.0,1
15.0,31.21,6.0,228.0,9.0,100.0,1
15.0,31.21,9.0,228.0,12.0,100.0,1
77.0,31.21,16.0,252.0,16.0,100.0,1
13.0,31.21,12.0,270.0,14.0,100.0,1
58.0,31.21,29.0,282.0,37.0,100.0,1
74.0,31.21,17.0,234.0,26.0,100.0,1
19.0,31.21,11.0,204.0,8.0,100.0,1
55.0,31.21,24.0,270.0,19.0,100.0,1
71.0,31.21,16.0,234.0,25.0,100.0,1
33.0,31.21,13.0,252.0,20.0,100.0,1
80.0,31.21,12.0,264.0,26.0,100.0,1
34.0,31.21,26.0,258.0,32.0,100.0,1
40.0,31.21,10.0,252.0,19.0,100.0,1
37.0,31.21,12.0,258.0,12.0,100.0,1
45.0,31.21,21.0,222.0,14.0,100.0,1
14.0,31.21,10.0,252.0,8.0,100.0,1
80.0,31.21,16.0,245.99999999999997,31.0,100.0,1
48.0,31.21,14.0,222.0,35.0,100.0,1
56.0,31.21,21.0,258.0,14.0,100.0,1
61.0,31.21,27.0,240.0,25.0,100.0,1
62.0,31.21,26.0,240.0,24.0,100.0,1
13.0,31.21,12.0,276.0,6.0,100.0,1
51.0,31.21,36.0,234.0,20.0,100.0,1
23.0,31.21,16.0,258.0,25.0,100.0,1
13.0,31.21,6.0,258.0,8.0,100.0,1
80.0,31.21,12.0,222.0,24.0,100.0,1
80.0,31.21,11.0,252.0,15.0,100.0,1
39.0,31.21,14.0,252.0,13.0,100.0,1
65.0,31.21,13.0,204.0,17.0,100.0,1
13.0,31.21,16.0,264.0,13.0,100.0,1
28.0,31.21,8.0,216.0,12.0,100.0,1
42.0,31.21,13.0,245.99999999999997,34.0,100.0,1
43.0,31.21,9.0,264.0,23.0,100.0,1
19.0,31.21,11.0,210.0,9.0,100.0,1
28.0,31.21,28.0,252.0,38.0,100.0,1
34.0,31.21,42.0,228.0,27.0,100.0,2
23.0,31.21,15.0,234.0,10.0,100.0,1
14.0,31.21,11.0,270.0,15.0,100.0,1
70.0,31.21,20.0,234.0,14.0,100.0,1
55.0,31.21,18.0,234.0,14.0,100.0,1
80.0,31.21,20.0,240.0,26.0,100.0,1
14.0,31.21,23.0,222.0,7.0,100.0,1
47.0,31.21,53.0,264.0,194.0,100.0,3
39.0,31.21,13.0,270.0,10.0,100.0,1
59.0,31.21,11.0,216.0,37.0,100.0,1
80.0,31.21,9.0,240.0,7.0,100.0,1
34.0,31.21,17.0,245.99999999999997,15.0,100.0,1
13.0,31.21,11.0,222.0,6.0,100.0,1
56.0,31.21,11.0,245.99999999999997,33.0,100.0,1
57.0,31.21,31.0,240.0,32.0,100.0,1
66.0,31.21,25.0,222.0,96.0,100.0,2
42.0,31.21,11.0,258.0,10.0,100.0,1
51.0,31.21,18.0,234.0,23.0,100.0,1
26.0,31.21,72.0,245.99999999999997,72.0,100.0,3
37.0,31.21,12.0,228.0,7.0,100.0,1
17.0,31.21,10.0,245.99999999999997,9.0,100.0,1
67.0,31.21,21.0,252.0,21.0,100.0,1
68.0,31.21,24.0,258.0,11.0,100.0,1
65.0,31.21,36.0,276.0,66.0,100.0,2
80.0,31.21,10.0,245.99999999999997,14.0,100.0,1
56.0,31.21,12.0,252.0,14.0,100.0,1
31.0,31.21,13.0,264.0,31.0,100.0,1
41.0,31.21,38.0,240.0,21.0,100.0,1
80.0,31.21,25.0,234.0,11.0,100.0,1
19.0,31.21,19.0,252.0,13.0,100.0,1
48.0,31.21,24.0,240.0,17.0,100.0,1
61.0,31.21,13.0,240.0,24.0,100.0,1
64.0,31.21,54.0,234.0,122.0,100.0,3
66.0,31.21,22.0,252.0,22.0,100.0,1
78.0,31.21,18.0,240.0,55.0,100.0,2
14.0,31.21,7.0,258.0,16.0,100.0,1
27.0,31.21,20.0,234.0,31.0,100.0,1
26.0,31.21,10.0,222.0,12.0,100.0,1
58.0,31.21,20.0,245.99999999999997,45.0,100.0,1
21.0,31.21,21.0,288.0,26.0,100.0,1
32.0,31.21,39.0,240.0,43.0,100.0,1
63.0,31.21,14.0,245.99999999999997,25.0,100.0,1
19.0,31.21,13.0,258.0,11.0,100.0,1
80.0,31.21,10.0,240.0,8.0,100.0,1
65.0,31.21,15.0,245.99999999999997,10.0,100.0,1
80.0,31.21,12.0,258.0,58.0,100.0,2
35.0,31.21,21.0,264.0,23.0,100.0,1
50.0,31.21,23.0,252.0,23.0,100.0,1
62.0,31.21,19.0,222.0,18.0,100.0,1
59.0,31.21,16.0,234.0,24.0,100.0,1
18.0,31.21,11.0,288.0,15.0,100.0,1
80.0,31.21,47.0,210.0,87.0,100.0,3
18.0,31.21,8.0,276.0,12.0,100.0,1
61.0,31.21,30.0,234.0,52.0,100.0,2
16.0,31.21,14.0,264.0,21.0,100.0,1
42.0,31.21,23.0,240.0,31.0,100.0,1
63.0,31.21,29.0,270.0,30.0,100.0,1
68.0,31.21,16.0,252.0,19.0,100.0,1
47.0,31.21,17.0,228.0,14.0,100.0,1
38.0,31.21,16.0,222.0,19.0,100.0,1
54.0,31.21,17.0,245.99999999999997,19.0,100.0,1
20.0,31.21,24.0,258.0,35.0,100.0,1
35.0,31.21,11.0,210.0,17.0,100.0,1
57.0,31.21,11.0,216.0,13.0,100.0,1
72.0,31.21,16.0,264.0,23.0,100.0,1
33.0,31.21,32.0,245.99999999999997,44.0,100.0,1
44.0,31.21,20.0,222.0,6.0,100.0,1
31.0,31.21,11.0,222.0,21.0,100.0,1
57.0,31.21,38.0,240.0,26.0,100.0,1
15.0,31.21,21.0,245.99999999999997,9.0,100.0,1
57.0,31.21,23.0,258.0,24.0,100.0,1
12.0,31.21,11.0,240.0,16.0,100.0,1
33.0,31.21,13.0,252.0,17.0,100.0,1
25.0,31.21,18.0,240.0,23.0,100.0,1
65.0,31.21,16.0,270.0,28.0,100.0,1
15.0,31.21,23.0,264.0,19.0,100.0,1
14.0,31.21,10.0,258.0,19.0,100.0,1
52.0,31.21,55.0,234.0,33.0,100.0,2
80.0,31.21,12.0,222.0,18.0,100.0,1
48.0,31.21,29.0,252.0,36.0,100.0,1
76.0,31.21,18.0,258.0,16.0,100.0,1
17.0,31.21,16.0,264.0,28.0,100.0,1
16.0,31.21,8.0,228.0,11.0,100.0,1
39.0,31.21,7.0,228.0,21.0,100.0,1
64.0,31.21,9.0,258.0,17.0,100.0,1
55.0,31.21,17.0,234.0,10.0,100.0,1
71.0,31.21,17.0,234.0,28.0,100.0,1
54.0,31.21,16.0,228.0,29.0,100.0,1
69.0,31.21,27.0,252.0,26.0,100.0,1
17.0,31.21,38.0,258.0,20.0,100.0,1
34.0,31.21,13.0,240.0,13.0,100.0,1
25.0,31.21,19.0,288.0,11.0,100.0,1
80.0,31.21,13.0,270.0,10.0,100.0,1
68.0,31.21,20.0,245.99999999999997,17.0,100.0,1
14.0,31.21,12.0,245.99999999999997,12.0,100.0,1
61.0,31.21,12.0,234.0,23.0,100.0,1
25.0,31.21,19.0,228.0,14.0,100.0,1
28.0,31.21,33.0,252.0,28.0,100.0,1
46.0,31.21,27.0,234.0,30.0,100.0,1
33.0,31.21,36.0,264.0,18.0,100.0,1
37.0,31.21,14.0,245.99999999999997,16.0,100.0,1
24.0,31.21,16.0,264.0,22.0,100.0,1
39.0,31.21,26.0,240.0,84.0,100.0,2
57.0,31.21,10.0,234.0,8.0,100.0,1
40.0,31.21,16.0,245.99999999999997,19.0,100.0,1
63.0,31.21,18.0,252.0,24.0,100.0,1
14.0,31.21,10.0,264.0,17.0,100.0,1
55.0,31.21,31.0,245.99999999999997,37.0,100.0,1
57.0,31.21,21.0,245.99999999999997,31.0,100.0,1
80.0,31.21,15.0,222.0,29.0,100.0,1
53.0,31.21,22.0,222.0,11.0,100.0,1
61.0,31.21,16.0,216.0,40.0,100.0,1
16.0,31.21,11.0,258.0,10.0,100.0,1
77.0,31.21,18.0,276.0,26.0,100.0,1
57.0,31.21,24.0,264.0,38.0,100.0,1
42.0,31.21,28.0,270.0,26.0,100.0,1
50.0,31.21,17.0,252.0,32.0,100.0,1
80.0,31.21,11.0,210.0,15.0,100.0,1
53.0,31.21,16.0,258.0,13.0,100.0,1
72.0,31.21,18.0,228.0,164.0,100.0,2
25.0,31.21,12.0,258.0,4.0,100.0,1
71.0,31.21,16.0,234.0,42.0,100.0,1
29.0,31.21,14.0,270.0,14.0,100.0,1
80.0,31.21,9.0,222.0,16.0,100.0,1
37.0,31.21,15.0,204.0,12.0,100.0,1
60.0,31.21,31.0,228.0,37.0,100.0,1
70.0,31.21,6.0,234.0,8.0,100.0,1
54.0,31.21,13.0,264.0,13.0,100.0,1
20.0,31.21,52.0,258.0,46.0,100.0,2
71.0,31.21,31.0,240.0,23.0,100.0,1
80.0,31.21,9.0,245.99999999999997,10.0,100.0,1
28.0,31.21,21.0,245.99999999999997,19.0,100.0,1
52.0,31.21,13.0,210.0,55.0,100.0,2
69.0,31.21,16.0,228.0,25.0,100.0,1
35.0,31.21,38.0,276.0,14.0,100.0,1
55.0,31.21,23.0,240.0,22.0,100.0,1
69.0,31.21,19.0,222.0,14.0,100.0,1
58.0,31.21,35.0,216.0,137.0,100.0,2
18.0,31.21,12.0,282.0,15.0,100.0,1
32.0,31.21,6.0,180.0,7.0,100.0,1
48.0,31.21,37.0,228.0,55.0,100.0,2
53.0,31.21,60.0,245.99999999999997,74.0,100.0,3
59.0,31.21,24.0,258.0,32.0,100.0,1
59.0,31.21,26.0,252.0,24.0,100.0,1
33.0,31.21,11.0,252.0,22.0,100.0,1
12.0,31.21,14.0,258.0,13.0,100.0,1
66.0,31.21,17.0,240.0,27.0,100.0,1
37.0,31.21,21.0,245.99999999999997,21.0,100.0,1
57.0,31.21,13.0,222.0,18.0,100.0,1
77.0,31.21,21.0,240.0,16.0,100.0,1
46.0,31.21,6.0,258.0,6.0,100.0,1
69.0,31.21,11.0,245.99999999999997,39.0,100.0,1
80.0,31.21,13.0,264.0,60.0,100.0,2
26.0,31.21,11.0,282.0,24.0,100.0,1
12.0,31.21,8.0,258.0,9.0,100.0,1
12.0,31.21,13.0,270.0,8.0,100.0,1
44.0,31.21,26.0,216.0,7.0,100.0,1
24.0,31.21,23.0,258.0,21.0,100.0,1
59.0,31.21,45.0,258.0,73.0,100.0,3
74.0,31.21,12.0,234.0,9.0,100.0,1
60.0,31.21,52.0,264.0,60.0,100.0,3
70.0,31.21,18.0,252.0,25.0,100.0,1
56.0,31.21,28.0,258.0,27.0,100.0,1
28.0,31.21,11.0,228.0,15.0,100.0,1
14.0,31.21,11.0,270.0,7.0,100.0,1
50.0,31.21,11.0,222.0,10.0,100.0,1
16.0,31.21,56.0,252.0,26.0,100.0,2
16.0,31.21,12.0,245.99999999999997,13.0,100.0,1
47.0,31.21,67.0,276.0,43.0,100.0,2
39.0,31.21,29.0,240.0,29.0,100.0,1
51.0,31.21,12.0,240.0,9.0,100.0,1
28.0,31.21,23.0,276.0,34.0,100.0,1
58.0,31.21,23.0,222.0,26.0,100.0,1
64.0,31.21,15.0,192.0,20.0,100.0,1
30.0,31.21,24.0,234.0,26.0,100.0,1
80.0,31.21,14.0,264.0,19.0,100.0,1
70.0,31.21,19.0,264.0,42.0,100.0,1
26.0,31.21,27.0,252.0,16.0,100.0,1
70.0,31.21,35.0,245.99999999999997,25.0,100.0,1
15.0,31.21,14.0,252.0,12.0,100.0,1
38.0,31.21,14.0,245.99999999999997,65.0,100.0,2
25.0,31.21,13.0,264.0,14.0,100.0,1
59.0,31.21,21.0,258.0,16.0,100.0,1
52.0,31.21,31.0,228.0,38.0,100.0,1
78.0,31.21,23.0,240.0,17.0,100.0,1
44.0,31.21,25.0,264.0,26.0,100.0,1
65.0,31.21,15.0,252.0,20.0,100.0,1
40.0,31.21,13.0,245.99999999999997,16.0,100.0,1
71.0,31.21,14.0,276.0,11.0,100.0,1
53.0,31.21,24.0,228.0,17.0,100.0,1
73.0,31.21,23.0,210.0,9.0,100.0,1
80.0,31.21,10.0,252.0,16.0,100.0,1
65.0,31.21,27.0,245.99999999999997,42.0,100.0,1
51.0,31.21,20.0,228.0,15.0,100.0,1
15.0,31.21,15.0,252.0,19.0,100.0,1
27.0,31.21,14.0,245.99999999999997,11.0,100.0,1
42.0,31.21,13.0,258.0,14.0,100.0,1
19.0,31.21,34.0,270.0,16.0,100.0,1
65.0,31.21,16.0,234.0,20.0,100.0,1
45.0,31.21,9.0,216.0,13.0,100.0,1
38.0,31.21,17.0,222.0,26.0,100.0,1
34.0,31.21,15.0,245.99999999999997,15.0,100.0,1
23.0,31.21,159.0,234.0,136.0,100.0,3
54.0,31.21,21.0,252.0,62.0,100.0,2
71.0,31.21,12.0,245.99999999999997,15.0,100.0,1
12.0,31.21,9.0,270.0,11.0,100.0,1
14.0,31.21,11.0,245.99999999999997,12.0,100.0,1
24.0,31.21,39.0,240.0,34.0,100.0,1
23.0,31.21,10.0,240.0,17.0,100.0,1
17.0,31.21,25.0,216.0,22.0,100.0,1
70.0,31.21,10.0,222.0,19.0,100.0,1
62.0,31.21,19.0,234.0,20.0,100.0,1
44.0,31.21,23.0,245.99999999999997,26.0,100.0,1
62.0,31.21,16.0,270.0,14.0,100.0,1
37.0,31.21,11.0,252.0,18.0,100.0,1
66.0,31.21,42.0,245.99999999999997,11.0,100.0,2
31.0,31.21,23.0,252.0,14.0,100.0,1
43.0,31.21,15.0,216.0,12.0,100.0,1
67.0,31.21,16.0,258.0,23.0,100.0,1
51.0,31.21,14.0,234.0,10.0,100.0,1
37.0,31.21,26.0,228.0,25.0,100.0,1
80.0,31.21,15.0,240.0,17.0,100.0,1
66.0,31.21,14.0,258.0,14.0,100.0,1
26.0,31.21,16.0,252.0,10.0,100.0,1
42.0,31.21,10.0,216.0,15.0,100.0,1
56.0,31.21,15.0,245.99999999999997,15.0,100.0,1
80.0,31.21,13.0,216.0,7.0,100.0,1
80.0,31.21,16.0,222.0,17.0,100.0,1
14.0,31.21,17.0,270.0,18.0,100.0,1
32.0,31.21,17.0,234.0,44.0,100.0,1
21.0,31.21,15.0,245.99999999999997,16.0,100.0,1
31.0,31.21,10.0,294.0,12.0,100.0,1
22.0,31.21,23.0,210.0,13.0,100.0,1
37.0,31.21,58.0,252.0,54.0,100.0,3
71.0,31.21,19.0,270.0,21.0,100.0,1
14.0,31.21,22.0,312.0,21.0,100.0,1
65.0,31.21,11.0,245.99999999999997,22.0,100.0,1
29.0,31.21,24.0,270.0,9.0,100.0,1
13.0,31.21,9.0,252.0,9.0,100.0,1
80.0,31.21,20.0,245.99999999999997,26.0,100.0,1
34.0,31.21,16.0,245.99999999999997,21.0,100.0,1
34.0,31.21,16.0,216.0,46.0,100.0,1
16.0,31.21,19.0,245.99999999999997,6.0,100.0,1
76.0,31.21,6.0,204.0,12.0,100.0,1
37.0,31.21,11.0,234.0,77.0,100.0,2
62.0,31.21,11.0,222.0,13.0,100.0,1
68.0,31.21,22.0,222.0,93.0,100.0,2
56.0,31.21,15.0,245.99999999999997,13.0,100.0,1
55.0,31.21,34.0,234.0,127.0,100.0,2
77.0,31.21,23.0,228.0,12.0,100.0,1
44.0,31.21,45.0,240.0,60.0,100.0,3
65.0,31.21,15.0,240.0,31.0,100.0,1
27.0,31.21,43.0,234.0,27.0,100.0,2
45.0,31.21,21.0,245.99999999999997,26.0,100.0,1
32.0,31.21,29.0,252.0,24.0,100.0,1
25.0,31.21,56.0,245.99999999999997,36.0,100.0,2
67.0,31.21,19.0,234.0,15.0,100.0,1
77.0,31.21,21.0,252.0,20.0,100.0,1
18.0,31.21,9.0,264.0,15.0,100.0,1
12.0,31.21,11.0,258.0,13.0,100.0,1
80.0,31.21,36.0,222.0,69.0,100.0,2
22.0,31.21,42.0,240.0,41.0,100.0,2
80.0,31.21,12.0,252.0,11.0,100.0,1
39.0,31.21,17.0,228.0,35.0,100.0,1
34.0,31.21,11.0,240.0,16.0,100.0,1
21.0,31.21,40.0,252.0,15.0,100.0,1
56.0,31.21,37.0,258.0,31.0,100.0,1
67.0,31.21,12.0,216.0,23.0,100.0,1
24.0,31.21,33.0,264.0,36.0,100.0,1
20.0,31.21,14.0,276.0,19.0,100.0,1
72.0,31.21,16.0,252.0,20.0,100.0,1
50.0,31.21,22.0,234.0,66.0,100.0,2
26.0,31.21,21.0,270.0,18.0,100.0,1
44.0,31.21,29.0,216.0,55.0,100.0,2
43.0,31.21,22.0,234.0,46.0,100.0,1
16.0,31.21,9.0,264.0,7.0,100.0,1
15.0,31.21,9.0,276.0,9.0,100.0,1
38.0,31.21,34.0,245.99999999999997,36.0,100.0,1
53.0,31.21,31.0,216.0,166.0,100.0,2
41.0,31.21,22.0,258.0,31.0,100.0,1
20.0,31.21,22.0,264.0,22.0,100.0,1
13.0,31.21,30.0,270.0,20.0,100.0,1
58.0,31.21,32.0,276.0,23.0,100.0,1
23.0,31.21,26.0,276.0,5.0,100.0,1
59.0,31.21,25.0,264.0,52.0,100.0,2
80.0,31.21,16.0,234.0,27.0,100.0,1
16.0,31.21,8.0,276.0,9.0,100.0,1
64.0,31.21,17.0,258.0,49.0,100.0,2
17.0,31.21,11.0,245.99999999999997,15.0,100.0,1
40.0,31.21,8.0,240.0,10.0,100.0,1
67.0,31.21,22.0,264.0,25.0,100.0,1
35.0,31.21,9.0,245.99999999999997,14.0,100.0,1
65.0,31.21,11.0,228.0,13.0,100.0,1
58.0,31.21,18.0,258.0,129.0,100.0,2
61.0,31.21,15.0,234.0,61.0,100.0,2
18.0,31.21,13.0,276.0,14.0,100.0,1
19.0,31.21,16.0,240.0,9.0,100.0,1
53.0,31.21,7.0,198.0,10.0,100.0,1
63.0,31.21,14.0,245.99999999999997,14.0,100.0,1
62.0,31.21,11.0,240.0,14.0,100.0,1
69.0,31.21,23.0,240.0,25.0,100.0,1
30.0,31.21,16.0,222.0,10.0,100.0,1
44.0,31.21,30.0,228.0,32.0,100.0,1
59.0,31.21,8.0,270.0,22.0,100.0,1
36.0,31.21,9.0,240.0,17.0,100.0,1
29.0,31.21,13.0,252.0,11.0,100.0,1
64.0,31.21,10.0,252.0,13.0,100.0,1
58.0,31.21,40.0,282.0,28.0,100.0,1
67.0,31.21,26.0,276.0,49.0,100.0,2
14.0,31.21,18.0,282.0,13.0,100.0,1
15.0,31.21,13.0,245.99999999999997,11.0,100.0,1
29.0,31.21,23.0,270.0,25.0,100.0,1
52.0,31.21,11.0,210.0,10.0,100.0,1
32.0,31.21,13.0,252.0,9.0,100.0,1
40.0,31.21,41.0,245.99999999999997,43.0,100.0,2
70.0,31.21,15.0,245.99999999999997,14.0,100.0,1
36.0,31.21,19.0,264.0,22.0,100.0,1
14.0,31.21,9.0,245.99999999999997,12.0,100.0,1
36.0,31.21,20.0,258.0,27.0,100.0,1
48.0,31.21,38.0,234.0,35.0,100.0,1
80.0,31.21,18.0,245.99999999999997,20.0,100.0,1
35.0,31.21,19.0,252.0,43.0,100.0,1
16.0,31.21,16.0,240.0,21.0,100.0,1
47.0,31.21,10.0,258.0,11.0,100.0,1
60.0,31.21,16.0,264.0,33.0,100.0,1
56.0,31.21,39.0,234.0,54.0,100.0,2
59.0,31.21,24.0,245.99999999999997,13.0,100.0,1
72.0,31.21,10.0,234.0,20.0,100.0,1
49.0,31.21,23.0,245.99999999999997,68.0,100.0,2
28.0,31.21,30.0,252.0,621.0,100.0,2
12.0,31.21,10.0,252.0,6.0,100.0,1
45.0,31.21,30.0,264.0,43.0,100.0,1
24.0,31.21,13.0,258.0,8.0,100.0,1
80.0,31.21,9.0,198.0,8.0,100.0,1
39.0,31.21,11.0,228.0,13.0,100.0,1
80.0,31.21,16.0,216.0,11.0,100.0,1
15.0,31.21,12.0,258.0,19.0,100.0,1
60.0,31.21,16.0,228.0,30.0,100.0,1
67.0,31.21,28.0,252.0,33.0,100.0,1
69.0,31.21,19.0,270.0,18.0,100.0,1
24.0,31.21,18.0,245.99999999999997,18.0,100.0,1
42.0,31.21,14.0,258.0,21.0,100.0,1
30.0,31.21,10.0,258.0,12.0,100.0,1
29.0,31.21,18.0,270.0,18.0,100.0,1
51.0,31.21,19.0,270.0,21.0,100.0,1
24.0,31.21,14.0,276.0,21.0,100.0,1
58.0,31.21,27.0,240.0,14.0,100.0,1
64.0,31.21,17.0,252.0,66.0,100.0,2
45.0,31.21,15.0,282.0,18.0,100.0,1
19.0,31.21,26.0,234.0,16.0,100.0,1
76.0,31.21,15.0,240.0,16.0,100.0,1
63.0,31.21,37.0,234.0,46.0,100.0,1
64.0,31.21,23.0,245.99999999999997,18.0,100.0,1
40.0,31.21,10.0,234.0,16.0,100.0,1
71.0,31.21,27.0,252.0,24.0,100.0,1
33.0,31.21,18.0,264.0,18.0,100.0,1
14.0,31.21,14.0,258.0,7.0,100.0,1
58.0,31.21,30.0,240.0,22.0,100.0,1
52.0,31.21,63.0,245.99999999999997,16.0,100.0,2
17.0,31.21,19.0,294.0,14.0,100.0,1
59.0,31.21,18.0,252.0,26.0,100.0,1
18.0,31.21,15.0,234.0,10.0,100.0,1
15.0,31.21,12.0,276.0,13.0,100.0,1
54.0,31.21,27.0,245.99999999999997,20.0,100.0,1
51.0,31.21,32.0,258.0,114.0,100.0,2
70.0,31.21,9.0,228.0,14.0,100.0,1
53.0,31.21,17.0,258.0,18.0,100.0,1
56.0,31.21,26.0,192.0,153.0,100.0,2
28.0,31.21,42.0,258.0,171.0,100.0,3
51.0,31.21,34.0,234.0,20.0,100.0,1
23.0,31.21,26.0,252.0,24.0,100.0,1
64.0,31.21,24.0,216.0,200.0,100.0,2
13.0,31.21,15.0,270.0,14.0,100.0,1
60.0,31.21,31.0,264.0,71.0,100.0,2
72.0,31.21,11.0,228.0,16.0,100.0,1
12.0,31.21,13.0,258.0,21.0,100.0,1
27.0,31.21,21.0,282.0,20.0,100.0,1
13.0,31.21,12.0,276.0,12.0,100.0,1
47.0,31.21,18.0,258.0,17.0,100.0,1
15.0,31.21,14.0,258.0,11.0,100.0,1
64.0,31.21,20.0,234.0,55.0,100.0,2
17.0,31.21,23.0,240.0,10.0,100.0,1
80.0,31.21,9.0,234.0,15.0,100.0,1
56.0,31.21,26.0,204.0,39.0,100.0,1
65.0,31.21,31.0,258.0,17.0,100.0,1
12.0,31.21,10.0,252.0,11.0,100.0,1
50.0,31.21,27.0,245.99999999999997,28.0,100.0,1
64.0,31.21,38.0,282.0,80.0,100.0,2
22.0,31.21,52.0,270.0,127.0,100.0,3
42.0,31.21,24.0,276.0,20.0,100.0,1
67.0,31.21,14.0,245.99999999999997,13.0,100.0,1
76.0,31.21,24.0,240.0,18.0,100.0,1
13.0,31.21,16.0,245.99999999999997,13.0,100.0,1
33.0,31.21,19.0,270.0,15.0,100.0,1
73.0,31.21,22.0,245.99999999999997,18.0,100.0,1
37.0,31.21,41.0,228.0,34.0,100.0,2
75.0,31.21,16.0,258.0,8.0,100.0,1
49.0,31.21,17.0,252.0,37.0,100.0,1
43.0,31.21,30.0,245.99999999999997,59.0,100.0,2
12.0,31.21,8.0,245.99999999999997,8.0,100.0,1
80.0,31.21,28.0,216.0,31.0,100.0,1
17.0,31.21,8.0,222.0,15.0,100.0,1
16.0,31.21,7.0,270.0,8.0,100.0,1
49.0,31.21,20.0,258.0,8.0,100.0,1
61.0,31.21,13.0,276.0,22.0,100.0,1
72.0,31.21,15.0,245.99999999999997,27.0,100.0,1
78.0,31.21,15.0,234.0,12.0,100.0,1
49.0,31.21,26.0,240.0,150.0,100.0,2
46.0,31.21,22.0,245.99999999999997,15.0,100.0,1
54.0,31.21,18.0,252.0,27.0,100.0,1
63.0,31.21,28.0,245.99999999999997,25.0,100.0,1
80.0,31.21,13.0,258.0,16.0,100.0,1
55.0,31.21,13.0,240.0,26.0,100.0,1
24.0,31.21,14.0,228.0,20.0,100.0,1
47.0,31.21,25.0,264.0,10.0,100.0,1
46.0,31.21,19.0,222.0,23.0,100.0,1
25.0,31.21,13.0,234.0,9.0,100.0,1
77.0,31.21,11.0,228.0,45.0,100.0,1
17.0,31.21,15.0,264.0,18.0,100.0,1
56.0,31.21,17.0,264.0,19.0,100.0,1
67.0,31.21,7.0,228.0,23.0,100.0,1
53.0,31.21,14.0,252.0,19.0,100.0,1
77.0,31.21,18.0,264.0,64.0,100.0,2
25.0,31.21,23.0,252.0,13.0,100.0,1
23.0,31.21,13.0,276.0,11.0,100.0,1
72.0,31.21,20.0,252.0,51.0,100.0,2
63.0,31.21,21.0,240.0,22.0,100.0,1
43.0,31.21,15.0,245.99999999999997,10.0,100.0,1
36.0,31.21,10.0,222.0,54.0,100.0,2
14.0,31.21,16.0,240.0,22.0,100.0,1
51.0,31.21,34.0,245.99999999999997,32.0,100.0,1
67.0,31.21,16.0,264.0,24.0,100.0,1
12.0,31.21,17.0,270.0,9.0,100.0,1
51.0,31.21,17.0,216.0,19.0,100.0,1
52.0,31.21,14.0,245.99999999999997,30.0,100.0,1
47.0,31.21,8.0,252.0,15.0,100.0,1
40.0,31.21,9.0,180.0,5.0,100.0,1
32.0,31.21,18.0,228.0,21.0,100.0,1
57.0,31.21,16.0,228.0,16.0,100.0,1
33.0,31.21,33.0,210.0,26.0,100.0,1
68.0,31.21,27.0,264.0,41.0,100.0,1
66.0,31.21,19.0,245.99999999999997,15.0,100.0,1
19.0,31.21,20.0,282.0,14.0,100.0,1
35.0,31.21,46.0,234.0,69.0,100.0,3
57.0,31.21,29.0,258.0,26.0,100.0,1
74.0,31.21,7.0,240.0,13.0,100.0,1
33.0,31.21,12.0,240.0,14.0,100.0,1
14.0,31.21,12.0,234.0,6.0,100.0,1
33.0,31.21,5.0,156.0,5.0,100.0,1
66.0,31.21,14.0,228.0,36.0,100.0,1
14.0,31.21,33.0,288.0,32.0,100.0,1
57.0,31.21,14.0,245.99999999999997,12.0,100.0,1
61.0,31.21,15.0,264.0,28.0,100.0,1
15.0,31.21,10.0,264.0,9.0,100.0,1
80.0,31.21,11.0,245.99999999999997,13.0,100.0,1
33.0,31.21,19.0,222.0,15.0,100.0,1
18.0,31.21,15.0,228.0,9.0,100.0,1
14.0,31.21,11.0,240.0,7.0,100.0,1
62.0,31.21,37.0,294.0,95.0,100.0,2
59.0,31.21,15.0,264.0,23.0,100.0,1
25.0,31.21,9.0,252.0,13.0,100.0,1
53.0,31.21,22.0,210.0,15.0,100.0,1
13.0,31.21,13.0,264.0,18.0,100.0,1
15.0,31.21,11.0,288.0,14.0,100.0,1
73.0,31.21,15.0,245.99999999999997,9.0,100.0,1
69.0,31.21,26.0,228.0,14.0,100.0,1
22.0,31.21,25.0,240.0,25.0,100.0,1
28.0,31.21,23.0,258.0,22.0,100.0,1
39.0,31.21,32.0,264.0,58.0,100.0,2
48.0,31.21,13.0,258.0,14.0,100.0,1
32.0,31.21,22.0,264.0,16.0,100.0,1
55.0,31.21,23.0,228.0,48.0,100.0,1
12.0,31.21,8.0,234.0,14.0,100.0,1
12.0,31.21,11.0,252.0,8.0,100.0,1
70.0,31.21,18.0,228.0,264.0,100.0,2
22.0,31.21,11.0,282.0,11.0,100.0,1
74.0,31.21,7.0,204.0,19.0,100.0,1
44.0,31.21,21.0,222.0,34.0,100.0,1
71.0,31.21,13.0,258.0,29.0,100.0,1
29.0,31.21,14.0,245.99999999999997,28.0,100.0,1
68.0,31.21,34.0,264.0,36.0,100.0,1
17.0,31.21,12.0,294.0,13.0,100.0,1
42.0,31.21,179.0,240.0,34.0,100.0,2
18.0,31.21,14.0,258.0,7.0,100.0,1
67.0,31.21,15.0,204.0,44.0,100.0,1
42.0,31.21,44.0,228.0,130.0,100.0,3
65.0,31.21,15.0,240.0,18.0,100.0,1
80.0,31.21,16.0,234.0,13.0,100.0,1
16.0,31.21,11.0,245.99999999999997,8.0,100.0,1
49.0,31.21,25.0,252.0,26.0,100.0,1
17.0,31.21,18.0,264.0,18.0,100.0,1
70.0,31.21,10.0,252.0,12.0,100.0,1
42.0,31.21,27.0,264.0,15.0,100.0,1
25.0,31.21,14.0,240.0,21.0,100.0,1
35.0,31.21,17.0,240.0,40.0,100.0,1
63.0,31.21,17.0,240.0,15.0,100.0,1
45.0,31.21,23.0,252.0,24.0,100.0,1
64.0,31.21,11.0,228.0,13.0,100.0,1
19.0,31.21,52.0,258.0,40.0,100.0,2
44.0,31.21,14.0,204.0,46.0,100.0,1
52.0,31.21,11.0,240.0,9.0,100.0,1
41.0,31.21,19.0,228.0,30.0,100.0,1
40.0,31.21,12.0,216.0,16.0,100.0,1
72.0,31.21,27.0,252.0,37.0,100.0,1
17.0,31.21,11.0,222.0,14.0,100.0,1
25.0,31.21,25.0,228.0,17.0,100.0,1
80.0,31.21,16.0,245.99999999999997,69.0,100.0,2
17.0,31.21,37.0,282.0,28.0,100.0,1
16.0,31.21,18.0,276.0,14.0,100.0,1
13.0,31.21,15.0,270.0,10.0,100.0,1
69.0,31.21,30.0,240.0,12.0,100.0,1
45.0,31.21,13.0,252.0,15.0,100.0,1
48.0,31.21,24.0,264.0,22.0,100.0,1
80.0,31.21,13.0,245.99999999999997,20.0,100.0,1
35.0,31.21,14.0,245.99999999999997,15.0,100.0,1
13.0,31.21,10.0,240.0,12.0,100.0,1
43.0,31.21,19.0,234.0,32.0,100.0,1
29.0,31.21,13.0,228.0,28.0,100.0,1
80.0,31.21,14.0,258.0,13.0,100.0,1
80.0,31.21,18.0,228.0,15.0,100.0,1
63.0,31.21,13.0,258.0,47.0,100.0,1
20.0,31.21,8.0,240.0,7.0,100.0,1
29.0,31.21,56.0,245.99999999999997,25.0,100.0,2
61.0,31.21,9.0,252.0,19.0,100.0,1
51.0,31.21,14.0,252.0,18.0,100.0,1
67.0,31.21,21.0,270.0,13.0,100.0,1
71.0,31.21,15.0,252.0,13.0,100.0,1
54.0,31.21,33.0,245.99999999999997,43.0,100.0,1
61.0,31.21,12.0,228.0,10.0,100.0,1
66.0,31.21,31.0,240.0,59.0,100.0,2
45.0,31.21,30.0,258.0,30.0,100.0,1
61.0,31.21,19.0,264.0,32.0,100.0,1
62.0,31.21,13.0,216.0,162.0,100.0,2
38.0,31.21,44.0,258.0,20.0,100.0,2
14.0,31.21,11.0,270.0,7.0,100.0,1
24.0,31.21,115.0,258.0,106.0,100.0,3
51.0,31.21,17.0,228.0,30.0,100.0,1
44.0,31.21,21.0,270.0,50.0,100.0,2
65.0,31.21,17.0,228.0,32.0,100.0,1
20.0,31.21,61.0,240.0,18.0,100.0,2
51.0,31.21,23.0,228.0,11.0,100.0,1
64.0,31.21,213.0,234.0,369.0,100.0,3
46.0,31.21,25.0,240.0,47.0,100.0,1
80.0,31.21,7.0,228.0,10.0,100.0,1
12.0,31.21,15.0,270.0,14.0,100.0,1
72.0,31.21,14.0,258.0,25.0,100.0,1
62.0,31.21,23.0,216.0,28.0,100.0,1
69.0,31.21,28.0,228.0,25.0,100.0,1
61.0,31.21,35.0,245.99999999999997,24.0,100.0,1
35.0,31.21,13.0,222.0,14.0,100.0,1
13.0,31.21,16.0,258.0,17.0,100.0,1
14.0,31.21,12.0,264.0,10.0,100.0,1
13.0,31.21,15.0,282.0,11.0,100.0,1
19.0,31.21,41.0,264.0,38.0,100.0,2
77.0,31.21,9.0,240.0,10.0,100.0,1
12.0,31.21,10.0,245.99999999999997,9.0,100.0,1
80.0,31.21,15.0,228.0,28.0,100.0,1
56.0,31.21,17.0,222.0,12.0,100.0,1
68.0,31.21,6.0,228.0,17.0,100.0,1
65.0,31.21,28.0,245.99999999999997,24.0,100.0,1
64.0,31.21,21.0,270.0,17.0,100.0,1
56.0,31.21,19.0,240.0,26.0,100.0,1
56.0,31.21,19.0,258.0,22.0,100.0,1
37.0,31.21,12.0,252.0,24.0,100.0,1
16.0,31.21,19.0,216.0,9.0,100.0,1
18.0,31.21,27.0,258.0,10.0,100.0,1
36.0,31.21,24.0,240.0,24.0,100.0,1
52.0,31.21,11.0,234.0,19.0,100.0,1
62.0,31.21,13.0,245.99999999999997,13.0,100.0,1
80.0,31.21,19.0,264.0,15.0,100.0,1
18.0,31.21,42.0,252.0,23.0,100.0,2
17.0,31.21,11.0,288.0,8.0,100.0,1
49.0,31.21,17.0,258.0,25.0,100.0,1
47.0,31.21,37.0,156.0,287.0,100.0,2
69.0,31.21,16.0,258.0,11.0,100.0,1
71.0,31.21,37.0,245.99999999999997,21.0,100.0,1
48.0,31.21,9.0,222.0,14.0,100.0,1
25.0,31.21,12.0,270.0,11.0,100.0,1
70.0,31.21,12.0,240.0,15.0,100.0,1
24.0,31.21,7.0,240.0,5.0,100.0,1
77.0,31.21,14.0,222.0,47.0,100.0,1
12.0,31.21,9.0,252.0,8.0,100.0,1
75.0,31.21,43.0,252.0,463.0,100.0,3
31.0,31.21,45.0,270.0,70.0,100.0,3
36.0,31.21,18.0,270.0,18.0,100.0,1
74.0,31.21,10.0,228.0,10.0,100.0,1
56.0,31.21,26.0,210.0,57.0,100.0,2
52.0,31.21,26.0,270.0,21.0,100.0,1
34.0,31.21,16.0,228.0,60.0,100.0,2
38.0,31.21,21.0,245.99999999999997,34.0,100.0,1
64.0,31.21,14.0,276.0,27.0,100.0,1
19.0,31.21,17.0,282.0,10.0,100.0,1
51.0,31.21,36.0,240.0,58.0,100.0,2
60.0,31.21,25.0,258.0,28.0,100.0,1
72.0,31.21,27.0,264.0,49.0,100.0,2
14.0,31.21,10.0,240.0,10.0,100.0,1
70.0,31.21,24.0,258.0,34.0,100.0,1
73.0,31.21,9.0,264.0,10.0,100.0,1
56.0,31.21,11.0,240.0,11.0,100.0,1
75.0,31.21,10.0,240.0,15.0,100.0,1
73.0,31.21,26.0,228.0,96.0,100.0,2
63.0,31.21,20.0,228.0,19.0,100.0,1
63.0,31.21,10.0,264.0,13.0,100.0,1
31.0,31.21,24.0,245.99999999999997,21.0,100.0,1
53.0,31.21,24.0,264.0,19.0,100.0,1
13.0,31.21,19.0,258.0,26.0,100.0,1
67.0,31.21,11.0,276.0,29.0,100.0,1
63.0,31.21,16.0,216.0,21.0,100.0,1
34.0,31.21,21.0,240.0,14.0,100.0,1
43.0,31.21,10.0,228.0,41.0,100.0,1
37.0,31.21,13.0,228.0,25.0,100.0,1
12.0,31.21,13.0,276.0,13.0,100.0,1
74.0,31.21,13.0,240.0,18.0,100.0,1
17.0,31.21,5.0,258.0,10.0,100.0,1
54.0,31.21,19.0,222.0,33.0,100.0,1
37.0,31.21,13.0,228.0,12.0,100.0,1
80.0,31.21,22.0,245.99999999999997,14.0,100.0,1
18.0,31.21,12.0,245.99999999999997,12.0,100.0,1
79.0,31.21,15.0,210.0,15.0,100.0,1
45.0,31.21,52.0,192.0,622.0,100.0,3
77.0,31.21,34.0,216.0,42.0,100.0,1
79.0,31.21,16.0,245.99999999999997,22.0,100.0,1
55.0,31.21,32.0,258.0,42.0,100.0,1
80.0,31.21,17.0,245.99999999999997,11.0,100.0,1
57.0,31.21,26.0,264.0,47.0,100.0,1
15.0,31.21,19.0,270.0,26.0,100.0,1
34.0,31.21,31.0,245.99999999999997,38.0,100.0,1
17.0,31.21,11.0,258.0,11.0,100.0,1
48.0,31.21,46.0,240.0,53.0,100.0,3
12.0,31.21,13.0,258.0,17.0,100.0,1
58.0,31.21,23.0,240.0,20.0,100.0,1
33.0,31.21,30.0,276.0,42.0,100.0,1
38.0,31.21,21.0,258.0,13.0,100.0,1
52.0,31.21,14.0,270.0,12.0,100.0,1
54.0,31.21,8.0,186.0,10.0,100.0,1
20.0,31.21,14.0,240.0,15.0,100.0,1
67.0,31.21,14.0,216.0,29.0,100.0,1
26.0,31.21,20.0,234.0,40.0,100.0,1
43.0,31.21,43.0,294.0,126.0,100.0,3
15.0,31.21,12.0,258.0,8.0,100.0,1
71.0,31.21,12.0,245.99999999999997,20.0,100.0,1
75.0,31.21,28.0,276.0,42.0,100.0,1
66.0,31.21,16.0,270.0,19.0,100.0,1
15.0,31.21,30.0,258.0,18.0,100.0,1
48.0,31.21,43.0,234.0,36.0,100.0,2
27.0,31.21,26.0,240.0,14.0,100.0,1
14.0,31.21,10.0,234.0,12.0,100.0,1
68.0,31.21,21.0,258.0,13.0,100.0,1
40.0,31.21,118.0,245.99999999999997,90.0,100.0,3
18.0,31.21,19.0,234.0,27.0,100.0,1
62.0,31.21,20.0,258.0,23.0,100.0,1
64.0,31.21,30.0,240.0,20.0,100.0,1
67.0,31.21,21.0,216.0,19.0,100.0,1
68.0,31.21,22.0,228.0,32.0,100.0,1
39.0,31.21,15.0,252.0,17.0,100.0,1
18.0,31.21,43.0,264.0,67.0,100.0,3
53.0,31.21,28.0,264.0,26.0,100.0,1
35.0,31.21,83.0,258.0,37.0,100.0,2
67.0,31.21,10.0,264.0,19.0,100.0,1
61.0,31.21,18.0,288.0,23.0,100.0,1
21.0,31.21,9.0,216.0,9.0,100.0,1
13.0,31.21,6.0,276.0,15.0,100.0,1
39.0,31.21,11.0,245.99999999999997,23.0,100.0,1
21.0,31.21,13.0,282.0,12.0,100.0,1
12.0,31.21,17.0,252.0,10.0,100.0,1
17.0,31.21,7.0,240.0,13.0,100.0,1
51.0,31.21,24.0,264.0,16.0,100.0,1
34.0,31.21,13.0,234.0,17.0,100.0,1
38.0,31.21,84.0,264.0,148.0,100.0,3
21.0,31.21,12.0,228.0,10.0,100.0,1
21.0,31.21,10.0,198.0,15.0,100.0,1
52.0,31.21,29.0,264.0,27.0,100.0,1
30.0,31.21,32.0,245.99999999999997,42.0,100.0,1
59.0,31.21,12.0,198.0,16.0,100.0,1
12.0,31.21,13.0,264.0,10.0,100.0,1
79.0,31.21,25.0,282.0,45.0,100.0,1
80.0,31.21,10.0,252.0,10.0,100.0,1
80.0,31.21,11.0,228.0,19.0,100.0,1
48.0,31.21,25.0,252.0,13.0,100.0,1
24.0,31.21,12.0,276.0,14.0,100.0,1
48.0,31.21,36.0,258.0,153.0,100.0,2
45.0,31.21,33.0,258.0,17.0,100.0,1
39.0,31.21,11.0,258.0,20.0,100.0,1
50.0,31.21,18.0,234.0,21.0,100.0,1
44.0,31.21,36.0,264.0,39.0,100.0,1
56.0,31.21,45.0,252.0,31.0,100.0,2
37.0,31.21,13.0,264.0,29.0,100.0,1
56.0,31.21,33.0,252.0,29.0,100.0,1
80.0,31.21,11.0,252.0,18.0,100.0,1
71.0,31.21,14.0,258.0,12.0,100.0,1
67.0,31.21,10.0,186.0,12.0,100.0,1
25.0,31.21,10.0,228.0,22.0,100.0,1
73.0,31.21,10.0,234.0,6.0,100.0,1
80.0,31.21,34.0,234.0,35.0,100.0,1
60.0,31.21,24.0,245.99999999999997,119.0,100.0,2
13.0,31.21,15.0,216.0,16.0,100.0,1
22.0,31.21,16.0,276.0,16.0,100.0,1
14.0,31.21,13.0,264.0,4.0,100.0,1
70.0,31.21,16.0,264.0,12.0,100.0,1
49.0,31.21,13.0,245.99999999999997,15.0,100.0,1
54.0,31.21,45.0,276.0,38.0,100.0,2
80.0,31.21,14.0,234.0,22.0,100.0,1
44.0,31.21,16.0,222.0,19.0,100.0,1
17.0,31.21,21.0,245.99999999999997,16.0,100.0,1
62.0,31.21,45.0,245.99999999999997,16.0,100.0,2
76.0,31.21,13.0,228.0,8.0,100.0,1
27.0,31.21,26.0,252.0,17.0,100.0,1
49.0,31.21,15.0,234.0,13.0,100.0,1
74.0,31.21,10.0,258.0,17.0,100.0,1
73.0,31.21,10.0,234.0,15.0,100.0,1
52.0,31.21,16.0,240.0,20.0,100.0,1
22.0,31.21,31.0,240.0,37.0,100.0,1
54.0,31.21,17.0,252.0,18.0,100.0,1
59.0,31.21,27.0,252.0,32.0,100.0,1
80.0,31.21,11.0,234.0,12.0,100.0,1
62.0,31.21,20.0,258.0,24.0,100.0,1
56.0,31.21,10.0,240.0,26.0,100.0,1
17.0,31.21,12.0,156.0,10.0,100.0,1
69.0,31.21,10.0,234.0,10.0,100.0,1
18.0,31.21,15.0,234.0,17.0,100.0,1
52.0,31.21,12.0,270.0,27.0,100.0,1
56.0,31.21,19.0,294.0,24.0,100.0,1
28.0,31.21,28.0,252.0,27.0,100.0,1
29.0,31.21,8.0,204.0,16.0,100.0,1
27.0,31.21,14.0,245.99999999999997,9.0,100.0,1
45.0,31.21,13.0,258.0,27.0,100.0,1
22.0,31.21,15.0,245.99999999999997,10.0,100.0,1
51.0,31.21,52.0,252.0,46.0,100.0,2
62.0,31.21,15.0,234.0,63.0,100.0,2
70.0,31.21,11.0,222.0,103.0,100.0,2
58.0,31.21,19.0,252.0,39.0,100.0,1
24.0,31.21,10.0,210.0,14.0,100.0,1
44.0,31.21,40.0,234.0,57.0,100.0,2
69.0,31.21,16.0,252.0,13.0,100.0,1
80.0,31.21,10.0,240.0,15.0,100.0,1
59.0,31.21,24.0,245.99999999999997,21.0,100.0,1
47.0,31.21,63.0,240.0,147.0,100.0,3
51.0,31.21,25.0,228.0,31.0,100.0,1
47.0,31.21,19.0,282.0,37.0,100.0,1
18.0,31.21,33.0,245.99999999999997,20.0,100.0,1
49.0,31.21,8.0,264.0,16.0,100.0,1
16.0,31.21,16.0,245.99999999999997,9.0,100.0,1
25.0,31.21,12.0,252.0,21.0,100.0,1
37.0,31.21,33.0,288.0,11.0,100.0,1
80.0,31.21,13.0,245.99999999999997,11.0,100.0,1
60.0,31.21,14.0,258.0,18.0,100.0,1
24.0,31.21,8.0,234.0,9.0,100.0,1
24.0,31.21,82.0,222.0,77.0,100.0,3
28.0,31.21,27.0,245.99999999999997,36.0,100.0,1
66.0,31.21,16.0,245.99999999999997,30.0,100.0,1
61.0,31.21,31.0,258.0,56.0,100.0,2
37.0,31.21,15.0,245.99999999999997,13.0,100.0,1
32.0,31.21,20.0,294.0,52.0,100.0,2
47.0,31.21,21.0,222.0,18.0,100.0,1
33.0,31.21,11.0,276.0,16.0,100.0,1
48.0,31.21,33.0,228.0,23.0,100.0,1
33.0,31.21,14.0,282.0,14.0,100.0,1
46.0,31.21,22.0,234.0,25.0,100.0,1
73.0,31.21,40.0,245.99999999999997,18.0,100.0,1
55.0,31.21,12.0,216.0,27.0,100.0,1
51.0,31.21,14.0,222.0,49.0,100.0,2
68.0,31.21,18.0,245.99999999999997,20.0,100.0,1
56.0,31.21,15.0,252.0,24.0,100.0,1
38.0,31.21,13.0,216.0,25.0,100.0,1
64.0,31.21,21.0,264.0,29.0,100.0,1
80.0,31.21,9.0,222.0,10.0,100.0,1
24.0,31.21,11.0,258.0,13.0,100.0,1
59.0,31.21,12.0,216.0,18.0,100.0,1
53.0,31.21,12.0,210.0,261.0,100.0,2
47.0,31.21,18.0,258.0,15.0,100.0,1
36.0,31.21,17.0,252.0,14.0,100.0,1
16.0,31.21,11.0,252.0,18.0,100.0,1
65.0,31.21,11.0,228.0,11.0,100.0,1
80.0,31.21,17.0,240.0,15.0,100.0,1
64.0,31.21,14.0,210.0,18.0,100.0,1
29.0,31.21,17.0,282.0,15.0,100.0,1
15.0,31.21,23.0,240.0,12.0,100.0,1
70.0,31.21,14.0,258.0,12.0,100.0,1
59.0,31.21,23.0,228.0,31.0,100.0,1
53.0,31.21,32.0,245.99999999999997,30.0,100.0,1
17.0,31.21,9.0,245.99999999999997,8.0,100.0,1
61.0,31.21,20.0,234.0,24.0,100.0,1
54.0,31.21,26.0,245.99999999999997,53.0,100.0,2
32.0,31.21,21.0,228.0,28.0,100.0,1
38.0,31.21,21.0,258.0,15.0,100.0,1
64.0,31.21,13.0,234.0,6.0,100.0,1
52.0,31.21,12.0,264.0,19.0,100.0,1
24.0,31.21,9.0,222.0,14.0,100.0,1
71.0,31.21,18.0,222.0,12.0,100.0,1
24.0,31.21,9.0,258.0,12.0,100.0,1
71.0,31.21,16.0,240.0,19.0,100.0,1
35.0,31.21,17.0,234.0,13.0,100.0,1
41.0,31.21,27.0,264.0,34.0,100.0,1
72.0,31.21,15.0,245.99999999999997,17.0,100.0,1
16.0,31.21,9.0,270.0,7.0,100.0,1
62.0,31.21,9.0,228.0,28.0,100.0,1
23.0,31.21,21.0,276.0,13.0,100.0,1
51.0,31.21,59.0,258.0,165.0,100.0,3
36.0,31.21,7.0,204.0,12.0,100.0,1
14.0,31.21,8.0,252.0,15.0,100.0,1
15.0,31.21,16.0,234.0,12.0,100.0,1
80.0,31.21,7.0,228.0,10.0,100.0,1
37.0,31.21,23.0,222.0,35.0,100.0,1
20.0,31.21,10.0,240.0,7.0,100.0,1
80.0,31.21,21.0,252.0,13.0,100.0,1
45.0,31.21,17.0,228.0,12.0,100.0,1
19.0,31.21,8.0,240.0,9.0,100.0,1
72.0,31.21,66.0,222.0,61.0,100.0,3
53.0,31.21,13.0,222.0,25.0,100.0,1
18.0,31.21,14.0,282.0,9.0,100.0,1
40.0,31.21,19.0,245.99999999999997,17.0,100.0,1
21.0,31.21,52.0,245.99999999999997,33.0,100.0,2
20.0,31.21,126.0,276.0,126.0,100.0,3
80.0,31.21,19.0,245.99999999999997,15.0,100.0,1
67.0,31.21,9.0,222.0,24.0,100.0,1
80.0,31.21,17.0,264.0,35.0,100.0,1
14.0,31.21,17.0,252.0,14.0,100.0,1
73.0,31.21,25.0,245.99999999999997,18.0,100.0,1
15.0,31.21,93.0,264.0,86.0,100.0,3
20.0,31.21,9.0,156.0,6.0,100.0,1
24.0,31.21,20.0,270.0,18.0,100.0,1
69.0,31.21,33.0,222.0,20.0,100.0,1
73.0,31.21,26.0,245.99999999999997,24.0,100.0,1
70.0,31.21,23.0,252.0,21.0,100.0,1
16.0,31.21,19.0,186.0,8.0,100.0,1
22.0,31.21,21.0,234.0,10.0,100.0,1
66.0,31.21,24.0,245.99999999999997,17.0,100.0,1
35.0,31.21,21.0,264.0,77.0,100.0,2
28.0,31.21,23.0,240.0,15.0,100.0,1
45.0,31.21,14.0,222.0,15.0,100.0,1
58.0,31.21,27.0,252.0,22.0,100.0,1
14.0,31.21,11.0,258.0,9.0,100.0,1
67.0,31.21,15.0,234.0,12.0,100.0,1
72.0,31.21,13.0,245.99999999999997,16.0,100.0,1
69.0,31.21,18.0,245.99999999999997,18.0,100.0,1
46.0,31.21,46.0,240.0,129.0,100.0,3
75.0,31.21,16.0,234.0,13.0,100.0,1
15.0,31.21,8.0,276.0,7.0,100.0,1
19.0,31.21,11.0,245.99999999999997,8.0,100.0,1
36.0,31.21,31.0,252.0,20.0,100.0,1
36.0,31.21,21.0,288.0,13.0,100.0,1
62.0,31.21,28.0,264.0,18.0,100.0,1
14.0,31.21,11.0,240.0,8.0,100.0,1
80.0,31.21,12.0,198.0,39.0,100.0,1
61.0,31.21,21.0,228.0,65.0,100.0,2
54.0,31.21,13.0,245.99999999999997,17.0,100.0,1
70.0,31.21,28.0,258.0,23.0,100.0,1
14.0,31.21,12.0,258.0,8.0,100.0,1
36.0,31.21,30.0,258.0,56.0,100.0,2
19.0,31.21,12.0,288.0,13.0,100.0,1
67.0,31.21,20.0,222.0,25.0,100.0,1
19.0,31.21,43.0,204.0,29.0,100.0,2
80.0,31.21,6.0,192.0,7.0,100.0,1
67.0,31.21,16.0,234.0,22.0,100.0,1
42.0,31.21,10.0,210.0,27.0,100.0,1
40.0,31.21,50.0,258.0,19.0,100.0,2
16.0,31.21,22.0,258.0,17.0,100.0,1
60.0,31.21,19.0,258.0,49.0,100.0,2
80.0,31.21,8.0,234.0,33.0,100.0,1
66.0,31.21,8.0,252.0,27.0,100.0,1
12.0,31.21,11.0,282.0,19.0,100.0,1
67.0,31.21,18.0,245.99999999999997,15.0,100.0,1
77.0,31.21,123.0,240.0,85.0,100.0,3
68.0,31.21,24.0,240.0,27.0,100.0,1
70.0,31.21,24.0,234.0,18.0,100.0,1
54.0,31.21,36.0,245.99999999999997,49.0,100.0,2
48.0,31.21,25.0,228.0,12.0,100.0,1
27.0,31.21,7.0,300.0,19.0,100.0,1
56.0,31.21,23.0,234.0,37.0,100.0,1
58.0,31.21,37.0,252.0,33.0,100.0,1
78.0,31.21,14.0,216.0,17.0,100.0,1
20.0,31.21,25.0,245.99999999999997,13.0,100.0,1
45.0,31.21,32.0,264.0,51.0,100.0,2
60.0,31.21,10.0,228.0,14.0,100.0,1
71.0,31.21,6.0,216.0,17.0,100.0,1
19.0,31.21,11.0,258.0,9.0,100.0,1
19.0,31.21,17.0,245.99999999999997,18.0,100.0,1
50.0,31.21,42.0,240.0,13.0,100.0,2
15.0,31.21,14.0,258.0,23.0,100.0,1
80.0,31.21,18.0,258.0,14.0,100.0,1
17.0,31.21,13.0,270.0,10.0,100.0,1
51.0,31.21,11.0,245.99999999999997,13.0,100.0,1
35.0,31.21,13.0,240.0,34.0,100.0,1
33.0,31.21,12.0,270.0,10.0,100.0,1
20.0,31.21,10.0,240.0,12.0,100.0,1
41.0,31.21,14.0,252.0,24.0,100.0,1
39.0,31.21,18.0,276.0,15.0,100.0,1
52.0,31.21,12.0,222.0,19.0,100.0,1
33.0,31.21,7.0,240.0,10.0,100.0,1
68.0,31.21,24.0,282.0,18.0,100.0,1
45.0,31.21,17.0,222.0,15.0,100.0,1
40.0,31.21,43.0,234.0,24.0,100.0,2
58.0,31.21,31.0,228.0,24.0,100.0,1
17.0,31.21,53.0,264.0,18.0,100.0,2
37.0,31.21,101.0,245.99999999999997,240.0,100.0,3
56.0,31.21,12.0,234.0,15.0,100.0,1
14.0,31.21,10.0,264.0,13.0,100.0,1
12.0,31.21,40.0,222.0,17.0,100.0,1
42.0,31.21,14.0,228.0,12.0,100.0,1
46.0,31.21,25.0,252.0,19.0,100.0,1
50.0,31.21,16.0,264.0,22.0,100.0,1
25.0,31.21,22.0,252.0,14.0,100.0,1
12.0,31.21,9.0,245.99999999999997,7.0,100.0,1
80.0,31.21,18.0,252.0,16.0,100.0,1
15.0,31.21,12.0,252.0,21.0,100.0,1
65.0,31.21,15.0,222.0,41.0,100.0,1
39.0,31.21,28.0,228.0,41.0,100.0,1
19.0,31.21,30.0,288.0,25.0,100.0,1
36.0,31.21,65.0,228.0,22.0,100.0,2
60.0,31.21,26.0,252.0,11.0,100.0,1
30.0,31.21,16.0,252.0,17.0,100.0,1
42.0,31.21,24.0,234.0,33.0,100.0,1
25.0,31.21,9.0,258.0,7.0,100.0,1
26.0,31.21,19.0,204.0,23.0,100.0,1
61.0,31.21,13.0,204.0,39.0,100.0,1
58.0,31.21,9.0,228.0,14.0,100.0,1
73.0,31.21,38.0,228.0,130.0,100.0,2
20.0,31.21,8.0,276.0,12.0,100.0,1
80.0,31.21,9.0,276.0,16.0,100.0,1
51.0,31.21,13.0,222.0,12.0,100.0,1
30.0,31.21,37.0,258.0,43.0,100.0,1
24.0,31.21,11.0,216.0,8.0,100.0,1
17.0,31.21,27.0,234.0,15.0,100.0,1
43.0,31.21,45.0,228.0,236.0,100.0,3
32.0,31.21,32.0,240.0,33.0,100.0,1
28.0,31.21,14.0,270.0,18.0,100.0,1
42.0,31.21,25.0,240.0,22.0,100.0,1
30.0,31.21,14.0,258.0,10.0,100.0,1
16.0,31.21,12.0,258.0,9.0,100.0,1
52.0,31.21,10.0,228.0,34.0,100.0,1
22.0,31.21,46.0,240.0,13.0,100.0,2
19.0,31.21,16.0,228.0,13.0,100.0,1
69.0,31.21,17.0,252.0,14.0,100.0,1
80.0,31.21,14.0,264.0,17.0,100.0,1
25.0,31.21,10.0,270.0,13.0,100.0,1
68.0,31.21,9.0,222.0,18.0,100.0,1
13.0,31.21,15.0,264.0,15.0,100.0,1
69.0,31.21,18.0,228.0,17.0,100.0,1
18.0,31.21,15.0,245.99999999999997,26.0,100.0,1
58.0,31.21,14.0,264.0,14.0,100.0,1
18.0,31.21,10.0,162.0,8.0,100.0,1
18.0,31.21,9.0,276.0,11.0,100.0,1
79.0,31.21,26.0,245.99999999999997,28.0,100.0,1
38.0,31.21,12.0,276.0,12.0,100.0,1
30.0,31.21,22.0,240.0,12.0,100.0,1
37.0,31.21,12.0,186.0,21.0,100.0,1
58.0,31.21,27.0,234.0,14.0,100.0,1
80.0,31.21,22.0,234.0,23.0,100.0,1
67.0,31.21,19.0,216.0,21.0,100.0,1
65.0,31.21,12.0,234.0,10.0,100.0,1
16.0,31.21,14.0,264.0,10.0,100.0,1
40.0,31.21,33.0,258.0,52.0,100.0,2
62.0,31.21,18.0,234.0,18.0,100.0,1
24.0,31.21,56.0,252.0,24.0,100.0,2
37.0,31.21,41.0,300.0,48.0,100.0,2
75.0,31.21,18.0,264.0,27.0,100.0,1
14.0,31.21,59.0,270.0,74.0,100.0,3
29.0,31.21,17.0,240.0,17.0,100.0,1
12.0,31.21,10.0,258.0,9.0,100.0,1
16.0,31.21,15.0,270.0,7.0,100.0,1
30.0,31.21,35.0,222.0,18.0,100.0,1
59.0,31.21,23.0,240.0,31.0,100.0,1
45.0,31.21,9.0,240.0,12.0,100.0,1
51.0,31.21,21.0,258.0,42.0,100.0,1
16.0,31.21,13.0,270.0,14.0,100.0,1
54.0,31.21,682.0,234.0,110.0,100.0,3
29.0,31.21,11.0,270.0,10.0,100.0,1
66.0,31.21,15.0,245.99999999999997,14.0,100.0,1
70.0,31.21,12.0,228.0,22.0,100.0,1
36.0,31.21,7.0,228.0,6.0,100.0,1
80.0,31.21,18.0,222.0,39.0,100.0,1
19.0,31.21,10.0,258.0,18.0,100.0,1
29.0,31.21,9.0,204.0,18.0,100.0,1
70.0,31.21,28.0,222.0,26.0,100.0,1
22.0,31.21,118.0,240.0,33.0,100.0,2
33.0,31.21,10.0,258.0,20.0,100.0,1
32.0,31.21,16.0,234.0,19.0,100.0,1
41.0,31.21,10.0,252.0,23.0,100.0,1
80.0,31.21,15.0,245.99999999999997,28.0,100.0,1
40.0,31.21,69.0,228.0,269.0,100.0,3
19.0,31.21,9.0,252.0,33.0,100.0,1
33.0,31.21,13.0,228.0,20.0,100.0,1
55.0,31.21,13.0,258.0,13.0,100.0,1
19.0,31.21,19.0,288.0,16.0,100.0,1
53.0,31.21,15.0,228.0,34.0,100.0,1
18.0,31.21,41.0,252.0,42.0,100.0,2
29.0,31.21,23.0,204.0,22.0,100.0,1
57.0,31.21,25.0,228.0,20.0,100.0,1
53.0,31.21,32.0,192.0,43.0,100.0,1
19.0,31.21,90.0,276.0,40.0,100.0,2
41.0,31.21,27.0,234.0,29.0,100.0,1
16.0,31.21,28.0,294.0,49.0,100.0,2
14.0,31.21,14.0,270.0,7.0,100.0,1
61.0,31.21,23.0,228.0,14.0,100.0,1
34.0,31.21,21.0,288.0,24.0,100.0,1
16.0,31.21,9.0,270.0,9.0,100.0,1
62.0,31.21,19.0,270.0,27.0,100.0,1
13.0,31.21,11.0,228.0,9.0,100.0,1
33.0,31.21,34.0,258.0,22.0,100.0,1
45.0,31.21,6.0,252.0,14.0,100.0,1
30.0,31.21,9.0,216.0,15.0,100.0,1
18.0,31.21,9.0,245.99999999999997,10.0,100.0,1
56.0,31.21,29.0,216.0,25.0,100.0,1
56.0,31.21,13.0,240.0,16.0,100.0,1
36.0,31.21,12.0,228.0,8.0,100.0,1
60.0,31.21,13.0,252.0,14.0,100.0,1
36.0,31.21,10.0,245.99999999999997,13.0,100.0,1
28.0,31.21,12.0,282.0,11.0,100.0,1
34.0,31.21,38.0,270.0,23.0,100.0,1
16.0,31.21,32.0,245.99999999999997,25.0,100.0,1
20.0,31.21,24.0,282.0,10.0,100.0,1
16.0,31.21,11.0,276.0,11.0,100.0,1
31.0,31.21,29.0,270.0,105.0,100.0,2
67.0,31.21,17.0,216.0,16.0,100.0,1
62.0,31.21,9.0,234.0,12.0,100.0,1
53.0,31.21,29.0,252.0,71.0,100.0,2
66.0,31.21,26.0,240.0,22.0,100.0,1
75.0,31.21,3.0,222.0,13.0,100.0,1
23.0,31.21,10.0,240.0,20.0,100.0,1
75.0,31.21,21.0,270.0,20.0,100.0,1
72.0,31.21,11.0,216.0,11.0,100.0,1
23.0,31.21,20.0,198.0,7.0,100.0,1
80.0,31.21,23.0,240.0,32.0,100.0,1
39.0,31.21,36.0,252.0,33.0,100.0,1
57.0,31.21,14.0,245.99999999999997,10.0,100.0,1
68.0,31.21,11.0,234.0,13.0,100.0,1
63.0,31.21,8.0,240.0,17.0,100.0,1
70.0,31.21,29.0,282.0,22.0,100.0,1
23.0,31.21,11.0,252.0,19.0,100.0,1
17.0,31.21,24.0,240.0,12.0,100.0,1
21.0,31.21,13.0,228.0,8.0,100.0,1
23.0,31.21,31.0,252.0,34.0,100.0,1
17.0,31.21,9.0,258.0,10.0,100.0,1
45.0,31.21,18.0,240.0,21.0,100.0,1
69.0,31.21,16.0,258.0,24.0,100.0,1
24.0,31.21,12.0,234.0,13.0,100.0,1
61.0,31.21,28.0,258.0,18.0,100.0,1
36.0,31.21,14.0,222.0,21.0,100.0,1
33.0,31.21,9.0,240.0,8.0,100.0,1
15.0,31.21,16.0,276.0,17.0,100.0,1
16.0,31.21,19.0,245.99999999999997,11.0,100.0,1
31.0,31.21,21.0,264.0,18.0,100.0,1
69.0,31.21,17.0,264.0,14.0,100.0,1
45.0,31.21,29.0,252.0,39.0,100.0,1
75.0,31.21,14.0,240.0,32.0,100.0,1
53.0,31.21,15.0,252.0,21.0,100.0,1
71.0,31.21,8.0,245.99999999999997,37.0,100.0,1
70.0,31.21,25.0,270.0,31.0,100.0,1
18.0,31.21,13.0,210.0,21.0,100.0,1
21.0,31.21,19.0,252.0,16.0,100.0,1
24.0,31.21,13.0,204.0,11.0,100.0,1
76.0,31.21,24.0,264.0,22.0,100.0,1
38.0,31.21,10.0,252.0,13.0,100.0,1
24.0,31.21,18.0,210.0,13.0,100.0,1
30.0,31.21,31.0,245.99999999999997,19.0,100.0,1
55.0,31.21,33.0,270.0,47.0,100.0,1
77.0,31.21,8.0,240.0,9.0,100.0,1
50.0,31.21,15.0,252.0,20.0,100.0,1
43.0,31.21,35.0,276.0,38.0,100.0,1
14.0,31.21,14.0,245.99999999999997,18.0,100.0,1
46.0,31.21,14.0,252.0,6.0,100.0,1
50.0,31.21,24.0,228.0,25.0,100.0,1
68.0,31.21,17.0,240.0,18.0,100.0,1
61.0,31.21,17.0,252.0,28.0,100.0,1
62.0,31.21,23.0,245.99999999999997,23.0,100.0,1
46.0,31.21,122.0,234.0,2394.0,100.0,3
30.0,31.21,39.0,258.0,20.0,100.0,1
80.0,31.21,30.0,258.0,20.0,100.0,1
75.0,31.21,32.0,228.0,64.0,100.0,2
57.0,31.21,19.0,258.0,17.0,100.0,1
33.0,31.21,52.0,245.99999999999997,56.0,100.0,3
62.0,31.21,23.0,228.0,15.0,100.0,1
37.0,31.21,8.0,264.0,12.0,100.0,1
25.0,31.21,12.0,180.0,10.0,100.0,1
50.0,31.21,9.0,234.0,18.0,100.0,1
12.0,31.21,11.0,270.0,12.0,100.0,1
17.0,31.21,11.0,222.0,15.0,100.0,1
68.0,31.21,31.0,276.0,20.0,100.0,1
35.0,31.21,18.0,210.0,14.0,100.0,1
15.0,31.21,8.0,270.0,10.0,100.0,1
67.0,31.21,41.0,245.99999999999997,29.0,100.0,2
45.0,31.21,20.0,270.0,61.0,100.0,2
31.0,31.21,17.0,245.99999999999997,15.0,100.0,1
35.0,31.21,13.0,258.0,11.0,100.0,1
65.0,31.21,15.0,240.0,56.0,100.0,2
42.0,31.21,23.0,252.0,11.0,100.0,1
67.0,31.21,19.0,240.0,28.0,100.0,1
23.0,31.21,18.0,252.0,14.0,100.0,1
23.0,31.21,11.0,276.0,7.0,100.0,1
13.0,31.21,12.0,282.0,17.0,100.0,1
60.0,31.21,15.0,276.0,18.0,100.0,1
66.0,31.21,17.0,252.0,12.0,100.0,1
80.0,31.21,10.0,222.0,22.0,100.0,1
27.0,31.21,14.0,204.0,18.0,100.0,1
44.0,31.21,10.0,258.0,10.0,100.0,1
61.0,31.21,21.0,222.0,36.0,100.0,1
47.0,31.21,24.0,252.0,25.0,100.0,1
49.0,31.21,29.0,234.0,25.0,100.0,1
13.0,31.21,9.0,245.99999999999997,9.0,100.0,1
72.0,31.21,16.0,240.0,20.0,100.0,1
33.0,31.21,33.0,258.0,39.0,100.0,1
23.0,31.21,28.0,234.0,24.0,100.0,1
72.0,31.21,15.0,252.0,23.0,100.0,1
29.0,31.21,105.0,264.0,69.0,100.0,3
47.0,31.21,17.0,234.0,22.0,100.0,1
12.0,31.21,8.0,240.0,14.0,100.0,1
66.0,31.21,14.0,234.0,22.0,100.0,1
30.0,31.21,29.0,258.0,71.0,100.0,2
80.0,31.21,14.0,216.0,13.0,100.0,1
66.0,31.21,18.0,222.0,20.0,100.0,1
52.0,31.21,18.0,258.0,65.0,100.0,2
33.0,31.21,14.0,245.99999999999997,15.0,100.0,1
17.0,31.21,15.0,276.0,11.0,100.0,1
54.0,31.21,21.0,240.0,29.0,100.0,1
58.0,31.21,15.0,252.0,11.0,100.0,1
29.0,31.21,24.0,234.0,25.0,100.0,1
14.0,31.21,8.0,258.0,8.0,100.0,1
37.0,31.21,15.0,258.0,13.0,100.0,1
41.0,31.21,9.0,216.0,22.0,100.0,1
55.0,31.21,12.0,222.0,16.0,100.0,1
66.0,31.21,16.0,240.0,24.0,100.0,1
41.0,31.21,10.0,240.0,15.0,100.0,1
80.0,31.21,20.0,258.0,28.0,100.0,1
23.0,31.21,35.0,240.0,44.0,100.0,1
15.0,31.21,71.0,240.0,37.0,100.0,2
52.0,31.21,12.0,240.0,14.0,100.0,1
61.0,31.21,16.0,264.0,30.0,100.0,1
67.0,31.21,26.0,234.0,9.0,100.0,1
16.0,31.21,12.0,245.99999999999997,11.0,100.0,1
65.0,31.21,25.0,258.0,50.0,100.0,2
80.0,31.21,17.0,245.99999999999997,20.0,100.0,1
68.0,31.21,19.0,168.0,17.0,100.0,1
48.0,31.21,31.0,245.99999999999997,57.0,100.0,2
43.0,31.21,17.0,258.0,19.0,100.0,1
20.0,31.21,15.0,204.0,12.0,100.0,1
33.0,31.21,33.0,252.0,31.0,100.0,1
23.0,31.21,15.0,222.0,11.0,100.0,1
75.0,31.21,12.0,216.0,17.0,100.0,1
28.0,31.21,10.0,264.0,13.0,100.0,1
34.0,31.21,63.0,252.0,37.0,100.0,2
58.0,31.21,15.0,258.0,16.0,100.0,1
69.0,31.21,18.0,258.0,23.0,100.0,1
35.0,31.21,96.0,245.99999999999997,26.0,100.0,2
18.0,31.21,14.0,276.0,15.0,100.0,1
64.0,31.21,22.0,252.0,14.0,100.0,1
58.0,31.21,21.0,245.99999999999997,14.0,100.0,1
16.0,31.21,17.0,270.0,14.0,100.0,1
17.0,31.21,13.0,234.0,23.0,100.0,1
70.0,31.21,28.0,300.0,36.0,100.0,1
59.0,31.21,23.0,245.99999999999997,17.0,100.0,1
61.0,31.21,17.0,228.0,38.0,100.0,1
40.0,31.21,26.0,228.0,19.0,100.0,1
19.0,31.21,11.0,252.0,29.0,100.0,1
40.0,31.21,27.0,252.0,26.0,100.0,1
17.0,31.21,22.0,240.0,12.0,100.0,1
47.0,31.21,28.0,240.0,18.0,100.0,1
61.0,31.21,17.0,258.0,88.0,100.0,2
55.0,31.21,8.0,240.0,46.0,100.0,1
64.0,31.21,25.0,276.0,44.0,100.0,1
52.0,31.21,27.0,252.0,127.0,100.0,2
61.0,31.21,18.0,228.0,21.0,100.0,1
22.0,31.21,19.0,270.0,21.0,100.0,1
68.0,31.21,20.0,282.0,28.0,100.0,1
62.0,31.21,11.0,240.0,19.0,100.0,1
72.0,31.21,13.0,245.99999999999997,12.0,100.0,1
34.0,31.21,14.0,186.0,17.0,100.0,1
37.0,31.21,9.0,234.0,9.0,100.0,1
60.0,31.21,17.0,228.0,19.0,100.0,1
75.0,31.21,23.0,222.0,81.0,100.0,2
12.0,31.21,8.0,240.0,11.0,100.0,1
42.0,31.21,13.0,234.0,20.0,100.0,1
26.0,31.21,18.0,276.0,35.0,100.0,1
71.0,31.21,22.0,252.0,32.0,100.0,1
17.0,31.21,9.0,198.0,14.0,100.0,1
14.0,31.21,14.0,252.0,15.0,100.0,1
15.0,31.21,15.0,258.0,10.0,100.0,1
64.0,31.21,20.0,258.0,9.0,100.0,1
52.0,31.21,11.0,216.0,20.0,100.0,1
65.0,31.21,17.0,245.99999999999997,15.0,100.0,1
33.0,31.21,20.0,258.0,11.0,100.0,1
37.0,31.21,24.0,245.99999999999997,35.0,100.0,1
61.0,31.21,25.0,240.0,44.0,100.0,1
13.0,31.21,11.0,234.0,10.0,100.0,1
76.0,31.21,15.0,240.0,13.0,100.0,1
72.0,31.21,11.0,210.0,10.0,100.0,1
21.0,31.21,33.0,228.0,38.0,100.0,1
19.0,31.21,9.0,264.0,11.0,100.0,1
76.0,31.21,13.0,210.0,13.0,100.0,1
50.0,31.21,10.0,245.99999999999997,18.0,100.0,1
50.0,31.21,38.0,240.0,35.0,100.0,1
23.0,31.21,26.0,264.0,35.0,100.0,1
63.0,31.21,26.0,252.0,22.0,100.0,1
22.0,31.21,9.0,282.0,11.0,100.0,1
24.0,31.21,9.0,258.0,13.0,100.0,1
54.0,31.21,24.0,228.0,14.0,100.0,1
12.0,31.21,9.0,228.0,12.0,100.0,1
66.0,31.21,35.0,245.99999999999997,24.0,100.0,1
78.0,31.21,7.0,240.0,22.0,100.0,1
65.0,31.21,19.0,240.0,27.0,100.0,1
72.0,31.21,19.0,245.99999999999997,29.0,100.0,1
58.0,31.21,16.0,228.0,23.0,100.0,1
13.0,31.21,11.0,270.0,11.0,100.0,1
53.0,31.21,9.0,210.0,13.0,100.0,1
59.0,31.21,22.0,240.0,22.0,100.0,1
80.0,31.21,10.0,288.0,34.0,100.0,1
80.0,31.21,17.0,240.0,13.0,100.0,1
21.0,31.21,16.0,288.0,31.0,100.0,1
23.0,31.21,8.0,270.0,6.0,100.0,1
17.0,31.21,12.0,245.99999999999997,8.0,100.0,1
43.0,31.21,24.0,252.0,47.0,100.0,1
61.0,31.21,17.0,234.0,27.0,100.0,1
45.0,31.21,12.0,234.0,26.0,100.0,1
60.0,31.21,19.0,234.0,22.0,100.0,1
15.0,31.21,8.0,222.0,10.0,100.0,1
31.0,31.21,20.0,240.0,13.0,100.0,1
23.0,31.21,9.0,270.0,11.0,100.0,1
25.0,31.21,57.0,245.99999999999997,26.0,100.0,2
62.0,31.21,16.0,258.0,45.0,100.0,1
80.0,31.21,20.0,234.0,45.0,100.0,1
24.0,31.21,12.0,234.0,14.0,100.0,1
50.0,31.21,20.0,234.0,42.0,100.0,1
80.0,31.21,11.0,245.99999999999997,13.0,100.0,1
62.0,31.21,14.0,245.99999999999997,12.0,100.0,1
34.0,31.21,24.0,270.0,41.0,100.0,1
62.0,31.21,29.0,264.0,20.0,100.0,1
58.0,31.21,23.0,252.0,134.0,100.0,2
78.0,31.21,38.0,258.0,85.0,100.0,2
17.0,31.21,10.0,240.0,9.0,100.0,1
37.0,31.21,19.0,210.0,28.0,100.0,1
65.0,31.21,23.0,240.0,47.0,100.0,1
61.0,31.21,20.0,258.0,12.0,100.0,1
18.0,31.21,10.0,264.0,23.0,100.0,1
61.0,31.21,14.0,228.0,31.0,100.0,1
27.0,31.21,8.0,240.0,9.0,100.0,1
58.0,31.21,9.0,245.99999999999997,18.0,100.0,1
33.0,31.21,28.0,270.0,58.0,100.0,2
67.0,31.21,23.0,252.0,16.0,100.0,1
30.0,31.21,56.0,270.0,55.0,100.0,3
16.0,31.21,22.0,252.0,21.0,100.0,1
19.0,31.21,16.0,252.0,25.0,100.0,1
77.0,31.21,10.0,240.0,11.0,100.0,1
51.0,31.21,12.0,222.0,24.0,100.0,1
32.0,31.21,12.0,264.0,14.0,100.0,1
26.0,31.21,12.0,276.0,14.0,100.0,1
42.0,31.21,39.0,240.0,27.0,100.0,1
51.0,31.21,11.0,252.0,14.0,100.0,1
50.0,31.21,21.0,228.0,64.0,100.0,2
52.0,31.21,33.0,234.0,48.0,100.0,1
28.0,31.21,29.0,228.0,32.0,100.0,1
22.0,31.21,20.0,252.0,8.0,100.0,1
22.0,31.21,20.0,258.0,9.0,100.0,1
72.0,31.21,15.0,276.0,44.0,100.0,1
23.0,31.21,26.0,270.0,27.0,100.0,1
78.0,31.21,14.0,228.0,27.0,100.0,1
54.0,31.21,28.0,245.99999999999997,18.0,100.0,1
23.0,31.21,100.0,240.0,56.0,100.0,3
52.0,31.21,17.0,222.0,24.0,100.0,1
19.0,31.21,8.0,228.0,10.0,100.0,1
45.0,31.21,15.0,258.0,22.0,100.0,1
55.0,31.21,28.0,258.0,16.0,100.0,1
59.0,31.21,13.0,126.0,184.0,100.0,2
59.0,31.21,12.0,198.0,26.0,100.0,1
12.0,31.21,10.0,234.0,7.0,100.0,1
55.0,31.21,8.0,258.0,11.0,100.0,1
27.0,31.21,14.0,264.0,8.0,100.0,1
72.0,31.21,16.0,234.0,40.0,100.0,1
19.0,31.21,13.0,276.0,14.0,100.0,1
62.0,31.21,10.0,240.0,20.0,100.0,1
47.0,31.21,16.0,270.0,15.0,100.0,1
61.0,31.21,11.0,222.0,10.0,100.0,1
21.0,31.21,17.0,245.99999999999997,15.0,100.0,1
58.0,31.21,10.0,228.0,20.0,100.0,1
40.0,31.21,10.0,252.0,15.0,100.0,1
80.0,31.21,11.0,228.0,17.0,100.0,1
54.0,31.21,22.0,240.0,16.0,100.0,1
18.0,31.21,41.0,258.0,15.0,100.0,2
51.0,31.21,9.0,216.0,30.0,100.0,1
20.0,31.21,48.0,245.99999999999997,26.0,100.0,2
18.0,31.21,15.0,264.0,17.0,100.0,1
61.0,31.21,21.0,258.0,14.0,100.0,1
54.0,31.21,16.0,258.0,10.0,100.0,1
24.0,31.21,15.0,240.0,15.0,100.0,1
46.0,31.21,62.0,264.0,58.0,100.0,3
41.0,31.21,34.0,240.0,28.0,100.0,1
69.0,31.21,23.0,245.99999999999997,17.0,100.0,1
67.0,31.21,8.0,252.0,15.0,100.0,1
59.0,31.21,10.0,234.0,11.0,100.0,1
80.0,31.21,9.0,240.0,22.0,100.0,1
37.0,31.21,33.0,264.0,39.0,100.0,1
43.0,31.21,22.0,240.0,36.0,100.0,1
60.0,31.21,70.0,252.0,23.0,100.0,2
39.0,31.21,26.0,252.0,35.0,100.0,1
45.0,31.21,43.0,258.0,41.0,100.0,2
30.0,31.21,15.0,222.0,16.0,100.0,1
64.0,31.21,26.0,240.0,12.0,100.0,1
32.0,31.21,19.0,228.0,24.0,100.0,1
25.0,31.21,19.0,245.99999999999997,29.0,100.0,1
40.0,31.21,12.0,210.0,20.0,100.0,1
38.0,31.21,30.0,234.0,57.0,100.0,2
31.0,31.21,12.0,222.0,9.0,100.0,1
64.0,31.21,29.0,240.0,81.0,100.0,2
18.0,31.21,17.0,252.0,14.0,100.0,1
55.0,31.21,29.0,210.0,15.0,100.0,1
17.0,31.21,8.0,252.0,11.0,100.0,1
17.0,31.21,60.0,294.0,22.0,100.0,2
13.0,31.21,15.0,252.0,14.0,100.0,1
64.0,31.21,24.0,245.99999999999997,13.0,100.0,1
50.0,31.21,53.0,245.99999999999997,15.0,100.0,2
28.0,31.21,25.0,234.0,28.0,100.0,1
46.0,31.21,8.0,228.0,15.0,100.0,1
12.0,31.21,17.0,264.0,14.0,100.0,1
32.0,31.21,41.0,228.0,33.0,100.0,2
73.0,31.21,18.0,240.0,33.0,100.0,1
62.0,31.21,20.0,270.0,22.0,100.0,1
38.0,31.21,8.0,258.0,10.0,100.0,1
26.0,31.21,116.0,276.0,310.0,100.0,3
55.0,31.21,52.0,264.0,39.0,100.0,2
59.0,31.21,11.0,240.0,27.0,100.0,1
21.0,31.21,11.0,240.0,13.0,100.0,1
58.0,31.21,27.0,245.99999999999997,27.0,100.0,1
33.0,31.21,30.0,264.0,25.0,100.0,1
16.0,31.21,10.0,258.0,13.0,100.0,1
70.0,31.21,28.0,240.0,13.0,100.0,1
19.0,31.21,13.0,192.0,5.0,100.0,1
53.0,31.21,13.0,240.0,11.0,100.0,1
44.0,31.21,80.0,288.0,95.0,100.0,3
31.0,31.21,26.0,245.99999999999997,25.0,100.0,1
59.0,31.21,19.0,240.0,33.0,100.0,1
70.0,31.21,23.0,216.0,22.0,100.0,1
55.0,31.21,9.0,240.0,11.0,100.0,1
12.0,31.21,17.0,252.0,15.0,100.0,1
21.0,31.21,115.0,234.0,64.0,100.0,3
32.0,31.21,15.0,252.0,21.0,100.0,1
76.0,31.21,19.0,264.0,24.0,100.0,1
80.0,31.21,10.0,240.0,18.0,100.0,1
45.0,31.21,21.0,276.0,53.0,100.0,2
37.0,31.21,65.0,252.0,25.0,100.0,2
62.0,31.21,11.0,198.0,13.0,100.0,1
42.0,31.21,9.0,186.0,15.0,100.0,1
71.0,31.21,9.0,228.0,17.0,100.0,1
65.0,31.21,28.0,204.0,82.0,100.0,2
55.0,31.21,17.0,258.0,15.0,100.0,1
56.0,31.21,22.0,222.0,29.0,100.0,1
28.0,31.21,15.0,258.0,13.0,100.0,1
56.0,31.21,57.0,245.99999999999997,33.0,100.0,2
37.0,31.21,17.0,222.0,12.0,100.0,1
63.0,31.21,18.0,264.0,38.0,100.0,1
19.0,31.21,18.0,258.0,13.0,100.0,1
80.0,31.21,8.0,204.0,33.0,100.0,1
67.0,31.21,14.0,192.0,35.0,100.0,1
68.0,31.21,18.0,252.0,33.0,100.0,1
61.0,31.21,19.0,234.0,36.0,100.0,1
13.0,31.21,12.0,252.0,16.0,100.0,1
42.0,31.21,16.0,240.0,11.0,100.0,1
63.0,31.21,11.0,252.0,29.0,100.0,1
29.0,31.21,21.0,228.0,15.0,100.0,1
72.0,31.21,39.0,264.0,40.0,100.0,1
24.0,31.21,40.0,270.0,42.0,100.0,1
64.0,31.21,16.0,228.0,21.0,100.0,1
15.0,31.21,11.0,276.0,10.0,100.0,1
49.0,31.21,30.0,240.0,21.0,100.0,1
80.0,31.21,33.0,252.0,24.0,100.0,1
39.0,31.21,18.0,245.99999999999997,10.0,100.0,1
57.0,31.21,18.0,276.0,19.0,100.0,1
76.0,31.21,26.0,264.0,19.0,100.0,1
80.0,31.21,29.0,234.0,27.0,100.0,1
23.0,31.21,59.0,264.0,52.0,100.0,3
60.0,31.21,25.0,240.0,26.0,100.0,1
34.0,31.21,46.0,264.0,42.0,100.0,2
32.0,31.21,25.0,264.0,20.0,100.0,1
38.0,31.21,16.0,240.0,8.0,100.0,1
47.0,31.21,24.0,245.99999999999997,34.0,100.0,1
80.0,31.21,12.0,192.0,12.0,100.0,1
27.0,31.21,15.0,276.0,23.0,100.0,1
48.0,31.21,17.0,240.0,9.0,100.0,1
79.0,31.21,13.0,276.0,13.0,100.0,1
34.0,31.21,11.0,228.0,33.0,100.0,1
53.0,31.21,14.0,270.0,32.0,100.0,1
13.0,31.21,4.0,245.99999999999997,9.0,100.0,1
67.0,31.21,18.0,228.0,172.0,100.0,2
41.0,31.21,27.0,258.0,29.0,100.0,1
20.0,31.21,18.0,240.0,18.0,100.0,1
80.0,31.21,20.0,276.0,18.0,100.0,1
40.0,31.21,18.0,264.0,17.0,100.0,1
14.0,31.21,9.0,258.0,25.0,100.0,1
54.0,31.21,15.0,258.0,24.0,100.0,1
68.0,31.21,21.0,210.0,36.0,100.0,1
60.0,31.21,122.0,245.99999999999997,300.0,100.0,3
78.0,31.21,21.0,245.99999999999997,21.0,100.0,1
20.0,31.21,16.0,264.0,28.0,100.0,1
80.0,31.21,14.0,240.0,9.0,100.0,1
12.0,31.21,8.0,240.0,8.0,100.0,1
65.0,31.21,27.0,228.0,33.0,100.0,1
15.0,31.21,7.0,258.0,11.0,100.0,1
20.0,31.21,13.0,240.0,10.0,100.0,1
46.0,31.21,22.0,234.0,24.0,100.0,1
19.0,31.21,58.0,264.0,42.0,100.0,2
49.0,31.21,17.0,222.0,19.0,100.0,1
68.0,31.21,14.0,240.0,16.0,100.0,1
57.0,31.21,14.0,210.0,24.0,100.0,1
45.0,31.21,13.0,180.0,8.0,100.0,1
45.0,31.21,13.0,252.0,18.0,100.0,1
21.0,31.21,128.0,270.0,47.0,100.0,2
29.0,31.21,33.0,264.0,26.0,100.0,1
71.0,31.21,21.0,270.0,13.0,100.0,1
26.0,31.21,29.0,234.0,32.0,100.0,1
38.0,31.21,41.0,270.0,37.0,100.0,2
36.0,31.21,26.0,245.99999999999997,89.0,100.0,2
54.0,31.21,15.0,245.99999999999997,43.0,100.0,1
80.0,31.21,9.0,252.0,11.0,100.0,1
55.0,31.21,19.0,234.0,42.0,100.0,1
54.0,31.21,27.0,270.0,31.0,100.0,1
15.0,31.21,9.0,252.0,9.0,100.0,1
39.0,31.21,12.0,204.0,27.0,100.0,1
71.0,31.21,17.0,240.0,26.0,100.0,1
58.0,31.21,20.0,240.0,20.0,100.0,1
53.0,31.21,26.0,234.0,22.0,100.0,1
12.0,31.21,14.0,240.0,11.0,100.0,1
55.0,31.21,23.0,234.0,24.0,100.0,1
55.0,31.21,34.0,245.99999999999997,46.0,100.0,1
53.0,31.21,11.0,245.99999999999997,19.0,100.0,1
32.0,31.21,38.0,294.0,25.0,100.0,1
80.0,31.21,9.0,216.0,18.0,100.0,1
15.0,31.21,22.0,240.0,25.0,100.0,1
36.0,31.21,18.0,222.0,21.0,100.0,1
80.0,31.21,14.0,234.0,10.0,100.0,1
42.0,31.21,23.0,252.0,26.0,100.0,1
38.0,31.21,22.0,228.0,30.0,100.0,1
29.0,31.21,18.0,186.0,23.0,100.0,1
19.0,31.21,21.0,300.0,12.0,100.0,1
36.0,31.21,10.0,222.0,16.0,100.0,1
74.0,31.21,28.0,300.0,32.0,100.0,1
62.0,31.21,12.0,210.0,13.0,100.0,1
16.0,31.21,8.0,264.0,23.0,100.0,1
20.0,31.21,41.0,234.0,27.0,100.0,2
61.0,31.21,37.0,258.0,89.0,100.0,2
63.0,31.21,13.0,245.99999999999997,28.0,100.0,1
13.0,31.21,22.0,252.0,13.0,100.0,1
65.0,31.21,13.0,216.0,22.0,100.0,1
66.0,31.21,20.0,252.0,14.0,100.0,1
32.0,31.21,24.0,276.0,32.0,100.0,1
80.0,31.21,134.0,228.0,21.0,100.0,2
40.0,31.21,26.0,222.0,54.0,100.0,2
31.0,31.21,11.0,252.0,18.0,100.0,1
19.0,31.21,28.0,240.0,20.0,100.0,1
64.0,31.21,27.0,264.0,20.0,100.0,1
63.0,31.21,16.0,245.99999999999997,46.0,100.0,1
12.0,31.21,13.0,264.0,12.0,100.0,1
67.0,31.21,19.0,216.0,155.0,100.0,2
12.0,31.21,45.0,264.0,23.0,100.0,2
70.0,31.21,17.0,245.99999999999997,32.0,100.0,1
74.0,31.21,16.0,198.0,16.0,100.0,1
12.0,31.21,12.0,245.99999999999997,15.0,100.0,1
47.0,31.21,21.0,245.99999999999997,26.0,100.0,1
54.0,31.21,58.0,240.0,460.0,100.0,3
22.0,31.21,16.0,234.0,32.0,100.0,1
30.0,31.21,25.0,234.0,12.0,100.0,1
56.0,31.21,27.0,264.0,24.0,100.0,1
40.0,31.21,9.0,240.0,14.0,100.0,1
21.0,31.21,26.0,245.99999999999997,48.0,100.0,1
49.0,31.21,60.0,252.0,64.0,100.0,3
13.0,31.21,15.0,234.0,11.0,100.0,1
54.0,31.21,12.0,252.0,11.0,100.0,1
56.0,31.21,11.0,222.0,22.0,100.0,1
64.0,31.21,8.0,258.0,8.0,100.0,1
47.0,31.21,15.0,234.0,15.0,100.0,1
70.0,31.21,16.0,245.99999999999997,15.0,100.0,1
51.0,31.21,8.0,258.0,9.0,100.0,1
79.0,31.21,14.0,222.0,11.0,100.0,1
71.0,31.21,10.0,198.0,31.0,100.0,1
60.0,31.21,22.0,222.0,176.0,100.0,2
66.0,31.21,19.0,240.0,23.0,100.0,1
23.0,31.21,39.0,252.0,35.0,100.0,1
40.0,31.21,21.0,245.99999999999997,23.0,100.0,1
13.0,31.21,16.0,222.0,13.0,100.0,1
20.0,31.21,34.0,306.0,92.0,100.0,2
14.0,31.21,12.0,252.0,8.0,100.0,1
59.0,31.21,27.0,252.0,47.0,100.0,1
31.0,31.21,18.0,258.0,12.0,100.0,1
13.0,31.21,11.0,234.0,6.0,100.0,1
80.0,31.21,22.0,228.0,149.0,100.0,2
58.0,31.21,59.0,252.0,41.0,100.0,2
56.0,31.21,26.0,245.99999999999997,42.0,100.0,1
52.0,31.21,13.0,245.99999999999997,17.0,100.0,1
29.0,31.21,26.0,270.0,26.0,100.0,1
75.0,31.21,13.0,240.0,7.0,100.0,1
53.0,31.21,13.0,216.0,29.0,100.0,1
60.0,31.21,23.0,245.99999999999997,31.0,100.0,1
60.0,31.21,30.0,240.0,23.0,100.0,1
80.0,31.21,24.0,245.99999999999997,23.0,100.0,1
80.0,31.21,53.0,210.0,46.0,100.0,2
72.0,31.21,25.0,245.99999999999997,18.0,100.0,1
38.0,31.21,12.0,240.0,13.0,100.0,1
80.0,31.21,13.0,264.0,11.0,100.0,1
55.0,31.21,66.0,240.0,37.0,100.0,2
30.0,31.21,16.0,234.0,24.0,100.0,1
61.0,31.21,19.0,252.0,12.0,100.0,1
42.0,31.21,10.0,252.0,13.0,100.0,1
76.0,31.21,14.0,270.0,23.0,100.0,1
32.0,31.21,12.0,258.0,11.0,100.0,1
26.0,31.21,28.0,252.0,18.0,100.0,1
56.0,31.21,16.0,258.0,21.0,100.0,1
13.0,31.21,11.0,240.0,8.0,100.0,1
13.0,31.21,12.0,282.0,12.0,100.0,1
65.0,31.21,28.0,234.0,24.0,100.0,1
61.0,31.21,19.0,245.99999999999997,27.0,100.0,1
66.0,31.21,9.0,258.0,19.0,100.0,1
54.0,31.21,13.0,258.0,14.0,100.0,1
17.0,31.21,45.0,240.0,19.0,100.0,2
70.0,31.21,11.0,240.0,10.0,100.0,1
66.0,31.21,10.0,294.0,16.0,100.0,1
14.0,31.21,14.0,276.0,17.0,100.0,1
12.0,31.21,9.0,245.99999999999997,13.0,100.0,1
75.0,31.21,11.0,234.0,14.0,100.0,1
32.0,31.21,32.0,252.0,71.0,100.0,2
41.0,31.21,12.0,204.0,15.0,100.0,1
24.0,31.21,7.0,282.0,8.0,100.0,1
12.0,31.21,14.0,252.0,7.0,100.0,1
35.0,31.21,31.0,252.0,43.0,100.0,1
61.0,31.21,21.0,264.0,83.0,100.0,2
18.0,31.21,12.0,228.0,12.0,100.0,1
41.0,31.21,28.0,318.0,30.0,100.0,1
24.0,31.21,46.0,270.0,13.0,100.0,2
69.0,31.21,21.0,288.0,22.0,100.0,1
70.0,31.21,22.0,240.0,21.0,100.0,1
53.0,31.21,17.0,240.0,13.0,100.0,1
62.0,31.21,43.0,245.99999999999997,47.0,100.0,2
39.0,31.21,6.0,234.0,10.0,100.0,1
51.0,31.21,56.0,240.0,85.0,100.0,3
22.0,31.21,13.0,228.0,14.0,100.0,1
14.0,31.21,9.0,252.0,10.0,100.0,1
44.0,31.21,23.0,252.0,33.0,100.0,1
60.0,31.21,30.0,240.0,147.0,100.0,2
43.0,31.21,41.0,180.0,410.0,100.0,3
63.0,31.21,27.0,222.0,159.0,100.0,2
64.0,31.21,19.0,240.0,26.0,100.0,1
22.0,31.21,8.0,245.99999999999997,7.0,100.0,1
67.0,31.21,37.0,228.0,38.0,100.0,1
41.0,31.21,50.0,245.99999999999997,31.0,100.0,2
66.0,31.21,15.0,240.0,16.0,100.0,1
80.0,31.21,25.0,264.0,27.0,100.0,1
22.0,31.21,16.0,228.0,14.0,100.0,1
46.0,31.21,25.0,270.0,18.0,100.0,1
50.0,31.21,25.0,216.0,94.0,100.0,2
28.0,31.21,27.0,234.0,49.0,100.0,2
80.0,31.21,11.0,216.0,11.0,100.0,1
55.0,31.21,13.0,210.0,15.0,100.0,1
23.0,31.21,12.0,252.0,12.0,100.0,1
62.0,31.21,14.0,222.0,26.0,100.0,1
80.0,31.21,13.0,228.0,35.0,100.0,1
68.0,31.21,18.0,252.0,35.0,100.0,1
14.0,31.21,20.0,222.0,16.0,100.0,1
61.0,31.21,20.0,222.0,31.0,100.0,1
63.0,31.21,49.0,240.0,79.0,100.0,3
17.0,31.21,16.0,276.0,20.0,100.0,1
67.0,31.21,17.0,252.0,9.0,100.0,1
68.0,31.21,21.0,240.0,21.0,100.0,1
25.0,31.21,14.0,252.0,21.0,100.0,1
13.0,31.21,16.0,270.0,10.0,100.0,1
33.0,31.21,119.0,264.0,126.0,100.0,3
34.0,31.21,44.0,276.0,150.0,100.0,3
17.0,31.21,24.0,204.0,38.0,100.0,1
61.0,31.21,45.0,222.0,42.0,100.0,2
13.0,31.21,15.0,245.99999999999997,13.0,100.0,1
19.0,31.21,20.0,294.0,17.0,100.0,1
16.0,31.21,10.0,288.0,12.0,100.0,1
69.0,31.21,18.0,222.0,33.0,100.0,1
61.0,31.21,13.0,252.0,16.0,100.0,1
58.0,31.21,42.0,270.0,49.0,100.0,3
71.0,31.21,14.0,252.0,28.0,100.0,1
55.0,31.21,14.0,245.99999999999997,7.0,100.0,1
57.0,31.21,62.0,240.0,55.0,100.0,3
70.0,31.21,21.0,234.0,19.0,100.0,1
46.0,31.21,67.0,252.0,48.0,100.0,2
41.0,31.21,15.0,234.0,25.0,100.0,1
63.0,31.21,20.0,234.0,11.0,100.0,1
17.0,31.21,9.0,276.0,7.0,100.0,1
16.0,31.21,15.0,264.0,14.0,100.0,1
53.0,31.21,25.0,228.0,13.0,100.0,1
62.0,31.21,18.0,234.0,22.0,100.0,1
14.0,31.21,25.0,245.99999999999997,31.0,100.0,1
68.0,31.21,34.0,240.0,33.0,100.0,1
29.0,31.21,211.0,282.0,309.0,100.0,3
60.0,31.21,36.0,222.0,158.0,100.0,2
39.0,31.21,27.0,234.0,30.0,100.0,1
50.0,31.21,15.0,228.0,7.0,100.0,1
46.0,31.21,13.0,252.0,11.0,100.0,1
18.0,31.21,7.0,258.0,7.0,100.0,1
27.0,31.21,13.0,240.0,23.0,100.0,1
55.0,31.21,29.0,245.99999999999997,20.0,100.0,1
19.0,31.21,41.0,252.0,50.0,100.0,3
15.0,31.21,12.0,270.0,14.0,100.0,1
64.0,31.21,33.0,210.0,38.0,100.0,1
46.0,31.21,35.0,258.0,38.0,100.0,1
64.0,31.21,17.0,276.0,43.0,100.0,1
64.0,31.21,20.0,234.0,12.0,100.0,1
14.0,31.21,19.0,252.0,10.0,100.0,1
66.0,31.21,10.0,216.0,13.0,100.0,1
46.0,31.21,46.0,252.0,9.0,100.0,2
22.0,31.21,13.0,245.99999999999997,12.0,100.0,1
15.0,31.21,9.0,258.0,8.0,100.0,1
29.0,31.21,133.0,276.0,54.0,100.0,3
55.0,31.21,39.0,245.99999999999997,49.0,100.0,2
39.0,31.21,21.0,222.0,33.0,100.0,1
60.0,31.21,31.0,258.0,32.0,100.0,1
12.0,31.21,22.0,240.0,14.0,100.0,1
20.0,31.21,10.0,240.0,15.0,100.0,1
76.0,31.21,16.0,228.0,26.0,100.0,1
29.0,31.21,19.0,228.0,34.0,100.0,1
23.0,31.21,19.0,252.0,17.0,100.0,1
19.0,31.21,6.0,245.99999999999997,18.0,100.0,1
14.0,31.21,12.0,300.0,9.0,100.0,1
46.0,31.21,9.0,222.0,14.0,100.0,1
53.0,31.21,18.0,240.0,88.0,100.0,2
42.0,31.21,84.0,228.0,25.0,100.0,2
26.0,31.21,40.0,258.0,26.0,100.0,1
27.0,31.21,52.0,245.99999999999997,46.0,100.0,2
75.0,31.21,13.0,234.0,11.0,100.0,1
24.0,31.21,16.0,222.0,14.0,100.0,1
15.0,31.21,11.0,276.0,11.0,100.0,1
25.0,31.21,51.0,270.0,32.0,100.0,2
51.0,31.21,108.0,270.0,585.0,100.0,3
29.0,31.21,10.0,252.0,18.0,100.0,1
31.0,31.21,12.0,234.0,9.0,100.0,1
62.0,31.21,18.0,258.0,36.0,100.0,1
42.0,31.21,16.0,240.0,25.0,100.0,1
59.0,31.21,14.0,210.0,15.0,100.0,1
74.0,31.21,13.0,245.99999999999997,46.0,100.0,1
60.0,31.21,46.0,222.0,43.0,100.0,2
54.0,31.21,25.0,270.0,18.0,100.0,1
31.0,31.21,31.0,234.0,29.0,100.0,1
43.0,31.21,17.0,252.0,9.0,100.0,1
21.0,31.21,16.0,258.0,16.0,100.0,1
80.0,31.21,14.0,264.0,11.0,100.0,1
71.0,31.21,15.0,240.0,15.0,100.0,1
35.0,31.21,21.0,276.0,20.0,100.0,1
18.0,31.21,15.0,245.99999999999997,27.0,100.0,1
30.0,31.21,49.0,258.0,27.0,100.0,2
64.0,31.21,33.0,245.99999999999997,32.0,100.0,1
32.0,31.21,30.0,276.0,32.0,100.0,1
51.0,31.21,15.0,252.0,14.0,100.0,1
48.0,31.21,8.0,240.0,10.0,100.0,1
24.0,31.21,33.0,258.0,33.0,100.0,1
31.0,31.21,43.0,234.0,15.0,100.0,2
72.0,31.21,12.0,210.0,14.0,100.0,1
17.0,31.21,15.0,245.99999999999997,20.0,100.0,1
18.0,31.21,8.0,252.0,14.0,100.0,1
40.0,31.21,16.0,204.0,29.0,100.0,1
67.0,31.21,6.0,234.0,21.0,100.0,1
56.0,31.21,28.0,240.0,33.0,100.0,1
80.0,31.21,19.0,228.0,15.0,100.0,1
33.0,31.21,20.0,245.99999999999997,25.0,100.0,1
45.0,31.21,15.0,222.0,128.0,100.0,2
66.0,31.21,19.0,216.0,24.0,100.0,1
54.0,31.21,11.0,210.0,76.0,100.0,2
71.0,31.21,19.0,245.99999999999997,24.0,100.0,1
80.0,31.21,11.0,222.0,17.0,100.0,1
41.0,31.21,34.0,264.0,35.0,100.0,1
29.0,31.21,63.0,270.0,50.0,100.0,3
29.0,31.21,11.0,258.0,16.0,100.0,1
72.0,31.21,22.0,234.0,19.0,100.0,1
42.0,31.21,50.0,264.0,26.0,100.0,2
50.0,31.21,13.0,245.99999999999997,23.0,100.0,1
16.0,31.21,8.0,240.0,18.0,100.0,1
54.0,31.21,141.0,228.0,74.0,100.0,3
46.0,31.21,13.0,234.0,18.0,100.0,1
53.0,31.21,30.0,222.0,31.0,100.0,1
22.0,31.21,82.0,276.0,29.0,100.0,2
53.0,31.21,21.0,252.0,49.0,100.0,2
14.0,31.21,19.0,240.0,17.0,100.0,1
56.0,31.21,47.0,252.0,27.0,100.0,2
40.0,31.21,14.0,258.0,20.0,100.0,1
79.0,31.21,18.0,245.99999999999997,20.0,100.0,1
18.0,31.21,24.0,180.0,14.0,100.0,1
80.0,31.21,11.0,245.99999999999997,28.0,100.0,1
26.0,31.21,14.0,282.0,19.0,100.0,1
50.0,31.21,18.0,264.0,14.0,100.0,1
53.0,31.21,13.0,282.0,18.0,100.0,1
43.0,31.21,14.0,204.0,16.0,100.0,1
28.0,31.21,31.0,240.0,19.0,100.0,1
61.0,31.21,15.0,258.0,20.0,100.0,1
59.0,31.21,13.0,228.0,15.0,100.0,1
63.0,31.21,13.0,258.0,12.0,100.0,1
72.0,31.21,20.0,245.99999999999997,37.0,100.0,1
12.0,31.21,10.0,270.0,11.0,100.0,1
42.0,31.21,12.0,252.0,9.0,100.0,1
72.0,31.21,37.0,204.0,48.0,100.0,1
16.0,31.21,20.0,240.0,14.0,100.0,1
22.0,31.21,14.0,264.0,19.0,100.0,1
31.0,31.21,17.0,264.0,10.0,100.0,1
49.0,31.21,31.0,222.0,33.0,100.0,1
73.0,31.21,10.0,234.0,15.0,100.0,1
63.0,31.21,13.0,228.0,19.0,100.0,1
55.0,31.21,16.0,234.0,21.0,100.0,1
63.0,31.21,12.0,258.0,29.0,100.0,1
60.0,31.21,15.0,245.99999999999997,24.0,100.0,1
18.0,31.21,31.0,245.99999999999997,10.0,100.0,1
72.0,31.21,20.0,258.0,17.0,100.0,1
57.0,31.21,29.0,264.0,35.0,100.0,1
45.0,31.21,12.0,240.0,21.0,100.0,1
47.0,31.21,11.0,240.0,14.0,100.0,1
61.0,31.21,19.0,245.99999999999997,24.0,100.0,1
35.0,31.21,14.0,234.0,9.0,100.0,1
12.0,31.21,9.0,258.0,11.0,100.0,1
18.0,31.21,10.0,276.0,13.0,100.0,1
39.0,31.21,9.0,222.0,9.0,100.0,1
14.0,31.21,19.0,270.0,13.0,100.0,1
61.0,31.21,17.0,270.0,30.0,100.0,1
19.0,31.21,8.0,228.0,14.0,100.0,1
24.0,31.21,9.0,252.0,13.0,100.0,1
49.0,31.21,12.0,228.0,18.0,100.0,1
36.0,31.21,51.0,222.0,34.0,100.0,2
80.0,31.21,11.0,252.0,10.0,100.0,1
70.0,31.21,27.0,216.0,67.0,100.0,2
70.0,31.21,18.0,252.0,32.0,100.0,1
65.0,31.21,15.0,234.0,17.0,100.0,1
40.0,31.21,11.0,222.0,11.0,100.0,1
50.0,31.21,21.0,258.0,24.0,100.0,1
24.0,31.21,50.0,288.0,37.0,100.0,2
37.0,31.21,11.0,222.0,12.0,100.0,1
24.0,31.21,9.0,245.99999999999997,7.0,100.0,1
32.0,31.21,14.0,245.99999999999997,9.0,100.0,1
41.0,31.21,31.0,276.0,20.0,100.0,1
36.0,31.21,14.0,252.0,17.0,100.0,1
13.0,31.21,21.0,216.0,59.0,100.0,2
29.0,31.21,14.0,288.0,12.0,100.0,1
60.0,31.21,92.0,210.0,145.0,100.0,3
18.0,31.21,11.0,264.0,15.0,100.0,1
80.0,31.21,16.0,234.0,51.0,100.0,2
63.0,31.21,10.0,245.99999999999997,17.0,100.0,1
44.0,31.21,13.0,228.0,29.0,100.0,1
41.0,31.21,18.0,240.0,36.0,100.0,1
62.0,31.21,24.0,276.0,26.0,100.0,1
24.0,31.21,19.0,240.0,17.0,100.0,1
48.0,31.21,7.0,198.0,27.0,100.0,1
44.0,31.21,36.0,258.0,62.0,100.0,2
77.0,31.21,32.0,234.0,32.0,100.0,1
80.0,31.21,24.0,222.0,24.0,100.0,1
55.0,31.21,24.0,240.0,22.0,100.0,1
47.0,31.21,17.0,264.0,11.0,100.0,1
33.0,31.21,19.0,216.0,36.0,100.0,1
23.0,31.21,21.0,240.0,16.0,100.0,1
18.0,31.21,150.0,234.0,28.0,100.0,2
35.0,31.21,14.0,222.0,27.0,100.0,1
75.0,31.21,7.0,216.0,14.0,100.0,1
19.0,31.21,21.0,245.99999999999997,15.0,100.0,1
64.0,31.21,27.0,240.0,200.0,100.0,2
42.0,31.21,45.0,240.0,36.0,100.0,2
14.0,31.21,20.0,240.0,12.0,100.0,1
53.0,31.21,31.0,252.0,17.0,100.0,1
24.0,31.21,15.0,264.0,17.0,100.0,1
80.0,31.21,13.0,234.0,14.0,100.0,1
16.0,31.21,19.0,300.0,30.0,100.0,1
58.0,31.21,28.0,228.0,26.0,100.0,1
35.0,31.21,8.0,216.0,24.0,100.0,1
60.0,31.21,19.0,234.0,18.0,100.0,1
28.0,31.21,25.0,258.0,46.0,100.0,1
46.0,31.21,22.0,252.0,46.0,100.0,1
29.0,31.21,9.0,240.0,14.0,100.0,1
60.0,31.21,15.0,258.0,20.0,100.0,1
14.0,31.21,13.0,252.0,8.0,100.0,1
58.0,31.21,24.0,228.0,9.0,100.0,1
65.0,31.21,16.0,264.0,33.0,100.0,1
25.0,31.21,11.0,245.99999999999997,21.0,100.0,1
80.0,31.21,9.0,222.0,8.0,100.0,1
66.0,31.21,11.0,264.0,25.0,100.0,1
57.0,31.21,18.0,276.0,22.0,100.0,1
17.0,31.21,12.0,245.99999999999997,11.0,100.0,1
64.0,31.21,17.0,228.0,14.0,100.0,1
14.0,31.21,9.0,228.0,15.0,100.0,1
46.0,31.21,17.0,264.0,13.0,100.0,1
58.0,31.21,29.0,258.0,27.0,100.0,1
44.0,31.21,21.0,240.0,73.0,100.0,2
15.0,31.21,11.0,264.0,11.0,100.0,1
41.0,31.21,25.0,234.0,17.0,100.0,1
70.0,31.21,35.0,240.0,20.0,100.0,1
38.0,31.21,17.0,228.0,21.0,100.0,1
55.0,31.21,14.0,270.0,22.0,100.0,1
53.0,31.21,28.0,252.0,23.0,100.0,1
61.0,31.21,41.0,234.0,20.0,100.0,2
47.0,31.21,13.0,252.0,18.0,100.0,1
63.0,31.21,21.0,228.0,23.0,100.0,1
61.0,31.21,16.0,222.0,14.0,100.0,1
80.0,31.21,15.0,240.0,14.0,100.0,1
27.0,31.21,14.0,252.0,10.0,100.0,1
55.0,31.21,38.0,240.0,35.0,100.0,1
70.0,31.21,12.0,228.0,12.0,100.0,1
63.0,31.21,37.0,204.0,106.0,100.0,2
69.0,31.21,9.0,258.0,5.0,100.0,1
26.0,31.21,18.0,288.0,15.0,100.0,1
73.0,31.21,14.0,258.0,35.0,100.0,1
72.0,31.21,13.0,222.0,15.0,100.0,1
37.0,31.21,7.0,228.0,26.0,100.0,1
61.0,31.21,34.0,240.0,55.0,100.0,2
18.0,31.21,10.0,264.0,13.0,100.0,1
45.0,31.21,16.0,210.0,28.0,100.0,1
34.0,31.21,11.0,240.0,10.0,100.0,1
52.0,31.21,28.0,245.99999999999997,23.0,100.0,1
49.0,31.21,12.0,222.0,11.0,100.0,1
75.0,31.21,16.0,228.0,18.0,100.0,1
42.0,31.21,8.0,222.0,18.0,100.0,1
41.0,31.21,21.0,240.0,20.0,100.0,1
63.0,31.21,17.0,216.0,56.0,100.0,2
29.0,31.21,56.0,245.99999999999997,59.0,100.0,3
76.0,31.21,13.0,216.0,31.0,100.0,1
58.0,31.21,27.0,228.0,30.0,100.0,1
40.0,31.21,9.0,264.0,11.0,100.0,1
27.0,31.21,15.0,222.0,16.0,100.0,1
37.0,31.21,26.0,258.0,16.0,100.0,1
45.0,31.21,56.0,234.0,36.0,100.0,2
55.0,31.21,19.0,270.0,10.0,100.0,1
23.0,31.21,15.0,245.99999999999997,14.0,100.0,1
76.0,31.21,31.0,288.0,48.0,100.0,1
45.0,31.21,13.0,222.0,10.0,100.0,1
80.0,31.21,25.0,228.0,28.0,100.0,1
16.0,31.21,60.0,264.0,43.0,100.0,2
23.0,31.21,31.0,240.0,29.0,100.0,1
38.0,31.21,12.0,228.0,17.0,100.0,1
70.0,31.21,39.0,240.0,53.0,100.0,2
48.0,31.21,17.0,234.0,32.0,100.0,1
62.0,31.21,18.0,258.0,17.0,100.0,1
65.0,31.21,9.0,240.0,18.0,100.0,1
43.0,31.21,10.0,228.0,19.0,100.0,1
54.0,31.21,30.0,228.0,53.0,100.0,2
80.0,31.21,22.0,240.0,28.0,100.0,1
17.0,31.21,13.0,234.0,15.0,100.0,1
33.0,31.21,14.0,240.0,36.0,100.0,1
35.0,31.21,10.0,228.0,9.0,100.0,1
37.0,31.21,12.0,264.0,16.0,100.0,1
78.0,31.21,11.0,222.0,10.0,100.0,1
37.0,31.21,13.0,258.0,30.0,100.0,1
15.0,31.21,8.0,252.0,12.0,100.0,1
60.0,31.21,20.0,245.99999999999997,21.0,100.0,1
80.0,31.21,12.0,210.0,9.0,100.0,1
12.0,31.21,16.0,252.0,14.0,100.0,1
53.0,31.21,15.0,258.0,31.0,100.0,1
60.0,31.21,31.0,245.99999999999997,11.0,100.0,1
49.0,31.21,7.0,264.0,14.0,100.0,1
77.0,31.21,16.0,240.0,14.0,100.0,1
69.0,31.21,30.0,234.0,29.0,100.0,1
46.0,31.21,30.0,245.99999999999997,31.0,100.0,1
31.0,31.21,21.0,270.0,33.0,100.0,1
49.0,31.21,11.0,234.0,31.0,100.0,1
41.0,31.21,19.0,234.0,35.0,100.0,1
80.0,31.21,20.0,210.0,18.0,100.0,1
36.0,31.21,29.0,276.0,28.0,100.0,1
39.0,31.21,11.0,294.0,41.0,100.0,1
19.0,31.21,12.0,228.0,7.0,100.0,1
73.0,31.21,12.0,252.0,30.0,100.0,1
16.0,31.21,14.0,288.0,16.0,100.0,1
13.0,31.21,8.0,270.0,10.0,100.0,1
28.0,31.21,29.0,252.0,105.0,100.0,2
69.0,31.21,17.0,234.0,13.0,100.0,1
12.0,31.21,16.0,234.0,16.0,100.0,1
20.0,31.21,15.0,258.0,11.0,100.0,1
66.0,31.21,107.0,228.0,262.0,100.0,3
40.0,31.21,26.0,282.0,26.0,100.0,1
44.0,31.21,17.0,222.0,21.0,100.0,1
62.0,31.21,36.0,245.99999999999997,56.0,100.0,2
14.0,31.21,14.0,258.0,10.0,100.0,1
80.0,31.21,33.0,216.0,166.0,100.0,2
60.0,31.21,11.0,240.0,21.0,100.0,1
19.0,31.21,16.0,264.0,12.0,100.0,1
80.0,31.21,26.0,258.0,16.0,100.0,1
80.0,31.21,10.0,234.0,12.0,100.0,1
80.0,31.21,11.0,234.0,23.0,100.0,1
41.0,31.21,32.0,245.99999999999997,51.0,100.0,2
62.0,31.21,16.0,228.0,21.0,100.0,1
58.0,31.21,28.0,210.0,58.0,100.0,2
45.0,31.21,18.0,234.0,16.0,100.0,1
78.0,31.21,18.0,270.0,58.0,100.0,2
33.0,31.21,20.0,222.0,18.0,100.0,1
71.0,31.21,20.0,240.0,32.0,100.0,1
40.0,31.21,23.0,276.0,37.0,100.0,1
66.0,31.21,14.0,234.0,15.0,100.0,1
16.0,31.21,23.0,300.0,15.0,100.0,1
55.0,31.21,14.0,252.0,12.0,100.0,1
44.0,31.21,10.0,222.0,9.0,100.0,1
80.0,31.21,8.0,210.0,8.0,100.0,1
13.0,31.21,16.0,240.0,13.0,100.0,1
22.0,31.21,19.0,240.0,16.0,100.0,1
68.0,31.21,14.0,234.0,66.0,100.0,2
18.0,31.21,15.0,252.0,17.0,100.0,1
18.0,31.21,13.0,240.0,14.0,100.0,1
56.0,31.21,24.0,245.99999999999997,23.0,100.0,1
21.0,31.21,12.0,282.0,32.0,100.0,1
35.0,31.21,15.0,282.0,15.0,100.0,1
26.0,31.21,10.0,240.0,12.0,100.0,1
80.0,31.21,14.0,240.0,19.0,100.0,1
30.0,31.21,11.0,264.0,10.0,100.0,1
16.0,31.21,12.0,252.0,10.0,100.0,1
80.0,31.21,22.0,228.0,48.0,100.0,1
30.0,31.21,10.0,228.0,8.0,100.0,1
27.0,31.21,18.0,228.0,13.0,100.0,1
53.0,31.21,16.0,270.0,23.0,100.0,1
60.0,31.21,19.0,264.0,16.0,100.0,1
76.0,31.21,15.0,240.0,20.0,100.0,1
80.0,31.21,15.0,264.0,22.0,100.0,1
36.0,31.21,7.0,264.0,8.0,100.0,1
69.0,31.21,8.0,240.0,17.0,100.0,1
57.0,31.21,34.0,282.0,40.0,100.0,1
19.0,31.21,14.0,228.0,11.0,100.0,1
16.0,31.21,20.0,258.0,15.0,100.0,1
65.0,31.21,19.0,240.0,25.0,100.0,1
56.0,31.21,44.0,234.0,84.0,100.0,3
23.0,31.21,25.0,258.0,14.0,100.0,1
13.0,31.21,8.0,252.0,12.0,100.0,1
30.0,31.21,25.0,264.0,30.0,100.0,1
22.0,31.21,17.0,264.0,29.0,100.0,1
38.0,31.21,20.0,228.0,14.0,100.0,1
45.0,31.21,37.0,288.0,23.0,100.0,1
19.0,31.21,18.0,276.0,35.0,100.0,1
48.0,31.21,18.0,252.0,11.0,100.0,1
15.0,31.21,12.0,245.99999999999997,28.0,100.0,1
61.0,31.21,13.0,216.0,19.0,100.0,1
46.0,31.21,30.0,240.0,32.0,100.0,1
68.0,31.21,12.0,234.0,7.0,100.0,1
72.0,31.21,25.0,258.0,16.0,100.0,1
32.0,31.21,14.0,258.0,31.0,100.0,1
70.0,31.21,9.0,252.0,6.0,100.0,1
34.0,31.21,15.0,264.0,18.0,100.0,1
12.0,31.21,34.0,264.0,15.0,100.0,1
66.0,31.21,22.0,228.0,17.0,100.0,1
13.0,31.21,9.0,252.0,8.0,100.0,1
18.0,31.21,10.0,300.0,10.0,100.0,1
52.0,31.21,20.0,234.0,19.0,100.0,1
12.0,31.21,10.0,282.0,10.0,100.0,1
72.0,31.21,13.0,252.0,11.0,100.0,1
38.0,31.21,14.0,228.0,13.0,100.0,1
24.0,31.21,10.0,228.0,18.0,100.0,1
72.0,31.21,15.0,240.0,15.0,100.0,1
43.0,31.21,10.0,222.0,7.0,100.0,1
40.0,31.21,27.0,245.99999999999997,34.0,100.0,1
12.0,31.21,13.0,240.0,16.0,100.0,1
14.0,31.21,15.0,252.0,10.0,100.0,1
55.0,31.21,11.0,228.0,10.0,100.0,1
19.0,31.21,12.0,240.0,19.0,100.0,1
63.0,31.21,24.0,240.0,47.0,100.0,1
48.0,31.21,7.0,222.0,6.0,100.0,1
64.0,31.21,14.0,252.0,17.0,100.0,1
27.0,31.21,14.0,245.99999999999997,22.0,100.0,1
31.0,31.21,10.0,240.0,31.0,100.0,1
44.0,31.21,13.0,228.0,15.0,100.0,1
23.0,31.21,21.0,245.99999999999997,23.0,100.0,1
80.0,31.21,22.0,204.0,18.0,100.0,1
80.0,31.21,11.0,240.0,14.0,100.0,1
63.0,31.21,45.0,258.0,104.0,100.0,3
29.0,31.21,11.0,234.0,18.0,100.0,1
63.0,31.21,13.0,228.0,16.0,100.0,1
17.0,31.21,10.0,222.0,40.0,100.0,1
55.0,31.21,26.0,252.0,14.0,100.0,1
16.0,31.21,54.0,240.0,38.0,100.0,2
24.0,31.21,56.0,234.0,31.0,100.0,2
37.0,31.21,11.0,234.0,30.0,100.0,1
44.0,31.21,17.0,216.0,33.0,100.0,1
72.0,31.21,13.0,234.0,30.0,100.0,1
31.0,31.21,12.0,240.0,11.0,100.0,1
16.0,31.21,16.0,264.0,9.0,100.0,1
74.0,31.21,8.0,258.0,14.0,100.0,1
12.0,31.21,10.0,264.0,7.0,100.0,1
54.0,31.21,22.0,204.0,85.0,100.0,2
51.0,31.21,57.0,264.0,116.0,100.0,3
70.0,31.21,25.0,252.0,26.0,100.0,1
38.0,31.21,21.0,276.0,12.0,100.0,1
63.0,31.21,51.0,228.0,207.0,100.0,3
68.0,31.21,53.0,282.0,70.0,100.0,3
12.0,31.21,11.0,294.0,9.0,100.0,1
56.0,31.21,19.0,252.0,27.0,100.0,1
50.0,31.21,27.0,234.0,12.0,100.0,1
28.0,31.21,11.0,270.0,17.0,100.0,1
42.0,31.21,13.0,252.0,13.0,100.0,1
72.0,31.21,14.0,245.99999999999997,36.0,100.0,1
64.0,31.21,23.0,234.0,25.0,100.0,1
21.0,31.21,11.0,258.0,13.0,100.0,1
80.0,31.21,10.0,264.0,10.0,100.0,1
44.0,31.21,14.0,234.0,44.0,100.0,1
34.0,31.21,17.0,245.99999999999997,13.0,100.0,1
29.0,31.21,11.0,245.99999999999997,15.0,100.0,1
52.0,31.21,25.0,234.0,96.0,100.0,2
80.0,31.21,11.0,198.0,27.0,100.0,1
22.0,31.21,10.0,270.0,27.0,100.0,1
63.0,31.21,19.0,222.0,19.0,100.0,1
61.0,31.21,17.0,245.99999999999997,25.0,100.0,1
80.0,31.21,26.0,245.99999999999997,38.0,100.0,1
38.0,31.21,39.0,245.99999999999997,29.0,100.0,1
66.0,31.21,18.0,234.0,14.0,100.0,1
31.0,31.21,18.0,252.0,13.0,100.0,1
42.0,31.21,18.0,245.99999999999997,16.0,100.0,1
45.0,31.21,12.0,216.0,38.0,100.0,1
49.0,31.21,11.0,258.0,26.0,100.0,1
66.0,31.21,9.0,216.0,10.0,100.0,1
29.0,31.21,17.0,264.0,13.0,100.0,1
34.0,31.21,12.0,252.0,12.0,100.0,1
40.0,31.21,28.0,234.0,28.0,100.0,1
29.0,31.21,12.0,252.0,21.0,100.0,1
14.0,31.21,12.0,270.0,14.0,100.0,1
61.0,31.21,14.0,258.0,14.0,100.0,1
60.0,31.21,32.0,245.99999999999997,23.0,100.0,1
34.0,31.21,13.0,216.0,24.0,100.0,1
20.0,31.21,16.0,276.0,16.0,100.0,1
34.0,31.21,14.0,245.99999999999997,23.0,100.0,1
60.0,31.21,21.0,234.0,30.0,100.0,1
80.0,31.21,13.0,228.0,33.0,100.0,1
76.0,31.21,21.0,228.0,16.0,100.0,1
13.0,31.21,8.0,264.0,9.0,100.0,1
26.0,31.21,47.0,245.99999999999997,52.0,100.0,3
58.0,31.21,9.0,240.0,11.0,100.0,1
80.0,31.21,7.0,240.0,42.0,100.0,1
76.0,31.21,14.0,252.0,16.0,100.0,1
47.0,31.21,23.0,216.0,33.0,100.0,1
40.0,31.21,17.0,228.0,20.0,100.0,1
68.0,31.21,17.0,270.0,21.0,100.0,1
71.0,31.21,14.0,216.0,33.0,100.0,1
47.0,31.21,41.0,240.0,286.0,100.0,3
17.0,31.21,14.0,258.0,20.0,100.0,1
16.0,31.21,14.0,228.0,15.0,100.0,1
12.0,31.21,10.0,240.0,7.0,100.0,1
52.0,31.21,36.0,252.0,55.0,100.0,2
65.0,31.21,53.0,288.0,22.0,100.0,2
25.0,31.21,32.0,270.0,20.0,100.0,1
38.0,31.21,9.0,252.0,9.0,100.0,1
27.0,31.21,9.0,228.0,23.0,100.0,1
78.0,31.21,9.0,216.0,41.0,100.0,1
50.0,31.21,31.0,264.0,21.0,100.0,1
79.0,31.21,13.0,258.0,14.0,100.0,1
57.0,31.21,28.0,216.0,26.0,100.0,1
79.0,31.21,19.0,228.0,15.0,100.0,1
71.0,31.21,13.0,222.0,28.0,100.0,1
62.0,31.21,13.0,204.0,29.0,100.0,1
54.0,31.21,31.0,252.0,19.0,100.0,1
42.0,31.21,13.0,204.0,23.0,100.0,1
80.0,31.21,21.0,270.0,99.0,100.0,2
19.0,31.21,14.0,258.0,12.0,100.0,1
44.0,31.21,13.0,245.99999999999997,9.0,100.0,1
77.0,31.21,19.0,234.0,16.0,100.0,1
14.0,31.21,15.0,258.0,42.0,100.0,1
61.0,31.21,47.0,234.0,44.0,100.0,2
71.0,31.21,10.0,258.0,10.0,100.0,1
56.0,31.21,21.0,234.0,11.0,100.0,1
14.0,31.21,20.0,240.0,16.0,100.0,1
60.0,31.21,20.0,234.0,28.0,100.0,1
52.0,31.21,49.0,240.0,38.0,100.0,2
20.0,31.21,47.0,276.0,28.0,100.0,2
29.0,31.21,69.0,252.0,24.0,100.0,2
30.0,31.21,22.0,216.0,19.0,100.0,1
14.0,31.21,30.0,276.0,22.0,100.0,1
43.0,31.21,48.0,258.0,52.0,100.0,3
42.0,31.21,12.0,216.0,14.0,100.0,1
20.0,31.21,9.0,264.0,18.0,100.0,1
68.0,31.21,13.0,210.0,24.0,100.0,1
41.0,31.21,18.0,245.99999999999997,11.0,100.0,1
42.0,31.21,16.0,264.0,35.0,100.0,1
72.0,31.21,31.0,222.0,45.0,100.0,1
59.0,31.21,24.0,245.99999999999997,28.0,100.0,1
59.0,31.21,13.0,264.0,21.0,100.0,1
16.0,31.21,10.0,270.0,12.0,100.0,1
53.0,31.21,14.0,258.0,13.0,100.0,1
24.0,31.21,18.0,234.0,50.0,100.0,2
65.0,31.21,33.0,240.0,47.0,100.0,1
35.0,31.21,40.0,282.0,58.0,100.0,2
73.0,31.21,29.0,276.0,73.0,100.0,2
74.0,31.21,21.0,258.0,22.0,100.0,1
66.0,31.21,17.0,234.0,14.0,100.0,1
55.0,31.21,23.0,198.0,17.0,100.0,1
35.0,31.21,54.0,276.0,53.0,100.0,3
14.0,31.21,29.0,245.99999999999997,8.0,100.0,1
60.0,31.21,13.0,234.0,19.0,100.0,1
36.0,31.21,8.0,252.0,12.0,100.0,1
57.0,31.21,20.0,234.0,72.0,100.0,2
30.0,31.21,5.0,240.0,8.0,100.0,1
17.0,31.21,20.0,270.0,33.0,100.0,1
23.0,31.21,11.0,240.0,17.0,100.0,1
22.0,31.21,9.0,276.0,16.0,100.0,1
31.0,31.21,11.0,186.0,8.0,100.0,1
57.0,31.21,24.0,234.0,17.0,100.0,1
41.0,31.21,16.0,234.0,13.0,100.0,1
78.0,31.21,41.0,264.0,44.0,100.0,2
44.0,31.21,41.0,252.0,42.0,100.0,2
58.0,31.21,37.0,228.0,44.0,100.0,1
57.0,31.21,20.0,252.0,16.0,100.0,1
50.0,31.21,12.0,228.0,20.0,100.0,1
17.0,31.21,13.0,264.0,12.0,100.0,1
66.0,31.21,15.0,245.99999999999997,22.0,100.0,1
18.0,31.21,35.0,252.0,12.0,100.0,1
69.0,31.21,12.0,270.0,12.0,100.0,1
77.0,31.21,13.0,258.0,19.0,100.0,1
17.0,31.21,23.0,234.0,34.0,100.0,1
55.0,31.21,10.0,270.0,34.0,100.0,1
27.0,31.21,13.0,282.0,10.0,100.0,1
38.0,31.21,20.0,276.0,17.0,100.0,1
78.0,31.21,10.0,204.0,17.0,100.0,1
64.0,31.21,8.0,234.0,17.0,100.0,1
30.0,31.21,31.0,252.0,24.0,100.0,1
21.0,31.21,15.0,306.0,22.0,100.0,1
16.0,31.21,17.0,258.0,22.0,100.0,1
76.0,31.21,14.0,258.0,14.0,100.0,1
32.0,31.21,39.0,270.0,61.0,100.0,2
36.0,31.21,40.0,210.0,106.0,100.0,2
80.0,31.21,11.0,204.0,12.0,100.0,1
23.0,31.21,22.0,264.0,17.0,100.0,1
21.0,31.21,11.0,288.0,8.0,100.0,1
29.0,31.21,17.0,150.0,21.0,100.0,1
28.0,31.21,10.0,234.0,13.0,100.0,1
15.0,31.21,12.0,228.0,16.0,100.0,1
13.0,31.21,8.0,228.0,7.0,100.0,1
72.0,31.21,9.0,222.0,13.0,100.0,1
25.0,31.21,39.0,258.0,16.0,100.0,1
50.0,31.21,12.0,258.0,20.0,100.0,1
65.0,31.21,26.0,252.0,44.0,100.0,1
31.0,31.21,18.0,234.0,26.0,100.0,1
31.0,31.21,13.0,228.0,10.0,100.0,1
67.0,31.21,31.0,240.0,29.0,100.0,1
68.0,31.21,11.0,210.0,25.0,100.0,1
23.0,31.21,26.0,252.0,21.0,100.0,1
17.0,31.21,15.0,264.0,29.0,100.0,1
49.0,31.21,13.0,252.0,14.0,100.0,1
33.0,31.21,27.0,222.0,17.0,100.0,1
12.0,31.21,25.0,245.99999999999997,19.0,100.0,1
38.0,31.21,20.0,270.0,19.0,100.0,1
70.0,31.21,32.0,252.0,29.0,100.0,1
27.0,31.21,41.0,264.0,14.0,100.0,2
12.0,31.21,40.0,252.0,15.0,100.0,1
66.0,31.21,25.0,210.0,36.0,100.0,1
64.0,31.21,11.0,234.0,33.0,100.0,1
53.0,31.21,39.0,240.0,30.0,100.0,1
34.0,31.21,18.0,276.0,30.0,100.0,1
57.0,31.21,37.0,240.0,23.0,100.0,1
26.0,31.21,23.0,258.0,29.0,100.0,1
75.0,31.21,11.0,234.0,20.0,100.0,1
18.0,31.21,31.0,264.0,19.0,100.0,1
47.0,31.21,30.0,245.99999999999997,40.0,100.0,1
17.0,31.21,9.0,252.0,19.0,100.0,1
63.0,31.21,28.0,240.0,41.0,100.0,1
26.0,31.21,37.0,264.0,31.0,100.0,1
64.0,31.21,24.0,245.99999999999997,16.0,100.0,1
16.0,31.21,10.0,240.0,9.0,100.0,1
80.0,31.21,10.0,228.0,18.0,100.0,1
80.0,31.21,13.0,228.0,54.0,100.0,2
37.0,31.21,11.0,252.0,8.0,100.0,1
56.0,31.21,26.0,228.0,15.0,100.0,1
63.0,31.21,15.0,240.0,29.0,100.0,1
18.0,31.21,9.0,258.0,18.0,100.0,1
30.0,31.21,14.0,240.0,17.0,100.0,1
30.0,31.21,32.0,264.0,31.0,100.0,1
41.0,31.21,16.0,264.0,13.0,100.0,1
62.0,31.21,18.0,245.99999999999997,17.0,100.0,1
29.0,31.21,8.0,198.0,8.0,100.0,1
47.0,31.21,19.0,252.0,40.0,100.0,1
71.0,31.21,17.0,245.99999999999997,33.0,100.0,1
60.0,31.21,19.0,168.0,40.0,100.0,1
64.0,31.21,11.0,222.0,18.0,100.0,1
23.0,31.21,68.0,282.0,39.0,100.0,2
21.0,31.21,11.0,222.0,17.0,100.0,1
13.0,31.21,11.0,245.99999999999997,20.0,100.0,1
60.0,31.21,15.0,245.99999999999997,26.0,100.0,1
22.0,31.21,27.0,234.0,23.0,100.0,1
38.0,31.21,112.0,245.99999999999997,273.0,100.0,3
12.0,31.21,18.0,258.0,9.0,100.0,1
80.0,31.21,14.0,216.0,11.0,100.0,1
22.0,31.21,49.0,264.0,30.0,100.0,2
56.0,31.21,20.0,252.0,25.0,100.0,1
80.0,31.21,10.0,258.0,10.0,100.0,1
13.0,31.21,14.0,276.0,22.0,100.0,1
51.0,31.21,12.0,150.0,31.0,100.0,1
71.0,31.21,22.0,252.0,12.0,100.0,1
41.0,31.21,15.0,222.0,12.0,100.0,1
24.0,31.21,18.0,282.0,9.0,100.0,1
30.0,31.21,28.0,228.0,27.0,100.0,1
15.0,31.21,13.0,282.0,14.0,100.0,1
41.0,31.21,9.0,245.99999999999997,28.0,100.0,1
54.0,31.21,127.0,240.0,414.0,100.0,3
73.0,31.21,13.0,270.0,12.0,100.0,1
73.0,31.21,14.0,258.0,17.0,100.0,1
69.0,31.21,24.0,234.0,21.0,100.0,1
32.0,31.21,17.0,216.0,28.0,100.0,1
38.0,31.21,68.0,258.0,78.0,100.0,3
80.0,31.21,12.0,245.99999999999997,16.0,100.0,1
62.0,31.21,12.0,245.99999999999997,25.0,100.0,1
50.0,31.21,58.0,245.99999999999997,146.0,100.0,3
62.0,31.21,35.0,252.0,47.0,100.0,1
52.0,31.21,43.0,240.0,62.0,100.0,3
50.0,31.21,30.0,252.0,104.0,100.0,2
68.0,31.21,17.0,258.0,16.0,100.0,1
27.0,31.21,34.0,270.0,21.0,100.0,1
61.0,31.21,31.0,245.99999999999997,9.0,100.0,1
19.0,31.21,37.0,258.0,24.0,100.0,1
57.0,31.21,16.0,228.0,38.0,100.0,1
46.0,31.21,69.0,234.0,223.0,100.0,3
60.0,31.21,34.0,245.99999999999997,12.0,100.0,1
26.0,31.21,33.0,252.0,10.0,100.0,1
79.0,31.21,16.0,240.0,43.0,100.0,1
80.0,31.21,35.0,234.0,20.0,100.0,1
51.0,31.21,37.0,258.0,11.0,100.0,1
24.0,31.21,16.0,300.0,14.0,100.0,1
48.0,31.21,27.0,245.99999999999997,18.0,100.0,1
40.0,31.21,28.0,264.0,24.0,100.0,1
33.0,31.21,39.0,276.0,42.0,100.0,1
18.0,31.21,6.0,258.0,9.0,100.0,1
22.0,31.21,16.0,252.0,43.0,100.0,1
29.0,31.21,51.0,204.0,14.0,100.0,2
69.0,31.21,39.0,282.0,24.0,100.0,1
39.0,31.21,19.0,240.0,24.0,100.0,1
30.0,31.21,7.0,240.0,22.0,100.0,1
43.0,31.21,48.0,234.0,129.0,100.0,3
23.0,31.21,85.0,282.0,95.0,100.0,3
47.0,31.21,17.0,252.0,14.0,100.0,1
59.0,31.21,19.0,222.0,22.0,100.0,1
33.0,31.21,42.0,258.0,17.0,100.0,2
29.0,31.21,19.0,264.0,16.0,100.0,1
65.0,31.21,16.0,252.0,28.0,100.0,1
19.0,31.21,53.0,270.0,16.0,100.0,2
20.0,31.21,77.0,270.0,19.0,100.0,2
18.0,31.21,15.0,276.0,11.0,100.0,1
80.0,31.21,15.0,228.0,7.0,100.0,1
68.0,31.21,27.0,222.0,22.0,100.0,1
73.0,31.21,11.0,258.0,12.0,100.0,1
46.0,31.21,36.0,245.99999999999997,30.0,100.0,1
33.0,31.21,26.0,228.0,36.0,100.0,1
64.0,31.21,14.0,222.0,14.0,100.0,1
41.0,31.21,14.0,228.0,23.0,100.0,1
80.0,31.21,37.0,222.0,8.0,100.0,1
66.0,31.21,10.0,228.0,27.0,100.0,1
16.0,31.21,14.0,288.0,10.0,100.0,1
63.0,31.21,23.0,234.0,14.0,100.0,1
47.0,31.21,12.0,276.0,16.0,100.0,1
49.0,31.21,16.0,258.0,23.0,100.0,1
61.0,31.21,23.0,240.0,30.0,100.0,1
74.0,31.21,12.0,245.99999999999997,13.0,100.0,1
31.0,31.21,15.0,264.0,26.0,100.0,1
44.0,31.21,9.0,245.99999999999997,10.0,100.0,1
16.0,31.21,18.0,234.0,22.0,100.0,1
12.0,31.21,56.0,264.0,28.0,100.0,2
61.0,31.21,11.0,245.99999999999997,11.0,100.0,1
63.0,31.21,11.0,252.0,18.0,100.0,1
13.0,31.21,11.0,270.0,10.0,100.0,1
43.0,31.21,28.0,216.0,35.0,100.0,1
77.0,31.21,14.0,245.99999999999997,20.0,100.0,1
16.0,31.21,14.0,252.0,26.0,100.0,1
73.0,31.21,19.0,245.99999999999997,18.0,100.0,1
12.0,31.21,20.0,264.0,12.0,100.0,1
80.0,31.21,10.0,198.0,21.0,100.0,1
73.0,31.21,16.0,245.99999999999997,23.0,100.0,1
27.0,31.21,10.0,228.0,16.0,100.0,1
54.0,31.21,21.0,234.0,52.0,100.0,2
43.0,31.21,12.0,240.0,12.0,100.0,1
42.0,31.21,15.0,270.0,19.0,100.0,1
38.0,31.21,10.0,276.0,12.0,100.0,1
57.0,31.21,29.0,264.0,59.0,100.0,2
43.0,31.21,19.0,252.0,18.0,100.0,1
44.0,31.21,109.0,300.0,124.0,100.0,3
37.0,31.21,32.0,288.0,51.0,100.0,2
34.0,31.21,7.0,240.0,23.0,100.0,1
73.0,31.21,14.0,234.0,16.0,100.0,1
43.0,31.21,13.0,228.0,22.0,100.0,1
33.0,31.21,19.0,258.0,19.0,100.0,1
25.0,31.21,16.0,276.0,13.0,100.0,1
42.0,31.21,13.0,252.0,14.0,100.0,1
15.0,31.21,14.0,264.0,9.0,100.0,1
40.0,31.21,21.0,252.0,23.0,100.0,1
32.0,31.21,21.0,240.0,24.0,100.0,1
24.0,31.21,40.0,234.0,53.0,100.0,2
64.0,31.21,51.0,264.0,45.0,100.0,2
16.0,31.21,11.0,252.0,11.0,100.0,1
19.0,31.21,8.0,234.0,18.0,100.0,1
18.0,31.21,8.0,222.0,5.0,100.0,1
37.0,31.21,11.0,234.0,10.0,100.0,1
75.0,31.21,20.0,264.0,20.0,100.0,1
19.0,31.21,12.0,245.99999999999997,14.0,100.0,1
80.0,31.21,9.0,204.0,10.0,100.0,1
18.0,31.21,12.0,234.0,25.0,100.0,1
59.0,31.21,15.0,240.0,17.0,100.0,1
72.0,31.21,11.0,258.0,12.0,100.0,1
53.0,31.21,13.0,222.0,29.0,100.0,1
18.0,31.21,14.0,258.0,17.0,100.0,1
69.0,31.21,19.0,252.0,26.0,100.0,1
60.0,31.21,20.0,258.0,37.0,100.0,1
18.0,31.21,44.0,258.0,34.0,100.0,2
60.0,31.21,38.0,245.99999999999997,26.0,100.0,1
42.0,31.21,13.0,264.0,12.0,100.0,1
63.0,31.21,31.0,258.0,19.0,100.0,1
72.0,31.21,25.0,300.0,59.0,100.0,2
60.0,31.21,16.0,234.0,27.0,100.0,1
13.0,31.21,8.0,252.0,12.0,100.0,1
20.0,31.21,11.0,282.0,12.0,100.0,1
77.0,31.21,20.0,245.99999999999997,32.0,100.0,1
12.0,31.21,17.0,282.0,15.0,100.0,1
31.0,31.21,19.0,282.0,17.0,100.0,1
70.0,31.21,12.0,228.0,20.0,100.0,1
62.0,31.21,28.0,252.0,46.0,100.0,1
62.0,31.21,24.0,252.0,24.0,100.0,1
34.0,31.21,5.0,210.0,13.0,100.0,1
13.0,31.21,58.0,240.0,22.0,100.0,2
32.0,31.21,18.0,258.0,16.0,100.0,1
18.0,31.21,17.0,276.0,9.0,100.0,1
34.0,31.21,9.0,276.0,16.0,100.0,1
12.0,31.21,11.0,276.0,17.0,100.0,1
27.0,31.21,23.0,216.0,22.0,100.0,1
80.0,31.21,10.0,234.0,13.0,100.0,1
54.0,31.21,7.0,252.0,14.0,100.0,1
68.0,31.21,22.0,216.0,52.0,100.0,2
15.0,31.21,13.0,264.0,14.0,100.0,1
59.0,31.21,19.0,228.0,25.0,100.0,1
54.0,31.21,30.0,258.0,21.0,100.0,1
13.0,31.21,9.0,270.0,9.0,100.0,1
23.0,31.21,13.0,258.0,16.0,100.0,1
19.0,31.21,23.0,270.0,22.0,100.0,1
16.0,31.21,9.0,252.0,9.0,100.0,1
60.0,31.21,26.0,240.0,30.0,100.0,1
36.0,31.21,50.0,252.0,19.0,100.0,2
49.0,31.21,20.0,234.0,25.0,100.0,1
29.0,31.21,25.0,264.0,30.0,100.0,1
34.0,31.21,32.0,288.0,13.0,100.0,1
16.0,31.21,16.0,270.0,48.0,100.0,1
43.0,31.21,26.0,245.99999999999997,13.0,100.0,1
31.0,31.21,23.0,252.0,21.0,100.0,1
19.0,31.21,10.0,252.0,12.0,100.0,1
36.0,31.21,31.0,240.0,9.0,100.0,1
76.0,31.21,18.0,234.0,15.0,100.0,1
42.0,31.21,13.0,258.0,17.0,100.0,1
44.0,31.21,40.0,258.0,34.0,100.0,1
49.0,31.21,13.0,216.0,24.0,100.0,1
50.0,31.21,27.0,264.0,100.0,100.0,2
25.0,31.21,17.0,264.0,34.0,100.0,1
57.0,31.21,22.0,228.0,29.0,100.0,1
16.0,31.21,7.0,258.0,8.0,100.0,1
16.0,31.21,26.0,264.0,24.0,100.0,1
66.0,31.21,11.0,240.0,37.0,100.0,1
20.0,31.21,16.0,252.0,13.0,100.0,1
22.0,31.21,18.0,258.0,21.0,100.0,1
50.0,31.21,22.0,245.99999999999997,23.0,100.0,1
68.0,31.21,13.0,240.0,51.0,100.0,2
35.0,31.21,8.0,258.0,31.0,100.0,1
63.0,31.21,24.0,258.0,29.0,100.0,1
42.0,31.21,12.0,258.0,15.0,100.0,1
13.0,31.21,13.0,252.0,27.0,100.0,1
75.0,31.21,15.0,258.0,13.0,100.0,1
54.0,31.21,39.0,240.0,134.0,100.0,2
70.0,31.21,25.0,222.0,79.0,100.0,2
70.0,31.21,29.0,270.0,15.0,100.0,1
32.0,31.21,11.0,245.99999999999997,7.0,100.0,1
17.0,31.21,9.0,276.0,12.0,100.0,1
22.0,31.21,44.0,252.0,26.0,100.0,2
62.0,31.21,23.0,282.0,76.0,100.0,2
21.0,31.21,31.0,252.0,15.0,100.0,1
41.0,31.21,10.0,234.0,12.0,100.0,1
22.0,31.21,18.0,228.0,11.0,100.0,1
43.0,31.21,21.0,258.0,21.0,100.0,1
17.0,31.21,8.0,282.0,13.0,100.0,1
64.0,31.21,11.0,240.0,17.0,100.0,1
70.0,31.21,18.0,240.0,20.0,100.0,1
16.0,31.21,11.0,240.0,7.0,100.0,1
22.0,31.21,43.0,270.0,20.0,100.0,2
55.0,31.21,14.0,258.0,18.0,100.0,1
14.0,31.21,15.0,245.99999999999997,10.0,100.0,1
30.0,31.21,27.0,234.0,25.0,100.0,1
28.0,31.21,28.0,245.99999999999997,26.0,100.0,1
13.0,31.21,20.0,276.0,12.0,100.0,1
18.0,31.21,11.0,245.99999999999997,17.0,100.0,1
17.0,31.21,26.0,258.0,16.0,100.0,1
25.0,31.21,22.0,245.99999999999997,11.0,100.0,1
60.0,31.21,13.0,264.0,23.0,100.0,1
64.0,31.21,79.0,258.0,28.0,100.0,2
64.0,31.21,11.0,222.0,12.0,100.0,1
57.0,31.21,12.0,240.0,17.0,100.0,1
61.0,31.21,32.0,234.0,27.0,100.0,1
73.0,31.21,11.0,252.0,24.0,100.0,1
17.0,31.21,11.0,234.0,10.0,100.0,1
64.0,31.21,20.0,245.99999999999997,31.0,100.0,1
30.0,31.21,21.0,252.0,7.0,100.0,1
70.0,31.21,23.0,228.0,23.0,100.0,1
59.0,31.21,13.0,258.0,8.0,100.0,1
17.0,31.21,19.0,240.0,28.0,100.0,1
47.0,31.21,15.0,264.0,22.0,100.0,1
39.0,31.21,7.0,216.0,17.0,100.0,1
23.0,31.21,9.0,270.0,9.0,100.0,1
19.0,31.21,23.0,245.99999999999997,33.0,100.0,1
65.0,31.21,19.0,276.0,22.0,100.0,1
33.0,31.21,54.0,264.0,107.0,100.0,3
13.0,31.21,9.0,276.0,9.0,100.0,1
48.0,31.21,16.0,282.0,25.0,100.0,1
16.0,31.21,10.0,264.0,14.0,100.0,1
14.0,31.21,79.0,282.0,47.0,100.0,2
77.0,31.21,23.0,210.0,21.0,100.0,1
80.0,31.21,57.0,252.0,109.0,100.0,3
12.0,31.21,28.0,234.0,33.0,100.0,1
25.0,31.21,9.0,204.0,5.0,100.0,1
31.0,31.21,9.0,228.0,30.0,100.0,1
39.0,31.21,84.0,198.0,45.0,100.0,2
48.0,31.21,20.0,252.0,21.0,100.0,1
47.0,31.21,21.0,270.0,83.0,100.0,2
40.0,31.21,21.0,240.0,43.0,100.0,1
13.0,31.21,9.0,245.99999999999997,7.0,100.0,1
55.0,31.21,19.0,234.0,25.0,100.0,1
27.0,31.21,18.0,240.0,8.0,100.0,1
12.0,31.21,12.0,258.0,9.0,100.0,1
39.0,31.21,15.0,198.0,17.0,100.0,1
29.0,31.21,15.0,216.0,17.0,100.0,1
28.0,31.21,12.0,270.0,23.0,100.0,1
64.0,31.21,57.0,252.0,646.0,100.0,3
34.0,31.21,23.0,240.0,17.0,100.0,1
68.0,31.21,10.0,228.0,23.0,100.0,1
36.0,31.21,15.0,228.0,15.0,100.0,1
63.0,31.21,14.0,222.0,21.0,100.0,1
69.0,31.21,17.0,216.0,13.0,100.0,1
33.0,31.21,12.0,240.0,19.0,100.0,1
39.0,31.21,9.0,252.0,9.0,100.0,1
57.0,31.21,29.0,245.99999999999997,10.0,100.0,1
78.0,31.21,18.0,228.0,17.0,100.0,1
70.0,31.21,20.0,252.0,27.0,100.0,1
22.0,31.21,10.0,252.0,11.0,100.0,1
20.0,31.21,5.0,270.0,13.0,100.0,1
66.0,31.21,25.0,245.99999999999997,26.0,100.0,1
18.0,31.21,11.0,282.0,13.0,100.0,1
31.0,31.21,22.0,216.0,40.0,100.0,1
39.0,31.21,43.0,258.0,75.0,100.0,3
19.0,31.21,14.0,234.0,28.0,100.0,1
19.0,31.21,19.0,276.0,17.0,100.0,1
59.0,31.21,9.0,228.0,22.0,100.0,1
26.0,31.21,45.0,234.0,65.0,100.0,3
39.0,31.21,19.0,222.0,39.0,100.0,1
57.0,31.21,21.0,258.0,15.0,100.0,1
74.0,31.21,11.0,245.99999999999997,15.0,100.0,1
18.0,31.21,13.0,276.0,14.0,100.0,1
46.0,31.21,12.0,216.0,24.0,100.0,1
14.0,31.21,11.0,264.0,14.0,100.0,1
22.0,31.21,17.0,258.0,9.0,100.0,1
43.0,31.21,41.0,264.0,45.0,100.0,2
47.0,31.21,8.0,228.0,12.0,100.0,1
72.0,31.21,16.0,210.0,16.0,100.0,1
28.0,31.21,30.0,252.0,30.0,100.0,1
41.0,31.21,13.0,240.0,17.0,100.0,1
51.0,31.21,8.0,222.0,20.0,100.0,1
23.0,31.21,12.0,270.0,10.0,100.0,1
66.0,31.21,14.0,204.0,20.0,100.0,1
38.0,31.21,40.0,264.0,28.0,100.0,1
53.0,31.21,31.0,216.0,21.0,100.0,1
13.0,31.21,10.0,282.0,14.0,100.0,1
78.0,31.21,9.0,228.0,16.0,100.0,1
61.0,31.21,39.0,245.99999999999997,87.0,100.0,2
43.0,31.21,8.0,228.0,19.0,100.0,1
15.0,31.21,24.0,258.0,35.0,100.0,1
12.0,31.21,14.0,264.0,9.0,100.0,1
19.0,31.21,24.0,282.0,25.0,100.0,1
67.0,31.21,36.0,282.0,35.0,100.0,1
61.0,31.21,27.0,228.0,38.0,100.0,1
42.0,31.21,13.0,264.0,13.0,100.0,1
12.0,31.21,12.0,264.0,9.0,100.0,1
49.0,31.21,13.0,245.99999999999997,15.0,100.0,1
14.0,31.21,15.0,276.0,16.0,100.0,1
56.0,31.21,18.0,245.99999999999997,35.0,100.0,1
60.0,31.21,16.0,240.0,15.0,100.0,1
28.0,31.21,21.0,282.0,22.0,100.0,1
62.0,31.21,36.0,234.0,22.0,100.0,1
64.0,31.21,6.0,216.0,17.0,100.0,1
61.0,31.21,19.0,288.0,59.0,100.0,2
19.0,31.21,9.0,245.99999999999997,8.0,100.0,1
15.0,31.21,31.0,228.0,20.0,100.0,1
47.0,31.21,102.0,264.0,68.0,100.0,3
80.0,31.21,21.0,252.0,52.0,100.0,2
19.0,31.21,11.0,270.0,13.0,100.0,1
57.0,31.21,15.0,216.0,11.0,100.0,1
17.0,31.21,17.0,264.0,20.0,100.0,1
74.0,31.21,48.0,228.0,28.0,100.0,2
48.0,31.21,29.0,245.99999999999997,43.0,100.0,1
71.0,31.21,19.0,234.0,20.0,100.0,1
14.0,31.21,24.0,258.0,11.0,100.0,1
26.0,31.21,24.0,264.0,17.0,100.0,1
62.0,31.21,10.0,258.0,10.0,100.0,1
17.0,31.21,26.0,222.0,22.0,100.0,1
44.0,31.21,36.0,264.0,42.0,100.0,1
40.0,31.21,14.0,240.0,12.0,100.0,1
22.0,31.21,14.0,245.99999999999997,21.0,100.0,1
61.0,31.21,38.0,258.0,30.0,100.0,1
51.0,31.21,13.0,245.99999999999997,15.0,100.0,1
56.0,31.21,23.0,222.0,20.0,100.0,1
63.0,31.21,21.0,168.0,62.0,100.0,2
25.0,31.21,12.0,276.0,17.0,100.0,1
20.0,31.21,13.0,264.0,10.0,100.0,1
30.0,31.21,17.0,270.0,19.0,100.0,1
53.0,31.21,24.0,245.99999999999997,25.0,100.0,1
14.0,31.21,14.0,222.0,19.0,100.0,1
31.0,31.21,46.0,245.99999999999997,57.0,100.0,3
37.0,31.21,74.0,234.0,78.0,100.0,3
67.0,31.21,12.0,240.0,60.0,100.0,2
49.0,31.21,73.0,245.99999999999997,34.0,100.0,2
62.0,31.21,17.0,264.0,18.0,100.0,1
35.0,31.21,38.0,270.0,31.0,100.0,1
42.0,31.21,16.0,252.0,17.0,100.0,1
17.0,31.21,17.0,258.0,20.0,100.0,1
18.0,31.21,22.0,276.0,13.0,100.0,1
69.0,31.21,18.0,240.0,19.0,100.0,1
17.0,31.21,23.0,276.0,19.0,100.0,1
20.0,31.21,15.0,288.0,10.0,100.0,1
48.0,31.21,36.0,264.0,29.0,100.0,1
33.0,31.21,13.0,258.0,15.0,100.0,1
80.0,31.21,9.0,245.99999999999997,10.0,100.0,1
52.0,31.21,22.0,144.0,56.0,100.0,2
80.0,31.21,23.0,264.0,33.0,100.0,1
27.0,31.21,14.0,252.0,19.0,100.0,1
55.0,31.21,10.0,222.0,15.0,100.0,1
23.0,31.21,10.0,270.0,10.0,100.0,1
60.0,31.21,9.0,228.0,11.0,100.0,1
32.0,31.21,11.0,228.0,8.0,100.0,1
47.0,31.21,28.0,252.0,79.0,100.0,2
60.0,31.21,10.0,288.0,21.0,100.0,1
37.0,31.21,10.0,234.0,10.0,100.0,1
28.0,31.21,42.0,222.0,27.0,100.0,2
19.0,31.21,37.0,270.0,30.0,100.0,1
45.0,31.21,10.0,222.0,17.0,100.0,1
67.0,31.21,8.0,216.0,18.0,100.0,1
54.0,31.21,20.0,240.0,17.0,100.0,1
42.0,31.21,10.0,234.0,41.0,100.0,1
45.0,31.21,9.0,252.0,7.0,100.0,1
62.0,31.21,8.0,270.0,29.0,100.0,1
23.0,31.21,20.0,288.0,21.0,100.0,1
19.0,31.21,16.0,252.0,19.0,100.0,1
17.0,31.21,12.0,264.0,10.0,100.0,1
63.0,31.21,43.0,240.0,155.0,100.0,3
23.0,31.21,34.0,245.99999999999997,46.0,100.0,1
54.0,31.21,23.0,240.0,30.0,100.0,1
31.0,31.21,51.0,300.0,28.0,100.0,2
17.0,31.21,14.0,288.0,12.0,100.0,1
52.0,31.21,30.0,228.0,14.0,100.0,1
47.0,31.21,63.0,240.0,69.0,100.0,3
43.0,31.21,36.0,252.0,27.0,100.0,1
58.0,31.21,14.0,216.0,14.0,100.0,1
80.0,31.21,10.0,234.0,21.0,100.0,1
70.0,31.21,19.0,216.0,22.0,100.0,1
13.0,31.21,13.0,245.99999999999997,11.0,100.0,1
33.0,31.21,10.0,234.0,20.0,100.0,1
51.0,31.21,19.0,258.0,27.0,100.0,1
16.0,31.21,18.0,245.99999999999997,12.0,100.0,1
44.0,31.21,28.0,245.99999999999997,26.0,100.0,1
71.0,31.21,13.0,222.0,19.0,100.0,1
12.0,31.21,8.0,282.0,10.0,100.0,1
19.0,31.21,30.0,245.99999999999997,31.0,100.0,1
71.0,31.21,18.0,258.0,37.0,100.0,1
54.0,31.21,28.0,240.0,28.0,100.0,1
42.0,31.21,12.0,258.0,15.0,100.0,1
59.0,31.21,11.0,258.0,34.0,100.0,1
62.0,31.21,16.0,228.0,11.0,100.0,1
70.0,31.21,13.0,276.0,18.0,100.0,1
62.0,31.21,19.0,288.0,19.0,100.0,1
55.0,31.21,12.0,252.0,22.0,100.0,1
22.0,31.21,36.0,234.0,42.0,100.0,1
14.0,31.21,21.0,222.0,17.0,100.0,1
31.0,31.21,9.0,228.0,16.0,100.0,1
29.0,31.21,76.0,264.0,216.0,100.0,3
70.0,31.21,27.0,252.0,24.0,100.0,1
72.0,31.21,17.0,222.0,20.0,100.0,1
18.0,31.21,12.0,222.0,9.0,100.0,1
48.0,31.21,23.0,245.99999999999997,23.0,100.0,1
12.0,31.21,17.0,245.99999999999997,16.0,100.0,1
26.0,31.21,6.0,240.0,12.0,100.0,1
12.0,31.21,14.0,258.0,10.0,100.0,1
59.0,31.21,19.0,270.0,23.0,100.0,1
65.0,31.21,17.0,216.0,34.0,100.0,1
25.0,31.21,26.0,252.0,49.0,100.0,2
56.0,31.21,15.0,252.0,26.0,100.0,1
25.0,31.21,13.0,234.0,12.0,100.0,1
55.0,31.21,22.0,210.0,109.0,100.0,2
57.0,31.21,15.0,210.0,54.0,100.0,2
80.0,31.21,10.0,204.0,11.0,100.0,1
22.0,31.21,13.0,240.0,15.0,100.0,1
19.0,31.21,9.0,210.0,16.0,100.0,1
44.0,31.21,7.0,245.99999999999997,10.0,100.0,1
44.0,31.21,30.0,222.0,22.0,100.0,1
67.0,31.21,12.0,252.0,11.0,100.0,1
17.0,31.21,19.0,245.99999999999997,19.0,100.0,1
48.0,31.21,24.0,252.0,41.0,100.0,1
25.0,31.21,17.0,252.0,23.0,100.0,1
31.0,31.21,11.0,245.99999999999997,16.0,100.0,1
72.0,31.21,20.0,264.0,81.0,100.0,2
28.0,31.21,18.0,264.0,2.0,100.0,1
76.0,31.21,31.0,245.99999999999997,24.0,100.0,1
62.0,31.21,13.0,234.0,22.0,100.0,1
17.0,31.21,29.0,245.99999999999997,17.0,100.0,1
31.0,31.21,9.0,240.0,15.0,100.0,1
73.0,31.21,18.0,234.0,50.0,100.0,2
30.0,31.21,37.0,245.99999999999997,112.0,100.0,2
45.0,31.21,19.0,258.0,9.0,100.0,1
30.0,31.21,8.0,240.0,12.0,100.0,1
61.0,31.21,18.0,264.0,33.0,100.0,1
24.0,31.21,13.0,258.0,26.0,100.0,1
48.0,31.21,20.0,264.0,41.0,100.0,1
28.0,31.21,49.0,276.0,63.0,100.0,3
44.0,31.21,21.0,264.0,29.0,100.0,1
60.0,31.21,25.0,216.0,25.0,100.0,1
15.0,31.21,12.0,258.0,13.0,100.0,1
80.0,31.21,11.0,240.0,15.0,100.0,1
56.0,31.21,21.0,252.0,26.0,100.0,1
73.0,31.21,13.0,258.0,9.0,100.0,1
35.0,31.21,14.0,162.0,8.0,100.0,1
55.0,31.21,24.0,240.0,42.0,100.0,1
56.0,31.21,17.0,245.99999999999997,27.0,100.0,1
20.0,31.21,23.0,234.0,35.0,100.0,1
72.0,31.21,20.0,240.0,68.0,100.0,2
32.0,31.21,35.0,258.0,12.0,100.0,1
65.0,31.21,19.0,252.0,36.0,100.0,1
35.0,31.21,28.0,258.0,42.0,100.0,1
24.0,31.21,8.0,228.0,5.0,100.0,1
52.0,31.21,21.0,234.0,20.0,100.0,1
61.0,31.21,18.0,216.0,78.0,100.0,2
16.0,31.21,9.0,264.0,23.0,100.0,1
56.0,31.21,56.0,245.99999999999997,89.0,100.0,3
47.0,31.21,19.0,276.0,22.0,100.0,1
52.0,31.21,14.0,240.0,12.0,100.0,1
76.0,31.21,11.0,228.0,29.0,100.0,1
43.0,31.21,34.0,276.0,37.0,100.0,1
61.0,31.21,13.0,264.0,61.0,100.0,2
54.0,31.21,19.0,228.0,24.0,100.0,1
26.0,31.21,34.0,276.0,18.0,100.0,1
61.0,31.21,15.0,210.0,18.0,100.0,1
19.0,31.21,22.0,258.0,7.0,100.0,1
38.0,31.21,26.0,252.0,31.0,100.0,1
17.0,31.21,18.0,245.99999999999997,15.0,100.0,1
42.0,31.21,61.0,258.0,28.0,100.0,2
44.0,31.21,11.0,258.0,17.0,100.0,1
13.0,31.21,9.0,252.0,14.0,100.0,1
77.0,31.21,22.0,270.0,35.0,100.0,1
14.0,31.21,8.0,234.0,10.0,100.0,1
33.0,31.21,26.0,270.0,14.0,100.0,1
29.0,31.21,22.0,270.0,25.0,100.0,1
35.0,31.21,27.0,264.0,40.0,100.0,1
27.0,31.21,6.0,180.0,10.0,100.0,1
53.0,31.21,12.0,240.0,9.0,100.0,1
17.0,31.21,9.0,252.0,10.0,100.0,1
13.0,31.21,11.0,258.0,11.0,100.0,1
32.0,31.21,16.0,264.0,15.0,100.0,1
54.0,31.21,22.0,234.0,27.0,100.0,1
13.0,31.21,10.0,270.0,11.0,100.0,1
54.0,31.21,9.0,240.0,17.0,100.0,1
57.0,31.21,9.0,222.0,17.0,100.0,1
78.0,31.21,14.0,222.0,9.0,100.0,1
54.0,31.21,26.0,228.0,13.0,100.0,1
64.0,31.21,14.0,258.0,17.0,100.0,1
22.0,31.21,11.0,210.0,10.0,100.0,1
49.0,31.21,19.0,258.0,22.0,100.0,1
23.0,31.21,13.0,252.0,23.0,100.0,1
32.0,31.21,8.0,258.0,15.0,100.0,1
66.0,31.21,14.0,245.99999999999997,13.0,100.0,1
59.0,31.21,19.0,252.0,148.0,100.0,2
57.0,31.21,12.0,228.0,38.0,100.0,1
14.0,31.21,8.0,276.0,9.0,100.0,1
69.0,31.21,15.0,252.0,19.0,100.0,1
25.0,31.21,23.0,234.0,13.0,100.0,1
13.0,31.21,18.0,216.0,31.0,100.0,1
24.0,31.21,12.0,234.0,13.0,100.0,1
70.0,31.21,13.0,240.0,13.0,100.0,1
57.0,31.21,29.0,264.0,51.0,100.0,2
34.0,31.21,15.0,245.99999999999997,14.0,100.0,1
64.0,31.21,25.0,228.0,143.0,100.0,2
17.0,31.21,9.0,258.0,12.0,100.0,1
76.0,31.21,13.0,240.0,29.0,100.0,1
54.0,31.21,23.0,228.0,52.0,100.0,2
72.0,31.21,43.0,228.0,66.0,100.0,3
47.0,31.21,23.0,258.0,32.0,100.0,1
48.0,31.21,20.0,252.0,26.0,100.0,1
65.0,31.21,19.0,245.99999999999997,19.0,100.0,1
64.0,31.21,22.0,222.0,16.0,100.0,1
61.0,31.21,16.0,252.0,14.0,100.0,1
25.0,31.21,47.0,282.0,23.0,100.0,2
17.0,31.21,12.0,276.0,11.0,100.0,1
12.0,31.21,56.0,252.0,30.0,100.0,2
66.0,31.21,10.0,264.0,12.0,100.0,1
16.0,31.21,9.0,258.0,11.0,100.0,1
63.0,31.21,40.0,258.0,35.0,100.0,1
31.0,31.21,14.0,245.99999999999997,12.0,100.0,1
80.0,31.21,13.0,264.0,12.0,100.0,1
71.0,31.21,12.0,228.0,22.0,100.0,1
71.0,31.21,9.0,222.0,9.0,100.0,1
47.0,31.21,8.0,234.0,13.0,100.0,1
52.0,31.21,24.0,240.0,40.0,100.0,1
47.0,31.21,88.0,245.99999999999997,13.0,100.0,2
42.0,31.21,12.0,245.99999999999997,17.0,100.0,1
74.0,31.21,24.0,216.0,19.0,100.0,1
28.0,31.21,13.0,276.0,13.0,100.0,1
52.0,31.21,26.0,216.0,95.0,100.0,2
45.0,31.21,12.0,240.0,39.0,100.0,1
58.0,31.21,23.0,240.0,14.0,100.0,1
64.0,31.21,7.0,228.0,11.0,100.0,1
15.0,31.21,8.0,270.0,15.0,100.0,1
34.0,31.21,12.0,222.0,27.0,100.0,1
16.0,31.21,24.0,264.0,14.0,100.0,1
66.0,31.21,19.0,245.99999999999997,35.0,100.0,1
60.0,31.21,15.0,234.0,19.0,100.0,1
16.0,31.21,12.0,282.0,10.0,100.0,1
45.0,31.21,20.0,240.0,20.0,100.0,1
49.0,31.21,17.0,264.0,16.0,100.0,1
73.0,31.21,19.0,270.0,15.0,100.0,1
60.0,31.21,11.0,228.0,17.0,100.0,1
37.0,31.21,19.0,240.0,18.0,100.0,1
18.0,31.21,52.0,264.0,33.0,100.0,2
67.0,31.21,18.0,240.0,26.0,100.0,1
36.0,31.21,27.0,234.0,17.0,100.0,1
16.0,31.21,19.0,258.0,15.0,100.0,1
21.0,31.21,8.0,180.0,5.0,100.0,1
33.0,31.21,18.0,245.99999999999997,10.0,100.0,1
64.0,31.21,21.0,198.0,23.0,100.0,1
65.0,31.21,7.0,204.0,14.0,100.0,1
44.0,31.21,23.0,258.0,43.0,100.0,1
19.0,31.21,4.0,245.99999999999997,12.0,100.0,1
30.0,31.21,13.0,234.0,10.0,100.0,1
39.0,31.21,8.0,222.0,17.0,100.0,1
57.0,31.21,22.0,258.0,37.0,100.0,1
69.0,31.21,15.0,240.0,15.0,100.0,1
43.0,31.21,41.0,240.0,56.0,100.0,3
24.0,31.21,6.0,156.0,3.0,100.0,1
13.0,31.21,18.0,245.99999999999997,10.0,100.0,1
73.0,31.21,39.0,234.0,96.0,100.0,2
68.0,31.21,24.0,252.0,17.0,100.0,1
31.0,31.21,13.0,210.0,14.0,100.0,1
36.0,31.21,13.0,245.99999999999997,16.0,100.0,1
32.0,31.21,18.0,234.0,18.0,100.0,1
80.0,31.21,16.0,234.0,24.0,100.0,1
15.0,31.21,15.0,252.0,10.0,100.0,1
58.0,31.21,20.0,264.0,24.0,100.0,1
12.0,31.21,12.0,252.0,11.0,100.0,1
22.0,31.21,23.0,245.99999999999997,17.0,100.0,1
14.0,31.21,25.0,228.0,28.0,100.0,1
32.0,31.21,21.0,216.0,16.0,100.0,1
52.0,31.21,18.0,245.99999999999997,16.0,100.0,1
35.0,31.21,8.0,252.0,8.0,100.0,1
61.0,31.21,13.0,228.0,34.0,100.0,1
14.0,31.21,13.0,258.0,18.0,100.0,1
65.0,31.21,29.0,245.99999999999997,48.0,100.0,1
56.0,31.21,29.0,245.99999999999997,20.0,100.0,1
44.0,31.21,17.0,240.0,59.0,100.0,2
16.0,31.21,47.0,240.0,269.0,100.0,3
22.0,31.21,10.0,264.0,11.0,100.0,1
31.0,31.21,15.0,245.99999999999997,11.0,100.0,1
53.0,31.21,12.0,234.0,36.0,100.0,1
53.0,31.21,17.0,252.0,15.0,100.0,1
45.0,31.21,14.0,210.0,18.0,100.0,1
39.0,31.21,11.0,258.0,28.0,100.0,1
80.0,31.21,12.0,234.0,15.0,100.0,1
74.0,31.21,100.0,252.0,55.0,100.0,3
75.0,31.21,16.0,186.0,18.0,100.0,1
16.0,31.21,14.0,216.0,18.0,100.0,1
47.0,31.21,30.0,270.0,27.0,100.0,1
57.0,31.21,16.0,216.0,96.0,100.0,2
41.0,31.21,37.0,228.0,43.0,100.0,1
26.0,31.21,10.0,222.0,8.0,100.0,1
15.0,31.21,20.0,276.0,13.0,100.0,1
64.0,31.21,10.0,264.0,21.0,100.0,1
17.0,31.21,15.0,252.0,17.0,100.0,1
27.0,31.21,21.0,210.0,45.0,100.0,1
41.0,31.21,19.0,264.0,19.0,100.0,1
27.0,31.21,20.0,216.0,39.0,100.0,1
36.0,31.21,17.0,245.99999999999997,27.0,100.0,1
60.0,31.21,54.0,234.0,63.0,100.0,3
18.0,31.21,21.0,245.99999999999997,12.0,100.0,1
24.0,31.21,29.0,264.0,20.0,100.0,1
76.0,31.21,16.0,252.0,11.0,100.0,1
73.0,31.21,13.0,234.0,30.0,100.0,1
61.0,31.21,14.0,228.0,27.0,100.0,1
57.0,31.21,22.0,252.0,87.0,100.0,2
17.0,31.21,10.0,276.0,10.0,100.0,1
50.0,31.21,22.0,228.0,24.0,100.0,1
26.0,31.21,19.0,252.0,21.0,100.0,1
77.0,31.21,31.0,252.0,14.0,100.0,1
68.0,31.21,27.0,222.0,15.0,100.0,1
41.0,31.21,28.0,270.0,45.0,100.0,1
76.0,31.21,12.0,222.0,68.0,100.0,2
32.0,31.21,12.0,240.0,19.0,100.0,1
41.0,31.21,14.0,245.99999999999997,10.0,100.0,1
66.0,31.21,10.0,222.0,9.0,100.0,1
26.0,31.21,15.0,276.0,23.0,100.0,1
42.0,31.21,25.0,282.0,27.0,100.0,1
78.0,31.21,11.0,222.0,18.0,100.0,1
63.0,31.21,21.0,245.99999999999997,23.0,100.0,1
36.0,31.21,16.0,192.0,10.0,100.0,1
43.0,31.21,12.0,234.0,10.0,100.0,1
50.0,31.21,15.0,216.0,18.0,100.0,1
25.0,31.21,13.0,282.0,14.0,100.0,1
34.0,31.21,16.0,228.0,9.0,100.0,1
66.0,31.21,23.0,240.0,68.0,100.0,2
60.0,31.21,18.0,270.0,23.0,100.0,1
31.0,31.21,10.0,210.0,17.0,100.0,1
51.0,31.21,17.0,245.99999999999997,14.0,100.0,1
15.0,31.21,25.0,222.0,12.0,100.0,1
62.0,31.21,41.0,252.0,54.0,100.0,3
62.0,31.21,29.0,245.99999999999997,16.0,100.0,1
12.0,31.21,22.0,252.0,18.0,100.0,1
63.0,31.21,42.0,234.0,28.0,100.0,2
56.0,31.21,5.0,270.0,12.0,100.0,1
14.0,31.21,15.0,234.0,9.0,100.0,1
16.0,31.21,10.0,264.0,9.0,100.0,1
43.0,31.21,27.0,240.0,26.0,100.0,1
16.0,31.21,13.0,228.0,15.0,100.0,1
47.0,31.21,10.0,216.0,17.0,100.0,1
69.0,31.21,21.0,228.0,18.0,100.0,1
71.0,31.21,25.0,245.99999999999997,22.0,100.0,1
45.0,31.21,20.0,234.0,51.0,100.0,2
53.0,31.21,29.0,258.0,234.0,100.0,2
63.0,31.21,11.0,216.0,14.0,100.0,1
15.0,31.21,11.0,258.0,14.0,100.0,1
15.0,31.21,13.0,276.0,14.0,100.0,1
53.0,31.21,58.0,258.0,24.0,100.0,2
27.0,31.21,9.0,234.0,12.0,100.0,1
26.0,31.21,44.0,270.0,29.0,100.0,2
46.0,31.21,16.0,245.99999999999997,29.0,100.0,1
54.0,31.21,12.0,234.0,17.0,100.0,1
79.0,31.21,13.0,264.0,59.0,100.0,2
45.0,31.21,16.0,186.0,18.0,100.0,1
54.0,31.21,13.0,240.0,22.0,100.0,1
12.0,31.21,15.0,258.0,13.0,100.0,1
41.0,31.21,19.0,264.0,27.0,100.0,1
47.0,31.21,14.0,216.0,21.0,100.0,1
19.0,31.21,9.0,245.99999999999997,23.0,100.0,1
25.0,31.21,17.0,245.99999999999997,27.0,100.0,1
62.0,31.21,34.0,282.0,54.0,100.0,2
45.0,31.21,40.0,252.0,31.0,100.0,1
42.0,31.21,22.0,264.0,119.0,100.0,2
47.0,31.21,57.0,234.0,96.0,100.0,3
35.0,31.21,96.0,252.0,176.0,100.0,3
17.0,31.21,9.0,264.0,11.0,100.0,1
43.0,31.21,27.0,222.0,20.0,100.0,1
66.0,31.21,14.0,228.0,25.0,100.0,1
80.0,31.21,21.0,240.0,9.0,100.0,1
15.0,31.21,11.0,210.0,11.0,100.0,1
14.0,31.21,8.0,270.0,21.0,100.0,1
25.0,31.21,10.0,258.0,8.0,100.0,1
18.0,31.21,8.0,258.0,9.0,100.0,1
60.0,31.21,8.0,264.0,25.0,100.0,1
28.0,31.21,16.0,240.0,17.0,100.0,1
71.0,31.21,18.0,222.0,10.0,100.0,1
72.0,31.21,15.0,252.0,14.0,100.0,1
65.0,31.21,22.0,270.0,20.0,100.0,1
15.0,31.21,11.0,258.0,12.0,100.0,1
43.0,31.21,20.0,240.0,51.0,100.0,2
38.0,31.21,13.0,234.0,14.0,100.0,1
77.0,31.21,12.0,234.0,33.0,100.0,1
60.0,31.21,29.0,282.0,19.0,100.0,1
22.0,31.21,9.0,240.0,9.0,100.0,1
67.0,31.21,19.0,234.0,19.0,100.0,1
75.0,31.21,20.0,228.0,27.0,100.0,1
64.0,31.21,22.0,276.0,37.0,100.0,1
66.0,31.21,45.0,245.99999999999997,39.0,100.0,2
50.0,31.21,22.0,216.0,47.0,100.0,1
54.0,31.21,41.0,204.0,170.0,100.0,3
80.0,31.21,14.0,222.0,22.0,100.0,1
39.0,31.21,14.0,252.0,22.0,100.0,1
52.0,31.21,17.0,245.99999999999997,15.0,100.0,1
73.0,31.21,30.0,234.0,16.0,100.0,1
15.0,31.21,13.0,222.0,9.0,100.0,1
20.0,31.21,32.0,216.0,22.0,100.0,1
46.0,31.21,28.0,216.0,212.0,100.0,2
18.0,31.21,18.0,240.0,10.0,100.0,1
68.0,31.21,18.0,198.0,177.0,100.0,2
68.0,31.21,14.0,234.0,16.0,100.0,1
44.0,31.21,15.0,210.0,10.0,100.0,1
35.0,31.21,11.0,240.0,7.0,100.0,1
80.0,31.21,15.0,234.0,33.0,100.0,1
53.0,31.21,30.0,240.0,36.0,100.0,1
52.0,31.21,9.0,228.0,13.0,100.0,1
24.0,31.21,49.0,245.99999999999997,33.0,100.0,2
50.0,31.21,22.0,252.0,33.0,100.0,1
66.0,31.21,23.0,264.0,25.0,100.0,1
40.0,31.21,8.0,245.99999999999997,21.0,100.0,1
12.0,31.21,24.0,228.0,17.0,100.0,1
54.0,31.21,25.0,228.0,58.0,100.0,2
68.0,31.21,16.0,252.0,14.0,100.0,1
50.0,31.21,24.0,192.0,355.0,100.0,2
60.0,31.21,21.0,234.0,35.0,100.0,1
21.0,31.21,9.0,252.0,10.0,100.0,1
77.0,31.21,17.0,240.0,18.0,100.0,1
56.0,31.21,15.0,245.99999999999997,13.0,100.0,1
58.0,31.21,21.0,252.0,29.0,100.0,1
59.0,31.21,19.0,276.0,20.0,100.0,1
17.0,31.21,14.0,245.99999999999997,13.0,100.0,1
29.0,31.21,18.0,168.0,15.0,100.0,1
39.0,31.21,14.0,210.0,30.0,100.0,1
48.0,31.21,26.0,240.0,63.0,100.0,2
34.0,31.21,11.0,245.99999999999997,12.0,100.0,1
16.0,31.21,13.0,264.0,11.0,100.0,1
23.0,31.21,77.0,245.99999999999997,148.0,100.0,3
62.0,31.21,26.0,258.0,51.0,100.0,2
31.0,31.21,49.0,258.0,28.0,100.0,2
80.0,31.21,15.0,234.0,23.0,100.0,1
35.0,31.21,53.0,234.0,10.0,100.0,2
24.0,31.21,16.0,222.0,16.0,100.0,1
15.0,31.21,11.0,282.0,16.0,100.0,1
56.0,31.21,17.0,234.0,12.0,100.0,1
36.0,31.21,56.0,258.0,42.0,100.0,2
46.0,31.21,18.0,240.0,20.0,100.0,1
79.0,31.21,18.0,264.0,13.0,100.0,1
27.0,31.21,10.0,234.0,11.0,100.0,1
43.0,31.21,12.0,228.0,22.0,100.0,1
39.0,31.21,27.0,258.0,25.0,100.0,1
58.0,31.21,14.0,192.0,109.0,100.0,2
44.0,31.21,24.0,258.0,15.0,100.0,1
68.0,31.21,10.0,258.0,20.0,100.0,1
80.0,31.21,26.0,245.99999999999997,24.0,100.0,1
58.0,31.21,16.0,245.99999999999997,32.0,100.0,1
67.0,31.21,12.0,216.0,61.0,100.0,2
72.0,31.21,16.0,234.0,53.0,100.0,2
13.0,31.21,28.0,270.0,22.0,100.0,1
17.0,31.21,14.0,245.99999999999997,18.0,100.0,1
18.0,31.21,17.0,270.0,24.0,100.0,1
69.0,31.21,15.0,276.0,27.0,100.0,1
61.0,31.21,25.0,234.0,29.0,100.0,1
55.0,31.21,14.0,240.0,9.0,100.0,1
55.0,31.21,11.0,245.99999999999997,14.0,100.0,1
67.0,31.21,13.0,234.0,31.0,100.0,1
16.0,31.21,15.0,234.0,12.0,100.0,1
63.0,31.21,16.0,245.99999999999997,11.0,100.0,1
12.0,31.21,16.0,252.0,20.0,100.0,1
50.0,31.21,24.0,258.0,22.0,100.0,1
38.0,31.21,10.0,245.99999999999997,10.0,100.0,1
42.0,31.21,24.0,245.99999999999997,29.0,100.0,1
80.0,31.21,12.0,245.99999999999997,18.0,100.0,1
80.0,31.21,17.0,234.0,68.0,100.0,2
12.0,31.21,13.0,252.0,12.0,100.0,1
31.0,31.21,19.0,228.0,59.0,100.0,2
50.0,31.21,57.0,270.0,42.0,100.0,2
69.0,31.21,16.0,222.0,25.0,100.0,1
67.0,31.21,54.0,198.0,140.0,100.0,3
56.0,31.21,15.0,234.0,24.0,100.0,1
34.0,31.21,9.0,270.0,9.0,100.0,1
25.0,31.21,19.0,252.0,18.0,100.0,1
36.0,31.21,22.0,258.0,35.0,100.0,1
17.0,31.21,162.0,264.0,66.0,100.0,3
55.0,31.21,27.0,264.0,24.0,100.0,1
60.0,31.21,50.0,216.0,310.0,100.0,3
18.0,31.21,19.0,294.0,18.0,100.0,1
46.0,31.21,20.0,276.0,27.0,100.0,1
45.0,31.21,23.0,216.0,13.0,100.0,1
18.0,31.21,23.0,258.0,17.0,100.0,1
54.0,31.21,20.0,240.0,31.0,100.0,1
53.0,31.21,19.0,264.0,25.0,100.0,1
28.0,31.21,14.0,245.99999999999997,14.0,100.0,1
17.0,31.21,12.0,234.0,9.0,100.0,1
60.0,31.21,13.0,228.0,37.0,100.0,1
63.0,31.21,18.0,264.0,13.0,100.0,1
65.0,31.21,16.0,252.0,10.0,100.0,1
68.0,31.21,16.0,252.0,21.0,100.0,1
48.0,31.21,40.0,270.0,24.0,100.0,1
54.0,31.21,25.0,228.0,18.0,100.0,1
57.0,31.21,21.0,234.0,21.0,100.0,1
37.0,31.21,13.0,258.0,16.0,100.0,1
15.0,31.21,8.0,245.99999999999997,8.0,100.0,1
35.0,31.21,51.0,240.0,44.0,100.0,2
71.0,31.21,7.0,210.0,17.0,100.0,1
13.0,31.21,9.0,216.0,9.0,100.0,1
39.0,31.21,14.0,234.0,13.0,100.0,1
57.0,31.21,14.0,264.0,20.0,100.0,1
47.0,31.21,25.0,222.0,41.0,100.0,1
18.0,31.21,7.0,240.0,9.0,100.0,1
17.0,31.21,15.0,276.0,49.0,100.0,2
31.0,31.21,21.0,240.0,19.0,100.0,1
78.0,31.21,10.0,228.0,14.0,100.0,1
33.0,31.21,8.0,228.0,12.0,100.0,1
52.0,31.21,33.0,228.0,14.0,100.0,1
40.0,31.21,14.0,264.0,24.0,100.0,1
33.0,31.21,7.0,234.0,17.0,100.0,1
26.0,31.21,20.0,252.0,33.0,100.0,1
67.0,31.21,16.0,210.0,278.0,100.0,2
80.0,31.21,12.0,252.0,11.0,100.0,1
30.0,31.21,19.0,288.0,30.0,100.0,1
73.0,31.21,45.0,282.0,65.0,100.0,3
40.0,31.21,10.0,234.0,14.0,100.0,1
27.0,31.21,8.0,258.0,22.0,100.0,1
44.0,31.21,13.0,252.0,18.0,100.0,1
26.0,31.21,9.0,270.0,7.0,100.0,1
72.0,31.21,19.0,258.0,18.0,100.0,1
67.0,31.21,17.0,234.0,13.0,100.0,1
47.0,31.21,18.0,282.0,21.0,100.0,1
51.0,31.21,17.0,245.99999999999997,15.0,100.0,1
13.0,31.21,10.0,245.99999999999997,12.0,100.0,1
24.0,31.21,10.0,245.99999999999997,19.0,100.0,1
37.0,31.21,13.0,252.0,19.0,100.0,1
53.0,31.21,27.0,270.0,33.0,100.0,1
38.0,31.21,10.0,234.0,12.0,100.0,1
77.0,31.21,12.0,252.0,14.0,100.0,1
39.0,31.21,12.0,222.0,19.0,100.0,1
50.0,31.21,7.0,204.0,10.0,100.0,1
53.0,31.21,23.0,270.0,13.0,100.0,1
56.0,31.21,42.0,216.0,62.0,100.0,3
22.0,31.21,12.0,245.99999999999997,10.0,100.0,1
36.0,31.21,23.0,294.0,28.0,100.0,1
46.0,31.21,16.0,222.0,24.0,100.0,1
63.0,31.21,15.0,245.99999999999997,26.0,100.0,1
22.0,31.21,20.0,258.0,33.0,100.0,1
63.0,31.21,14.0,282.0,18.0,100.0,1
20.0,31.21,8.0,198.0,16.0,100.0,1
32.0,31.21,54.0,252.0,28.0,100.0,2
30.0,31.21,38.0,270.0,67.0,100.0,2
54.0,31.21,40.0,245.99999999999997,21.0,100.0,1
59.0,31.21,53.0,258.0,112.0,100.0,3
62.0,31.21,25.0,240.0,31.0,100.0,1
71.0,31.21,9.0,216.0,18.0,100.0,1
80.0,31.21,14.0,222.0,20.0,100.0,1
78.0,31.21,15.0,222.0,24.0,100.0,1
58.0,31.21,25.0,228.0,30.0,100.0,1
18.0,31.21,12.0,222.0,11.0,100.0,1
27.0,31.21,25.0,252.0,25.0,100.0,1
65.0,31.21,31.0,245.99999999999997,25.0,100.0,1
48.0,31.21,11.0,240.0,19.0,100.0,1
19.0,31.21,16.0,282.0,12.0,100.0,1
25.0,31.21,33.0,264.0,32.0,100.0,1
31.0,31.21,9.0,222.0,9.0,100.0,1
79.0,31.21,15.0,228.0,28.0,100.0,1
68.0,31.21,19.0,228.0,14.0,100.0,1
41.0,31.21,11.0,240.0,19.0,100.0,1
23.0,31.21,95.0,258.0,85.0,100.0,3
69.0,31.21,24.0,258.0,20.0,100.0,1
33.0,31.21,15.0,252.0,18.0,100.0,1
33.0,31.21,32.0,245.99999999999997,33.0,100.0,1
12.0,31.21,11.0,234.0,10.0,100.0,1
80.0,31.21,12.0,222.0,17.0,100.0,1
52.0,31.21,24.0,228.0,21.0,100.0,1
69.0,31.21,7.0,234.0,17.0,100.0,1
38.0,31.21,21.0,204.0,40.0,100.0,1
69.0,31.21,10.0,240.0,24.0,100.0,1
53.0,31.21,15.0,234.0,21.0,100.0,1
30.0,31.21,37.0,276.0,53.0,100.0,2
28.0,31.21,13.0,245.99999999999997,10.0,100.0,1
39.0,31.21,9.0,228.0,7.0,100.0,1
64.0,31.21,26.0,245.99999999999997,49.0,100.0,2
65.0,31.21,21.0,270.0,37.0,100.0,1
32.0,31.21,26.0,252.0,25.0,100.0,1
22.0,31.21,30.0,162.0,15.0,100.0,1
80.0,31.21,13.0,245.99999999999997,23.0,100.0,1
19.0,31.21,10.0,288.0,12.0,100.0,1
46.0,31.21,19.0,240.0,24.0,100.0,1
38.0,31.21,13.0,258.0,19.0,100.0,1
61.0,31.21,28.0,168.0,12.0,100.0,1
75.0,31.21,48.0,245.99999999999997,33.0,100.0,2
52.0,31.21,22.0,245.99999999999997,10.0,100.0,1
37.0,31.21,21.0,240.0,16.0,100.0,1
35.0,31.21,20.0,234.0,23.0,100.0,1
23.0,31.21,18.0,270.0,13.0,100.0,1
70.0,31.21,21.0,245.99999999999997,24.0,100.0,1
66.0,31.21,22.0,258.0,8.0,100.0,1
38.0,31.21,14.0,240.0,25.0,100.0,1
44.0,31.21,23.0,245.99999999999997,20.0,100.0,1
34.0,31.21,10.0,216.0,13.0,100.0,1
32.0,31.21,54.0,270.0,42.0,100.0,2
33.0,31.21,36.0,258.0,72.0,100.0,2
71.0,31.21,13.0,234.0,11.0,100.0,1
39.0,31.21,15.0,228.0,19.0,100.0,1
57.0,31.21,15.0,240.0,21.0,100.0,1
34.0,31.21,20.0,252.0,21.0,100.0,1
42.0,31.21,13.0,216.0,15.0,100.0,1
80.0,31.21,10.0,222.0,22.0,100.0,1
80.0,31.21,13.0,234.0,17.0,100.0,1
48.0,31.21,28.0,234.0,17.0,100.0,1
40.0,31.21,35.0,252.0,17.0,100.0,1
42.0,31.21,146.0,204.0,556.0,100.0,3
35.0,31.21,89.0,270.0,107.0,100.0,3
76.0,31.21,12.0,240.0,18.0,100.0,1
37.0,31.21,22.0,270.0,16.0,100.0,1
48.0,31.21,15.0,234.0,10.0,100.0,1
19.0,31.21,14.0,245.99999999999997,17.0,100.0,1
12.0,31.21,16.0,300.0,25.0,100.0,1
25.0,31.21,11.0,228.0,26.0,100.0,1
63.0,31.21,14.0,222.0,12.0,100.0,1
22.0,31.21,14.0,240.0,36.0,100.0,1
40.0,31.21,49.0,240.0,18.0,100.0,2
29.0,31.21,10.0,222.0,12.0,100.0,1
12.0,31.21,15.0,240.0,16.0,100.0,1
69.0,31.21,42.0,245.99999999999997,58.0,100.0,3
71.0,31.21,15.0,234.0,24.0,100.0,1
46.0,31.21,19.0,245.99999999999997,29.0,100.0,1
80.0,31.21,19.0,222.0,30.0,100.0,1
47.0,31.21,13.0,198.0,47.0,100.0,1
57.0,31.21,23.0,252.0,19.0,100.0,1
20.0,31.21,15.0,294.0,19.0,100.0,1
67.0,31.21,27.0,234.0,20.0,100.0,1
29.0,31.21,20.0,252.0,10.0,100.0,1
39.0,31.21,11.0,210.0,15.0,100.0,1
52.0,31.21,47.0,245.99999999999997,71.0,100.0,3
37.0,31.21,14.0,222.0,14.0,100.0,1
20.0,31.21,53.0,240.0,40.0,100.0,2
61.0,31.21,37.0,258.0,46.0,100.0,1
19.0,31.21,20.0,245.99999999999997,37.0,100.0,1
17.0,31.21,19.0,264.0,29.0,100.0,1
36.0,31.21,9.0,228.0,11.0,100.0,1
26.0,31.21,14.0,270.0,9.0,100.0,1
20.0,31.21,70.0,240.0,31.0,100.0,2
80.0,31.21,27.0,258.0,45.0,100.0,1
13.0,31.21,12.0,264.0,12.0,100.0,1
24.0,31.21,14.0,276.0,11.0,100.0,1
71.0,31.21,19.0,270.0,23.0,100.0,1
31.0,31.21,15.0,264.0,11.0,100.0,1
53.0,31.21,16.0,252.0,22.0,100.0,1
35.0,31.21,33.0,245.99999999999997,34.0,100.0,1
48.0,31.21,26.0,252.0,129.0,100.0,2
22.0,31.21,15.0,264.0,11.0,100.0,1
61.0,31.21,17.0,216.0,37.0,100.0,1
39.0,31.21,16.0,222.0,26.0,100.0,1
60.0,31.21,24.0,240.0,31.0,100.0,1
15.0,31.21,9.0,270.0,8.0,100.0,1
55.0,31.21,18.0,198.0,27.0,100.0,1
37.0,31.21,18.0,228.0,10.0,100.0,1
28.0,31.21,11.0,252.0,10.0,100.0,1
13.0,31.21,13.0,222.0,13.0,100.0,1
77.0,31.21,25.0,252.0,23.0,100.0,1
29.0,31.21,23.0,258.0,20.0,100.0,1
53.0,31.21,53.0,270.0,67.0,100.0,3
19.0,31.21,17.0,276.0,10.0,100.0,1
41.0,31.21,14.0,240.0,19.0,100.0,1
80.0,31.21,36.0,282.0,17.0,100.0,1
27.0,31.21,15.0,180.0,32.0,100.0,1
18.0,31.21,7.0,270.0,10.0,100.0,1
48.0,31.21,11.0,234.0,16.0,100.0,1
66.0,31.21,50.0,245.99999999999997,36.0,100.0,2
39.0,31.21,15.0,240.0,14.0,100.0,1
40.0,31.21,21.0,240.0,26.0,100.0,1
26.0,31.21,13.0,210.0,24.0,100.0,1
20.0,31.21,8.0,282.0,14.0,100.0,1
38.0,31.21,20.0,222.0,11.0,100.0,1
46.0,31.21,48.0,276.0,52.0,100.0,3
15.0,31.21,13.0,240.0,26.0,100.0,1
17.0,31.21,13.0,258.0,10.0,100.0,1
60.0,31.21,9.0,245.99999999999997,9.0,100.0,1
12.0,31.21,8.0,240.0,6.0,100.0,1
66.0,31.21,14.0,240.0,18.0,100.0,1
80.0,31.21,55.0,228.0,85.0,100.0,3
80.0,31.21,28.0,228.0,64.0,100.0,2
69.0,31.21,44.0,252.0,52.0,100.0,3
32.0,31.21,13.0,240.0,15.0,100.0,1
44.0,31.21,10.0,264.0,10.0,100.0,1
19.0,31.21,26.0,258.0,43.0,100.0,1
73.0,31.21,24.0,245.99999999999997,66.0,100.0,2
27.0,31.21,7.0,276.0,22.0,100.0,1
12.0,31.21,10.0,252.0,12.0,100.0,1
25.0,31.21,18.0,234.0,11.0,100.0,1
54.0,31.21,47.0,258.0,30.0,100.0,2
23.0,31.21,14.0,258.0,18.0,100.0,1
70.0,31.21,12.0,245.99999999999997,24.0,100.0,1
28.0,31.21,8.0,252.0,16.0,100.0,1
59.0,31.21,24.0,234.0,34.0,100.0,1
48.0,31.21,15.0,258.0,15.0,100.0,1
35.0,31.21,14.0,234.0,22.0,100.0,1
34.0,31.21,14.0,186.0,31.0,100.0,1
28.0,31.21,35.0,222.0,48.0,100.0,1
41.0,31.21,9.0,240.0,18.0,100.0,1
72.0,31.21,17.0,324.0,20.0,100.0,1
80.0,31.21,12.0,258.0,20.0,100.0,1
37.0,31.21,65.0,240.0,67.0,100.0,3
61.0,31.21,61.0,252.0,69.0,100.0,3
44.0,31.21,30.0,240.0,30.0,100.0,1
14.0,31.21,10.0,288.0,12.0,100.0,1
50.0,31.21,15.0,204.0,22.0,100.0,1
50.0,31.21,41.0,210.0,65.0,100.0,3
46.0,31.21,20.0,258.0,20.0,100.0,1
32.0,31.21,16.0,264.0,21.0,100.0,1
75.0,31.21,16.0,245.99999999999997,27.0,100.0,1
40.0,31.21,28.0,282.0,22.0,100.0,1
60.0,31.21,14.0,245.99999999999997,28.0,100.0,1
68.0,31.21,19.0,198.0,25.0,100.0,1
16.0,31.21,10.0,264.0,20.0,100.0,1
80.0,31.21,11.0,245.99999999999997,18.0,100.0,1
25.0,31.21,11.0,245.99999999999997,7.0,100.0,1
61.0,31.21,7.0,228.0,15.0,100.0,1
65.0,31.21,40.0,264.0,18.0,100.0,1
45.0,31.21,11.0,234.0,13.0,100.0,1
60.0,31.21,25.0,234.0,63.0,100.0,2
62.0,31.21,14.0,240.0,91.0,100.0,2
42.0,31.21,14.0,240.0,56.0,100.0,2
32.0,31.21,25.0,228.0,9.0,100.0,1
30.0,31.21,21.0,222.0,12.0,100.0,1
52.0,31.21,34.0,252.0,25.0,100.0,1
12.0,31.21,15.0,270.0,10.0,100.0,1
21.0,31.21,6.0,234.0,15.0,100.0,1
59.0,31.21,36.0,234.0,24.0,100.0,1
45.0,31.21,26.0,270.0,11.0,100.0,1
42.0,31.21,13.0,245.99999999999997,15.0,100.0,1
14.0,31.21,24.0,270.0,15.0,100.0,1
12.0,31.21,7.0,204.0,11.0,100.0,1
64.0,31.21,9.0,222.0,17.0,100.0,1
12.0,31.21,16.0,240.0,9.0,100.0,1
43.0,31.21,13.0,228.0,44.0,100.0,1
33.0,31.21,25.0,264.0,12.0,100.0,1
37.0,31.21,15.0,258.0,23.0,100.0,1
68.0,31.21,30.0,276.0,80.0,100.0,2
72.0,31.21,33.0,245.99999999999997,22.0,100.0,1
74.0,31.21,24.0,234.0,15.0,100.0,1
54.0,31.21,26.0,258.0,16.0,100.0,1
16.0,31.21,8.0,264.0,13.0,100.0,1
70.0,31.21,20.0,245.99999999999997,13.0,100.0,1
36.0,31.21,42.0,276.0,82.0,100.0,3
55.0,31.21,40.0,228.0,30.0,100.0,1
68.0,31.21,11.0,234.0,46.0,100.0,1
21.0,31.21,12.0,276.0,7.0,100.0,1
65.0,31.21,11.0,245.99999999999997,24.0,100.0,1
67.0,31.21,13.0,240.0,21.0,100.0,1
67.0,31.21,17.0,240.0,28.0,100.0,1
14.0,31.21,12.0,282.0,14.0,100.0,1
43.0,31.21,17.0,234.0,13.0,100.0,1
13.0,31.21,18.0,282.0,11.0,100.0,1
77.0,31.21,10.0,258.0,20.0,100.0,1
80.0,31.21,11.0,216.0,16.0,100.0,1
17.0,31.21,14.0,282.0,15.0,100.0,1
63.0,31.21,15.0,240.0,27.0,100.0,1
34.0,31.21,10.0,245.99999999999997,29.0,100.0,1
42.0,31.21,17.0,245.99999999999997,24.0,100.0,1
31.0,31.21,6.0,198.0,9.0,100.0,1
55.0,31.21,14.0,245.99999999999997,11.0,100.0,1
19.0,31.21,17.0,264.0,14.0,100.0,1
60.0,31.21,11.0,228.0,11.0,100.0,1
39.0,31.21,8.0,234.0,12.0,100.0,1
27.0,31.21,14.0,252.0,13.0,100.0,1
15.0,31.21,15.0,258.0,30.0,100.0,1
29.0,31.21,21.0,264.0,19.0,100.0,1
12.0,31.21,35.0,252.0,21.0,100.0,1
61.0,31.21,8.0,228.0,16.0,100.0,1
24.0,31.21,55.0,240.0,31.0,100.0,2
72.0,31.21,18.0,264.0,29.0,100.0,1
80.0,31.21,8.0,228.0,10.0,100.0,1
43.0,31.21,6.0,210.0,18.0,100.0,1
40.0,31.21,11.0,234.0,19.0,100.0,1
15.0,31.21,10.0,180.0,11.0,100.0,1
21.0,31.21,17.0,258.0,11.0,100.0,1
15.0,31.21,11.0,276.0,13.0,100.0,1
25.0,31.21,39.0,264.0,93.0,100.0,2
32.0,31.21,14.0,222.0,17.0,100.0,1
54.0,31.21,40.0,282.0,23.0,100.0,1
65.0,31.21,19.0,240.0,24.0,100.0,1
43.0,31.21,28.0,276.0,21.0,100.0,1
24.0,31.21,31.0,234.0,35.0,100.0,1
60.0,31.21,58.0,192.0,33.0,100.0,2
62.0,31.21,21.0,245.99999999999997,23.0,100.0,1
48.0,31.21,6.0,198.0,10.0,100.0,1
54.0,31.21,35.0,245.99999999999997,27.0,100.0,1
80.0,31.21,14.0,210.0,17.0,100.0,1
14.0,31.21,13.0,252.0,21.0,100.0,1
43.0,31.21,18.0,258.0,21.0,100.0,1
17.0,31.21,10.0,282.0,11.0,100.0,1
53.0,31.21,19.0,210.0,20.0,100.0,1
54.0,31.21,37.0,228.0,48.0,100.0,1
19.0,31.21,36.0,252.0,19.0,100.0,1
13.0,31.21,9.0,258.0,10.0,100.0,1
53.0,31.21,24.0,252.0,20.0,100.0,1
14.0,31.21,8.0,245.99999999999997,18.0,100.0,1
65.0,31.21,17.0,245.99999999999997,37.0,100.0,1
28.0,31.21,80.0,270.0,71.0,100.0,3
80.0,31.21,30.0,222.0,15.0,100.0,1
17.0,31.21,16.0,258.0,12.0,100.0,1
59.0,31.21,20.0,270.0,34.0,100.0,1
60.0,31.21,29.0,245.99999999999997,45.0,100.0,1
47.0,31.21,24.0,264.0,28.0,100.0,1
71.0,31.21,17.0,204.0,32.0,100.0,1
59.0,31.21,18.0,270.0,18.0,100.0,1
18.0,31.21,14.0,282.0,9.0,100.0,1
12.0,31.21,11.0,228.0,20.0,100.0,1
51.0,31.21,27.0,258.0,74.0,100.0,2
42.0,31.21,6.0,264.0,14.0,100.0,1
30.0,31.21,13.0,270.0,10.0,100.0,1
18.0,31.21,13.0,264.0,10.0,100.0,1
21.0,31.21,10.0,240.0,27.0,100.0,1
33.0,31.21,21.0,282.0,12.0,100.0,1
24.0,31.21,37.0,228.0,20.0,100.0,1
58.0,31.21,24.0,245.99999999999997,26.0,100.0,1
33.0,31.21,18.0,276.0,35.0,100.0,1
38.0,31.21,8.0,228.0,17.0,100.0,1
24.0,31.21,16.0,252.0,10.0,100.0,1
21.0,31.21,14.0,240.0,17.0,100.0,1
12.0,31.21,20.0,234.0,28.0,100.0,1
64.0,31.21,18.0,228.0,24.0,100.0,1
17.0,31.21,8.0,276.0,9.0,100.0,1
34.0,31.21,79.0,234.0,41.0,100.0,2
44.0,31.21,12.0,252.0,14.0,100.0,1
60.0,31.21,12.0,240.0,39.0,100.0,1
36.0,31.21,13.0,245.99999999999997,13.0,100.0,1
51.0,31.21,13.0,240.0,26.0,100.0,1
14.0,31.21,18.0,234.0,21.0,100.0,1
64.0,31.21,23.0,240.0,18.0,100.0,1
21.0,31.21,10.0,276.0,27.0,100.0,1
50.0,31.21,45.0,270.0,82.0,100.0,3
12.0,31.21,14.0,270.0,15.0,100.0,1
15.0,31.21,20.0,252.0,17.0,100.0,1
22.0,31.21,51.0,282.0,23.0,100.0,2
33.0,31.21,86.0,252.0,212.0,100.0,3
43.0,31.21,15.0,252.0,38.0,100.0,1
25.0,31.21,25.0,276.0,16.0,100.0,1
15.0,31.21,11.0,288.0,13.0,100.0,1
41.0,31.21,7.0,210.0,19.0,100.0,1
58.0,31.21,16.0,252.0,7.0,100.0,1
78.0,31.21,15.0,228.0,17.0,100.0,1
59.0,31.21,19.0,222.0,24.0,100.0,1
23.0,31.21,16.0,258.0,8.0,100.0,1
68.0,31.21,21.0,240.0,104.0,100.0,2
19.0,31.21,19.0,288.0,26.0,100.0,1
42.0,31.21,9.0,228.0,11.0,100.0,1
33.0,31.21,21.0,234.0,16.0,100.0,1
22.0,31.21,25.0,252.0,28.0,100.0,1
35.0,31.21,24.0,252.0,39.0,100.0,1
80.0,31.21,16.0,245.99999999999997,11.0,100.0,1
69.0,31.21,30.0,258.0,84.0,100.0,2
47.0,31.21,44.0,240.0,55.0,100.0,3
27.0,31.21,19.0,270.0,30.0,100.0,1
80.0,31.21,16.0,245.99999999999997,29.0,100.0,1
35.0,31.21,12.0,192.0,15.0,100.0,1
68.0,31.21,17.0,234.0,9.0,100.0,1
41.0,31.21,8.0,234.0,17.0,100.0,1
55.0,31.21,93.0,288.0,22.0,100.0,2
26.0,31.21,10.0,240.0,24.0,100.0,1
24.0,31.21,19.0,282.0,13.0,100.0,1
80.0,31.21,12.0,240.0,16.0,100.0,1
25.0,31.21,9.0,252.0,13.0,100.0,1
80.0,31.21,11.0,222.0,10.0,100.0,1
21.0,31.21,11.0,270.0,31.0,100.0,1
80.0,31.21,16.0,264.0,12.0,100.0,1
71.0,31.21,43.0,252.0,34.0,100.0,2
56.0,31.21,11.0,264.0,16.0,100.0,1
63.0,31.21,37.0,258.0,506.0,100.0,2
60.0,31.21,14.0,245.99999999999997,16.0,100.0,1
71.0,31.21,21.0,245.99999999999997,14.0,100.0,1
28.0,31.21,9.0,234.0,19.0,100.0,1
73.0,31.21,8.0,234.0,11.0,100.0,1
78.0,31.21,18.0,245.99999999999997,24.0,100.0,1
45.0,31.21,141.0,210.0,52.0,100.0,3
58.0,31.21,38.0,245.99999999999997,93.0,100.0,2
45.0,31.21,20.0,240.0,12.0,100.0,1
64.0,31.21,43.0,234.0,45.0,100.0,2
62.0,31.21,26.0,252.0,24.0,100.0,1
37.0,31.21,24.0,300.0,21.0,100.0,1
22.0,31.21,14.0,234.0,34.0,100.0,1
80.0,31.21,11.0,252.0,12.0,100.0,1
60.0,31.21,12.0,228.0,11.0,100.0,1
23.0,31.21,15.0,270.0,19.0,100.0,1
78.0,31.21,23.0,210.0,27.0,100.0,1
46.0,31.21,47.0,228.0,50.0,100.0,3
34.0,31.21,11.0,258.0,12.0,100.0,1
47.0,31.21,19.0,240.0,42.0,100.0,1
14.0,31.21,14.0,264.0,25.0,100.0,1
46.0,31.21,47.0,252.0,12.0,100.0,2
69.0,31.21,11.0,252.0,15.0,100.0,1
71.0,31.21,9.0,222.0,15.0,100.0,1
48.0,31.21,41.0,258.0,66.0,100.0,3
52.0,31.21,49.0,270.0,117.0,100.0,3
60.0,31.21,23.0,186.0,101.0,100.0,2
24.0,31.21,12.0,245.99999999999997,13.0,100.0,1
29.0,31.21,11.0,216.0,19.0,100.0,1
32.0,31.21,16.0,264.0,33.0,100.0,1
60.0,31.21,9.0,258.0,7.0,100.0,1
67.0,31.21,17.0,258.0,13.0,100.0,1
52.0,31.21,11.0,222.0,18.0,100.0,1
14.0,31.21,11.0,222.0,17.0,100.0,1
26.0,31.21,29.0,264.0,29.0,100.0,1
24.0,31.21,20.0,264.0,15.0,100.0,1
61.0,31.21,23.0,245.99999999999997,24.0,100.0,1
42.0,31.21,18.0,222.0,18.0,100.0,1
73.0,31.21,18.0,258.0,25.0,100.0,1
72.0,31.21,20.0,270.0,28.0,100.0,1
41.0,31.21,28.0,264.0,24.0,100.0,1
68.0,31.21,14.0,240.0,12.0,100.0,1
26.0,31.21,36.0,252.0,76.0,100.0,2
55.0,31.21,13.0,234.0,36.0,100.0,1
47.0,31.21,17.0,234.0,16.0,100.0,1
34.0,31.21,23.0,264.0,35.0,100.0,1
28.0,31.21,26.0,270.0,25.0,100.0,1
80.0,31.21,14.0,264.0,16.0,100.0,1
80.0,31.21,16.0,258.0,18.0,100.0,1
17.0,31.21,6.0,276.0,6.0,100.0,1
38.0,31.21,19.0,228.0,5.0,100.0,1
64.0,31.21,24.0,234.0,46.0,100.0,1
67.0,31.21,9.0,198.0,12.0,100.0,1
63.0,31.21,54.0,245.99999999999997,39.0,100.0,2
12.0,31.21,4.0,264.0,10.0,100.0,1
17.0,31.21,55.0,270.0,19.0,100.0,2
60.0,31.21,21.0,216.0,24.0,100.0,1
70.0,31.21,14.0,245.99999999999997,12.0,100.0,1
19.0,31.21,50.0,282.0,30.0,100.0,2
26.0,31.21,14.0,168.0,13.0,100.0,1
54.0,31.21,12.0,245.99999999999997,16.0,100.0,1
73.0,31.21,21.0,245.99999999999997,25.0,100.0,1
34.0,31.21,14.0,222.0,21.0,100.0,1
75.0,31.21,14.0,222.0,22.0,100.0,1
15.0,31.21,21.0,288.0,28.0,100.0,1
14.0,31.21,30.0,282.0,15.0,100.0,1
72.0,31.21,12.0,234.0,24.0,100.0,1
62.0,31.21,17.0,264.0,12.0,100.0,1
69.0,31.21,17.0,252.0,20.0,100.0,1
27.0,31.21,11.0,252.0,10.0,100.0,1
15.0,31.21,12.0,264.0,13.0,100.0,1
54.0,31.21,26.0,228.0,27.0,100.0,1
30.0,31.21,58.0,245.99999999999997,53.0,100.0,3
29.0,31.21,32.0,252.0,111.0,100.0,2
21.0,31.21,30.0,245.99999999999997,11.0,100.0,1
32.0,31.21,21.0,270.0,17.0,100.0,1
50.0,31.21,40.0,216.0,27.0,100.0,1
80.0,31.21,13.0,245.99999999999997,26.0,100.0,1
63.0,31.21,24.0,222.0,186.0,100.0,2
32.0,31.21,10.0,228.0,13.0,100.0,1
61.0,31.21,11.0,276.0,16.0,100.0,1
67.0,31.21,35.0,252.0,26.0,100.0,1
50.0,31.21,14.0,222.0,51.0,100.0,2
51.0,31.21,17.0,234.0,20.0,100.0,1
50.0,31.21,10.0,264.0,9.0,100.0,1
12.0,31.21,10.0,240.0,14.0,100.0,1
41.0,31.21,71.0,270.0,70.0,100.0,3
80.0,31.21,17.0,245.99999999999997,53.0,100.0,2
78.0,31.21,15.0,210.0,21.0,100.0,1
50.0,31.21,18.0,258.0,11.0,100.0,1
50.0,31.21,38.0,234.0,178.0,100.0,2
66.0,31.21,16.0,245.99999999999997,27.0,100.0,1
54.0,31.21,18.0,228.0,17.0,100.0,1
62.0,31.21,21.0,240.0,53.0,100.0,2
41.0,31.21,36.0,252.0,71.0,100.0,2
27.0,31.21,17.0,240.0,37.0,100.0,1
64.0,31.21,17.0,222.0,24.0,100.0,1
24.0,31.21,16.0,252.0,70.0,100.0,2
80.0,31.21,15.0,216.0,18.0,100.0,1
18.0,31.21,27.0,264.0,55.0,100.0,2
52.0,31.21,14.0,222.0,41.0,100.0,1
64.0,31.21,29.0,245.99999999999997,32.0,100.0,1
25.0,31.21,14.0,240.0,10.0,100.0,1
27.0,31.21,23.0,252.0,19.0,100.0,1
48.0,31.21,22.0,240.0,25.0,100.0,1
80.0,31.21,25.0,245.99999999999997,25.0,100.0,1
60.0,31.21,17.0,240.0,27.0,100.0,1
57.0,31.21,44.0,245.99999999999997,54.0,100.0,3
68.0,31.21,15.0,240.0,12.0,100.0,1
65.0,31.21,9.0,240.0,15.0,100.0,1
65.0,31.21,26.0,258.0,41.0,100.0,1
29.0,31.21,8.0,240.0,12.0,100.0,1
13.0,31.21,14.0,276.0,9.0,100.0,1
46.0,31.21,26.0,252.0,22.0,100.0,1
20.0,31.21,12.0,258.0,14.0,100.0,1
62.0,31.21,18.0,245.99999999999997,92.0,100.0,2
74.0,31.21,15.0,228.0,23.0,100.0,1
64.0,31.21,12.0,234.0,26.0,100.0,1
31.0,31.21,13.0,234.0,11.0,100.0,1
32.0,31.21,15.0,240.0,21.0,100.0,1
59.0,31.21,25.0,258.0,26.0,100.0,1
80.0,31.21,7.0,222.0,14.0,100.0,1
16.0,31.21,18.0,252.0,11.0,100.0,1
40.0,31.21,10.0,186.0,40.0,100.0,1
13.0,31.21,9.0,258.0,8.0,100.0,1
61.0,31.21,27.0,245.99999999999997,27.0,100.0,1
39.0,31.21,12.0,222.0,25.0,100.0,1
37.0,31.21,27.0,234.0,34.0,100.0,1
33.0,31.21,48.0,270.0,18.0,100.0,2
59.0,31.21,18.0,258.0,19.0,100.0,1
36.0,31.21,9.0,270.0,11.0,100.0,1
19.0,31.21,17.0,252.0,15.0,100.0,1
53.0,31.21,15.0,264.0,8.0,100.0,1
54.0,31.21,18.0,258.0,14.0,100.0,1
34.0,31.21,20.0,258.0,11.0,100.0,1
18.0,31.21,64.0,288.0,11.0,100.0,2
45.0,31.21,7.0,252.0,20.0,100.0,1
59.0,31.21,17.0,234.0,30.0,100.0,1
24.0,31.21,16.0,234.0,28.0,100.0,1
12.0,31.21,14.0,245.99999999999997,12.0,100.0,1
62.0,31.21,15.0,234.0,18.0,100.0,1
35.0,31.21,16.0,234.0,43.0,100.0,1
47.0,31.21,27.0,258.0,25.0,100.0,1
41.0,31.21,21.0,228.0,32.0,100.0,1
40.0,31.21,56.0,258.0,43.0,100.0,2
78.0,31.21,11.0,245.99999999999997,58.0,100.0,2
37.0,31.21,10.0,252.0,10.0,100.0,1
64.0,31.21,23.0,240.0,269.0,100.0,2
44.0,31.21,14.0,240.0,18.0,100.0,1
72.0,31.21,22.0,245.99999999999997,31.0,100.0,1
47.0,31.21,12.0,245.99999999999997,14.0,100.0,1
48.0,31.21,14.0,222.0,25.0,100.0,1
23.0,31.21,16.0,240.0,25.0,100.0,1
37.0,31.21,11.0,252.0,8.0,100.0,1
45.0,31.21,49.0,245.99999999999997,38.0,100.0,2
28.0,31.21,28.0,264.0,17.0,100.0,1
45.0,31.21,48.0,252.0,31.0,100.0,2
39.0,31.21,24.0,216.0,14.0,100.0,1
18.0,31.21,19.0,282.0,16.0,100.0,1
33.0,31.21,10.0,222.0,11.0,100.0,1
55.0,31.21,13.0,264.0,15.0,100.0,1
59.0,31.21,14.0,240.0,33.0,100.0,1
49.0,31.21,14.0,216.0,18.0,100.0,1
36.0,31.21,24.0,258.0,28.0,100.0,1
39.0,31.21,17.0,258.0,14.0,100.0,1
23.0,31.21,87.0,228.0,66.0,100.0,3
50.0,31.21,20.0,245.99999999999997,22.0,100.0,1
75.0,31.21,20.0,240.0,24.0,100.0,1
30.0,31.21,53.0,245.99999999999997,43.0,100.0,2
18.0,31.21,11.0,276.0,10.0,100.0,1
14.0,31.21,21.0,270.0,19.0,100.0,1
57.0,31.21,37.0,222.0,68.0,100.0,2
35.0,31.21,10.0,240.0,13.0,100.0,1
18.0,31.21,23.0,282.0,24.0,100.0,1
12.0,31.21,26.0,270.0,12.0,100.0,1
60.0,31.21,18.0,245.99999999999997,24.0,100.0,1
23.0,31.21,27.0,252.0,27.0,100.0,1
41.0,31.21,31.0,252.0,23.0,100.0,1
29.0,31.21,30.0,294.0,47.0,100.0,1
30.0,31.21,17.0,270.0,26.0,100.0,1
65.0,31.21,15.0,216.0,20.0,100.0,1
61.0,31.21,12.0,252.0,23.0,100.0,1
38.0,31.21,17.0,252.0,24.0,100.0,1
40.0,31.21,15.0,252.0,7.0,100.0,1
53.0,31.21,41.0,198.0,54.0,100.0,3
20.0,31.21,28.0,240.0,24.0,100.0,1
13.0,31.21,12.0,228.0,16.0,100.0,1
61.0,31.21,34.0,234.0,17.0,100.0,1
58.0,31.21,87.0,222.0,60.0,100.0,3
65.0,31.21,10.0,216.0,19.0,100.0,1
55.0,31.21,21.0,245.99999999999997,122.0,100.0,2
17.0,31.21,9.0,294.0,14.0,100.0,1
40.0,31.21,10.0,240.0,12.0,100.0,1
28.0,31.21,20.0,216.0,20.0,100.0,1
56.0,31.21,21.0,258.0,29.0,100.0,1
52.0,31.21,14.0,264.0,35.0,100.0,1
24.0,31.21,7.0,252.0,6.0,100.0,1
26.0,31.21,10.0,282.0,24.0,100.0,1
44.0,31.21,13.0,276.0,13.0,100.0,1
60.0,31.21,17.0,258.0,21.0,100.0,1
29.0,31.21,5.0,252.0,10.0,100.0,1
71.0,31.21,11.0,216.0,26.0,100.0,1
39.0,31.21,14.0,240.0,10.0,100.0,1
57.0,31.21,23.0,228.0,25.0,100.0,1
50.0,31.21,38.0,264.0,53.0,100.0,2
19.0,31.21,18.0,270.0,11.0,100.0,1
36.0,31.21,14.0,234.0,32.0,100.0,1
40.0,31.21,13.0,258.0,10.0,100.0,1
42.0,31.21,18.0,240.0,76.0,100.0,2
28.0,31.21,14.0,240.0,16.0,100.0,1
80.0,31.21,11.0,245.99999999999997,27.0,100.0,1
16.0,31.21,9.0,240.0,18.0,100.0,1
80.0,31.21,9.0,228.0,15.0,100.0,1
15.0,31.21,14.0,240.0,12.0,100.0,1
31.0,31.21,22.0,276.0,21.0,100.0,1
18.0,31.21,36.0,276.0,33.0,100.0,1
12.0,31.21,12.0,270.0,17.0,100.0,1
36.0,31.21,36.0,240.0,23.0,100.0,1
16.0,31.21,15.0,216.0,13.0,100.0,1
17.0,31.21,8.0,228.0,7.0,100.0,1
17.0,31.21,7.0,264.0,10.0,100.0,1
53.0,31.21,15.0,258.0,31.0,100.0,1
52.0,31.21,19.0,234.0,31.0,100.0,1
60.0,31.21,53.0,245.99999999999997,38.0,100.0,2
21.0,31.21,16.0,258.0,24.0,100.0,1
23.0,31.21,9.0,252.0,19.0,100.0,1
16.0,31.21,20.0,288.0,16.0,100.0,1
60.0,31.21,28.0,216.0,56.0,100.0,2
44.0,31.21,22.0,240.0,42.0,100.0,1
54.0,31.21,36.0,228.0,21.0,100.0,1
62.0,31.21,12.0,234.0,7.0,100.0,1
76.0,31.21,9.0,245.99999999999997,8.0,100.0,1
65.0,31.21,16.0,216.0,26.0,100.0,1
50.0,31.21,14.0,240.0,35.0,100.0,1
76.0,31.21,18.0,228.0,35.0,100.0,1
80.0,31.21,10.0,245.99999999999997,16.0,100.0,1
21.0,31.21,12.0,216.0,13.0,100.0,1
80.0,31.21,19.0,240.0,8.0,100.0,1
69.0,31.21,25.0,228.0,28.0,100.0,1
29.0,31.21,8.0,264.0,11.0,100.0,1
30.0,31.21,46.0,282.0,15.0,100.0,2
66.0,31.21,24.0,228.0,25.0,100.0,1
35.0,31.21,14.0,240.0,9.0,100.0,1
54.0,31.21,6.0,240.0,22.0,100.0,1
60.0,31.21,22.0,258.0,26.0,100.0,1
19.0,31.21,17.0,276.0,18.0,100.0,1
21.0,31.21,36.0,228.0,23.0,100.0,1
42.0,31.21,15.0,228.0,20.0,100.0,1
33.0,31.21,31.0,258.0,12.0,100.0,1
80.0,31.21,16.0,234.0,12.0,100.0,1
44.0,31.21,28.0,245.99999999999997,20.0,100.0,1
57.0,31.21,23.0,252.0,26.0,100.0,1
13.0,31.21,17.0,264.0,12.0,100.0,1
38.0,31.21,22.0,258.0,69.0,100.0,2
31.0,31.21,27.0,156.0,24.0,100.0,1
75.0,31.21,43.0,245.99999999999997,82.0,100.0,3
69.0,31.21,7.0,258.0,23.0,100.0,1
56.0,31.21,23.0,234.0,38.0,100.0,1
80.0,31.21,12.0,270.0,22.0,100.0,1
73.0,31.21,11.0,228.0,14.0,100.0,1
60.0,31.21,5.0,234.0,21.0,100.0,1
66.0,31.21,10.0,210.0,46.0,100.0,1
79.0,31.21,11.0,245.99999999999997,13.0,100.0,1
18.0,31.21,22.0,240.0,11.0,100.0,1
29.0,31.21,14.0,288.0,7.0,100.0,1
39.0,31.21,25.0,234.0,33.0,100.0,1
12.0,31.21,15.0,276.0,11.0,100.0,1
52.0,31.21,23.0,252.0,33.0,100.0,1
54.0,31.21,13.0,216.0,20.0,100.0,1
71.0,31.21,16.0,245.99999999999997,17.0,100.0,1
14.0,31.21,61.0,252.0,13.0,100.0,2
62.0,31.21,24.0,245.99999999999997,47.0,100.0,1
66.0,31.21,17.0,228.0,15.0,100.0,1
50.0,31.21,58.0,222.0,137.0,100.0,3
32.0,31.21,17.0,270.0,13.0,100.0,1
55.0,31.21,26.0,258.0,16.0,100.0,1
68.0,31.21,17.0,204.0,32.0,100.0,1
23.0,31.21,13.0,245.99999999999997,28.0,100.0,1
14.0,31.21,20.0,252.0,12.0,100.0,1
45.0,31.21,34.0,240.0,28.0,100.0,1
58.0,31.21,20.0,240.0,55.0,100.0,2
43.0,31.21,24.0,258.0,24.0,100.0,1
50.0,31.21,101.0,306.0,39.0,100.0,2
19.0,31.21,14.0,264.0,11.0,100.0,1
75.0,31.21,22.0,270.0,26.0,100.0,1
79.0,31.21,7.0,234.0,8.0,100.0,1
61.0,31.21,21.0,240.0,35.0,100.0,1
49.0,31.21,12.0,258.0,9.0,100.0,1
32.0,31.21,13.0,228.0,8.0,100.0,1
28.0,31.21,10.0,258.0,16.0,100.0,1
60.0,31.21,20.0,222.0,28.0,100.0,1
59.0,31.21,25.0,245.99999999999997,44.0,100.0,1
56.0,31.21,12.0,245.99999999999997,129.0,100.0,2
35.0,31.21,28.0,245.99999999999997,23.0,100.0,1
54.0,31.21,17.0,216.0,27.0,100.0,1
24.0,31.21,13.0,245.99999999999997,44.0,100.0,1
80.0,31.21,11.0,210.0,25.0,100.0,1
63.0,31.21,13.0,240.0,15.0,100.0,1
43.0,31.21,17.0,234.0,38.0,100.0,1
25.0,31.21,25.0,264.0,18.0,100.0,1
36.0,31.21,22.0,156.0,24.0,100.0,1
18.0,31.21,53.0,222.0,20.0,100.0,2
49.0,31.21,41.0,252.0,11.0,100.0,2
30.0,31.21,16.0,252.0,6.0,100.0,1
80.0,31.21,23.0,228.0,22.0,100.0,1
51.0,31.21,10.0,228.0,11.0,100.0,1
55.0,31.21,19.0,240.0,50.0,100.0,2
56.0,31.21,25.0,258.0,27.0,100.0,1
80.0,31.21,23.0,234.0,11.0,100.0,1
59.0,31.21,22.0,240.0,24.0,100.0,1
14.0,31.21,14.0,240.0,10.0,100.0,1
64.0,31.21,17.0,264.0,27.0,100.0,1
33.0,31.21,14.0,245.99999999999997,14.0,100.0,1
46.0,31.21,28.0,222.0,29.0,100.0,1
23.0,31.21,11.0,240.0,21.0,100.0,1
36.0,31.21,22.0,276.0,41.0,100.0,1
17.0,31.21,10.0,245.99999999999997,16.0,100.0,1
15.0,31.21,11.0,240.0,6.0,100.0,1
68.0,31.21,19.0,222.0,88.0,100.0,2
16.0,31.21,10.0,252.0,9.0,100.0,1
14.0,31.21,7.0,270.0,11.0,100.0,1
33.0,31.21,47.0,276.0,30.0,100.0,2
47.0,31.21,21.0,252.0,13.0,100.0,1
18.0,31.21,8.0,252.0,10.0,100.0,1
18.0,31.21,11.0,258.0,20.0,100.0,1
80.0,31.21,10.0,252.0,11.0,100.0,1
16.0,31.21,22.0,252.0,15.0,100.0,1
36.0,31.21,23.0,282.0,25.0,100.0,1
13.0,31.21,12.0,276.0,14.0,100.0,1
46.0,31.21,12.0,228.0,23.0,100.0,1
54.0,31.21,19.0,252.0,40.0,100.0,1
42.0,31.21,13.0,264.0,11.0,100.0,1
42.0,31.21,25.0,204.0,23.0,100.0,1
57.0,31.21,11.0,240.0,45.0,100.0,1
62.0,31.21,22.0,252.0,20.0,100.0,1
70.0,31.21,25.0,258.0,49.0,100.0,2
48.0,31.21,33.0,276.0,15.0,100.0,1
64.0,31.21,13.0,252.0,9.0,100.0,1
32.0,31.21,56.0,234.0,114.0,100.0,3
16.0,31.21,14.0,240.0,32.0,100.0,1
32.0,31.21,14.0,234.0,9.0,100.0,1
74.0,31.21,6.0,222.0,8.0,100.0,1
56.0,31.21,26.0,216.0,41.0,100.0,1
13.0,31.21,10.0,264.0,14.0,100.0,1
53.0,31.21,19.0,228.0,22.0,100.0,1
26.0,31.21,12.0,228.0,24.0,100.0,1
60.0,31.21,10.0,252.0,12.0,100.0,1
26.0,31.21,23.0,276.0,15.0,100.0,1
71.0,31.21,18.0,252.0,22.0,100.0,1
21.0,31.21,13.0,186.0,12.0,100.0,1
80.0,31.21,11.0,258.0,16.0,100.0,1
55.0,31.21,26.0,156.0,288.0,100.0,2
29.0,31.21,54.0,276.0,42.0,100.0,2
58.0,31.21,43.0,245.99999999999997,30.0,100.0,2
59.0,31.21,8.0,228.0,16.0,100.0,1
36.0,31.21,19.0,264.0,14.0,100.0,1
36.0,31.21,75.0,222.0,54.0,100.0,3
19.0,31.21,16.0,264.0,12.0,100.0,1
54.0,31.21,19.0,240.0,19.0,100.0,1
80.0,31.21,10.0,258.0,24.0,100.0,1
27.0,31.21,14.0,210.0,36.0,100.0,1
60.0,31.21,100.0,252.0,91.0,100.0,3
49.0,31.21,19.0,270.0,26.0,100.0,1
18.0,31.21,10.0,258.0,11.0,100.0,1
49.0,31.21,37.0,234.0,129.0,100.0,2
20.0,31.21,16.0,270.0,10.0,100.0,1
23.0,31.21,8.0,258.0,9.0,100.0,1
46.0,31.21,20.0,222.0,12.0,100.0,1
34.0,31.21,13.0,276.0,15.0,100.0,1
33.0,31.21,48.0,240.0,22.0,100.0,2
33.0,31.21,36.0,234.0,31.0,100.0,1
40.0,31.21,10.0,245.99999999999997,10.0,100.0,1
46.0,31.21,25.0,210.0,101.0,100.0,2
69.0,31.21,103.0,234.0,178.0,100.0,3
50.0,31.21,14.0,252.0,11.0,100.0,1
17.0,31.21,21.0,288.0,9.0,100.0,1
68.0,31.21,16.0,222.0,16.0,100.0,1
33.0,31.21,26.0,240.0,33.0,100.0,1
46.0,31.21,22.0,234.0,13.0,100.0,1
54.0,31.21,14.0,240.0,14.0,100.0,1
34.0,31.21,12.0,186.0,6.0,100.0,1
62.0,31.21,29.0,228.0,21.0,100.0,1
36.0,31.21,10.0,216.0,17.0,100.0,1
80.0,31.21,13.0,228.0,41.0,100.0,1
59.0,31.21,11.0,252.0,27.0,100.0,1
52.0,31.21,14.0,240.0,23.0,100.0,1
36.0,31.21,18.0,204.0,10.0,100.0,1
60.0,31.21,8.0,228.0,40.0,100.0,1
62.0,31.21,57.0,252.0,275.0,100.0,3
25.0,31.21,11.0,252.0,17.0,100.0,1
80.0,31.21,16.0,240.0,25.0,100.0,1
55.0,31.21,17.0,240.0,34.0,100.0,1
80.0,31.21,22.0,240.0,13.0,100.0,1
47.0,31.21,25.0,216.0,26.0,100.0,1
52.0,31.21,34.0,216.0,49.0,100.0,2
52.0,31.21,25.0,264.0,89.0,100.0,2
80.0,31.21,13.0,252.0,19.0,100.0,1
14.0,31.21,63.0,252.0,9.0,100.0,2
26.0,31.21,18.0,276.0,25.0,100.0,1
62.0,31.21,27.0,270.0,25.0,100.0,1
41.0,31.21,12.0,222.0,33.0,100.0,1
23.0,31.21,13.0,282.0,11.0,100.0,1
60.0,31.21,26.0,245.99999999999997,16.0,100.0,1
16.0,31.21,8.0,270.0,16.0,100.0,1
80.0,31.21,21.0,228.0,241.0,100.0,2
28.0,31.21,53.0,252.0,85.0,100.0,3
12.0,31.21,9.0,270.0,11.0,100.0,1
80.0,31.21,13.0,245.99999999999997,26.0,100.0,1
34.0,31.21,15.0,245.99999999999997,22.0,100.0,1
41.0,31.21,73.0,240.0,85.0,100.0,3
57.0,31.21,12.0,270.0,40.0,100.0,1
80.0,31.21,9.0,222.0,23.0,100.0,1
76.0,31.21,17.0,228.0,22.0,100.0,1
35.0,31.21,8.0,240.0,35.0,100.0,1
25.0,31.21,14.0,270.0,9.0,100.0,1
41.0,31.21,13.0,245.99999999999997,22.0,100.0,1
18.0,31.21,15.0,276.0,14.0,100.0,1
51.0,31.21,10.0,234.0,18.0,100.0,1
30.0,31.21,32.0,240.0,15.0,100.0,1
50.0,31.21,30.0,252.0,29.0,100.0,1
23.0,31.21,15.0,264.0,13.0,100.0,1
60.0,31.21,10.0,234.0,13.0,100.0,1
58.0,31.21,18.0,234.0,90.0,100.0,2
44.0,31.21,14.0,228.0,86.0,100.0,2
59.0,31.21,17.0,276.0,33.0,100.0,1
14.0,31.21,11.0,270.0,13.0,100.0,1
16.0,31.21,8.0,245.99999999999997,12.0,100.0,1
61.0,31.21,13.0,228.0,11.0,100.0,1
56.0,31.21,38.0,282.0,57.0,100.0,2
36.0,31.21,15.0,245.99999999999997,27.0,100.0,1
58.0,31.21,12.0,228.0,16.0,100.0,1
35.0,31.21,26.0,258.0,20.0,100.0,1
67.0,31.21,16.0,270.0,18.0,100.0,1
14.0,31.21,15.0,252.0,14.0,100.0,1
13.0,31.21,10.0,252.0,10.0,100.0,1
27.0,31.21,12.0,216.0,20.0,100.0,1
31.0,31.21,22.0,270.0,35.0,100.0,1
63.0,31.21,32.0,252.0,27.0,100.0,1
47.0,31.21,11.0,192.0,13.0,100.0,1
66.0,31.21,14.0,234.0,13.0,100.0,1
47.0,31.21,15.0,258.0,9.0,100.0,1
80.0,31.21,15.0,240.0,35.0,100.0,1
45.0,31.21,13.0,234.0,10.0,100.0,1
59.0,31.21,35.0,222.0,577.0,100.0,2
53.0,31.21,15.0,222.0,15.0,100.0,1
13.0,31.21,8.0,252.0,10.0,100.0,1
18.0,31.21,19.0,276.0,19.0,100.0,1
36.0,31.21,12.0,245.99999999999997,15.0,100.0,1
56.0,31.21,27.0,216.0,24.0,100.0,1
39.0,31.21,21.0,210.0,47.0,100.0,1
72.0,31.21,17.0,234.0,27.0,100.0,1
77.0,31.21,15.0,240.0,16.0,100.0,1
31.0,31.21,7.0,258.0,21.0,100.0,1
61.0,31.21,18.0,245.99999999999997,12.0,100.0,1
56.0,31.21,8.0,240.0,12.0,100.0,1
80.0,31.21,21.0,245.99999999999997,20.0,100.0,1
30.0,31.21,10.0,264.0,19.0,100.0,1
57.0,31.21,18.0,240.0,97.0,100.0,2
25.0,31.21,8.0,240.0,12.0,100.0,1
47.0,31.21,24.0,228.0,29.0,100.0,1
12.0,31.21,10.0,270.0,7.0,100.0,1
69.0,31.21,22.0,252.0,35.0,100.0,1
79.0,31.21,9.0,234.0,18.0,100.0,1
75.0,31.21,28.0,245.99999999999997,27.0,100.0,1
14.0,31.21,9.0,264.0,7.0,100.0,1
76.0,31.21,25.0,192.0,34.0,100.0,1
22.0,31.21,16.0,282.0,10.0,100.0,1
54.0,31.21,22.0,228.0,27.0,100.0,1
60.0,31.21,19.0,216.0,10.0,100.0,1
21.0,31.21,7.0,210.0,9.0,100.0,1
74.0,31.21,21.0,252.0,14.0,100.0,1
29.0,31.21,14.0,234.0,17.0,100.0,1
55.0,31.21,20.0,276.0,20.0,100.0,1
22.0,31.21,13.0,258.0,21.0,100.0,1
80.0,31.21,24.0,245.99999999999997,49.0,100.0,2
42.0,31.21,22.0,252.0,30.0,100.0,1
58.0,31.21,20.0,245.99999999999997,46.0,100.0,1
24.0,31.21,12.0,252.0,9.0,100.0,1
27.0,31.21,29.0,228.0,40.0,100.0,1
37.0,31.21,20.0,252.0,48.0,100.0,1
46.0,31.21,10.0,245.99999999999997,32.0,100.0,1
66.0,31.21,11.0,252.0,17.0,100.0,1
21.0,31.21,12.0,264.0,7.0,100.0,1
80.0,31.21,10.0,222.0,32.0,100.0,1
38.0,31.21,21.0,240.0,52.0,100.0,2
26.0,31.21,20.0,252.0,22.0,100.0,1
17.0,31.21,6.0,264.0,15.0,100.0,1
30.0,31.21,9.0,245.99999999999997,11.0,100.0,1
65.0,31.21,14.0,234.0,18.0,100.0,1
52.0,31.21,13.0,258.0,9.0,100.0,1
46.0,31.21,15.0,234.0,38.0,100.0,1
68.0,31.21,78.0,186.0,123.0,100.0,3
62.0,31.21,23.0,245.99999999999997,30.0,100.0,1
18.0,31.21,14.0,234.0,17.0,100.0,1
52.0,31.21,24.0,258.0,24.0,100.0,1
37.0,31.21,11.0,234.0,14.0,100.0,1
65.0,31.21,25.0,222.0,23.0,100.0,1
17.0,31.21,10.0,245.99999999999997,9.0,100.0,1
55.0,31.21,13.0,240.0,10.0,100.0,1
59.0,31.21,13.0,240.0,9.0,100.0,1
74.0,31.21,22.0,252.0,14.0,100.0,1
18.0,31.21,14.0,240.0,22.0,100.0,1
44.0,31.21,31.0,258.0,36.0,100.0,1
73.0,31.21,24.0,222.0,28.0,100.0,1
19.0,31.21,11.0,252.0,18.0,100.0,1
47.0,31.21,76.0,252.0,80.0,100.0,3
35.0,31.21,22.0,258.0,52.0,100.0,2
28.0,31.21,48.0,270.0,37.0,100.0,2
19.0,31.21,11.0,276.0,8.0,100.0,1
69.0,31.21,17.0,234.0,30.0,100.0,1
32.0,31.21,6.0,245.99999999999997,12.0,100.0,1
46.0,31.21,13.0,264.0,14.0,100.0,1
59.0,31.21,16.0,264.0,12.0,100.0,1
18.0,31.21,7.0,240.0,10.0,100.0,1
19.0,31.21,18.0,252.0,19.0,100.0,1
28.0,31.21,16.0,216.0,24.0,100.0,1
26.0,31.21,11.0,234.0,16.0,100.0,1
80.0,31.21,12.0,216.0,20.0,100.0,1
18.0,31.21,13.0,258.0,19.0,100.0,1
27.0,31.21,29.0,282.0,43.0,100.0,1
49.0,31.21,12.0,180.0,45.0,100.0,1
14.0,31.21,10.0,240.0,10.0,100.0,1
55.0,31.21,34.0,240.0,16.0,100.0,1
54.0,31.21,19.0,252.0,27.0,100.0,1
48.0,31.21,12.0,228.0,28.0,100.0,1
51.0,31.21,35.0,228.0,40.0,100.0,1
18.0,31.21,14.0,276.0,19.0,100.0,1
71.0,31.21,10.0,240.0,35.0,100.0,1
57.0,31.21,11.0,258.0,5.0,100.0,1
52.0,31.21,17.0,240.0,28.0,100.0,1
63.0,31.21,17.0,240.0,25.0,100.0,1
23.0,31.21,12.0,276.0,9.0,100.0,1
65.0,31.21,23.0,240.0,37.0,100.0,1
41.0,31.21,9.0,270.0,8.0,100.0,1
76.0,31.21,10.0,234.0,11.0,100.0,1
80.0,31.21,22.0,294.0,11.0,100.0,1
67.0,31.21,21.0,245.99999999999997,19.0,100.0,1
15.0,31.21,26.0,300.0,12.0,100.0,1
45.0,31.21,8.0,204.0,23.0,100.0,1
16.0,31.21,10.0,264.0,9.0,100.0,1
15.0,31.21,10.0,258.0,9.0,100.0,1
62.0,31.21,11.0,240.0,64.0,100.0,2
51.0,31.21,15.0,264.0,19.0,100.0,1
50.0,31.21,21.0,222.0,13.0,100.0,1
29.0,31.21,39.0,252.0,17.0,100.0,1
37.0,31.21,53.0,252.0,93.0,100.0,3
63.0,31.21,19.0,258.0,32.0,100.0,1
28.0,31.21,58.0,258.0,164.0,100.0,3
25.0,31.21,13.0,234.0,19.0,100.0,1
15.0,31.21,11.0,264.0,14.0,100.0,1
15.0,31.21,15.0,282.0,17.0,100.0,1
80.0,31.21,12.0,234.0,57.0,100.0,2
51.0,31.21,33.0,252.0,99.0,100.0,2
33.0,31.21,33.0,276.0,44.0,100.0,1
31.0,31.21,16.0,240.0,28.0,100.0,1
65.0,31.21,19.0,228.0,58.0,100.0,2
80.0,31.21,6.0,245.99999999999997,8.0,100.0,1
18.0,31.21,29.0,270.0,29.0,100.0,1
17.0,31.21,12.0,264.0,12.0,100.0,1
22.0,31.21,7.0,234.0,9.0,100.0,1
80.0,31.21,10.0,228.0,12.0,100.0,1
31.0,31.21,23.0,245.99999999999997,20.0,100.0,1
80.0,31.21,38.0,245.99999999999997,107.0,100.0,2
23.0,31.21,29.0,210.0,9.0,100.0,1
52.0,31.21,21.0,228.0,20.0,100.0,1
51.0,31.21,11.0,234.0,34.0,100.0,1
59.0,31.21,14.0,198.0,25.0,100.0,1
45.0,31.21,33.0,240.0,41.0,100.0,1
80.0,31.21,13.0,245.99999999999997,15.0,100.0,1
46.0,31.21,29.0,252.0,44.0,100.0,1
27.0,31.21,16.0,264.0,19.0,100.0,1
65.0,31.21,16.0,222.0,15.0,100.0,1
13.0,31.21,14.0,245.99999999999997,15.0,100.0,1
63.0,31.21,14.0,186.0,14.0,100.0,1
13.0,31.21,16.0,245.99999999999997,13.0,100.0,1
63.0,31.21,14.0,245.99999999999997,15.0,100.0,1
74.0,31.21,14.0,252.0,20.0,100.0,1
39.0,31.21,25.0,240.0,56.0,100.0,2
16.0,31.21,10.0,282.0,10.0,100.0,1
63.0,31.21,14.0,222.0,17.0,100.0,1
66.0,31.21,10.0,228.0,19.0,100.0,1
43.0,31.21,25.0,222.0,34.0,100.0,1
18.0,31.21,27.0,270.0,25.0,100.0,1
58.0,31.21,22.0,216.0,53.0,100.0,2
56.0,31.21,12.0,258.0,9.0,100.0,1
54.0,31.21,12.0,245.99999999999997,20.0,100.0,1
80.0,31.21,14.0,198.0,9.0,100.0,1
24.0,31.21,23.0,258.0,26.0,100.0,1
30.0,31.21,15.0,210.0,12.0,100.0,1
14.0,31.21,15.0,288.0,8.0,100.0,1
75.0,31.21,17.0,245.99999999999997,18.0,100.0,1
35.0,31.21,19.0,258.0,55.0,100.0,2
21.0,31.21,16.0,252.0,49.0,100.0,2
15.0,31.21,9.0,264.0,10.0,100.0,1
78.0,31.21,15.0,240.0,21.0,100.0,1
80.0,31.21,12.0,234.0,10.0,100.0,1
43.0,31.21,36.0,270.0,16.0,100.0,1
33.0,31.21,14.0,240.0,9.0,100.0,1
50.0,31.21,14.0,258.0,18.0,100.0,1
47.0,31.21,9.0,276.0,6.0,100.0,1
14.0,31.21,19.0,270.0,12.0,100.0,1
15.0,31.21,12.0,222.0,5.0,100.0,1
14.0,31.21,17.0,240.0,12.0,100.0,1
28.0,31.21,12.0,245.99999999999997,14.0,100.0,1
51.0,31.21,34.0,234.0,29.0,100.0,1
25.0,31.21,6.0,245.99999999999997,16.0,100.0,1
17.0,31.21,9.0,288.0,7.0,100.0,1
16.0,31.21,29.0,282.0,17.0,100.0,1
54.0,31.21,13.0,258.0,11.0,100.0,1
48.0,31.21,26.0,258.0,69.0,100.0,2
54.0,31.21,85.0,245.99999999999997,61.0,100.0,3
37.0,31.21,16.0,240.0,14.0,100.0,1
36.0,31.21,35.0,174.0,32.0,100.0,1
20.0,31.21,24.0,264.0,37.0,100.0,1
80.0,31.21,21.0,245.99999999999997,20.0,100.0,1
67.0,31.21,41.0,228.0,22.0,100.0,2
18.0,31.21,12.0,234.0,12.0,100.0,1
60.0,31.21,19.0,264.0,22.0,100.0,1
28.0,31.21,45.0,252.0,54.0,100.0,3
39.0,31.21,15.0,258.0,15.0,100.0,1
32.0,31.21,20.0,258.0,10.0,100.0,1
35.0,31.21,37.0,282.0,49.0,100.0,2
66.0,31.21,12.0,222.0,43.0,100.0,1
61.0,31.21,18.0,222.0,43.0,100.0,1
55.0,31.21,17.0,270.0,38.0,100.0,1
80.0,31.21,7.0,234.0,9.0,100.0,1
46.0,31.21,19.0,252.0,10.0,100.0,1
46.0,31.21,18.0,228.0,30.0,100.0,1
44.0,31.21,16.0,245.99999999999997,13.0,100.0,1
23.0,31.21,19.0,252.0,14.0,100.0,1
56.0,31.21,24.0,228.0,33.0,100.0,1
76.0,31.21,21.0,216.0,93.0,100.0,2
62.0,31.21,97.0,222.0,79.0,100.0,3
43.0,31.21,13.0,252.0,18.0,100.0,1
64.0,31.21,14.0,222.0,43.0,100.0,1
52.0,31.21,25.0,240.0,30.0,100.0,1
67.0,31.21,29.0,222.0,56.0,100.0,2
40.0,31.21,19.0,234.0,25.0,100.0,1
63.0,31.21,13.0,216.0,18.0,100.0,1
74.0,31.21,17.0,228.0,20.0,100.0,1
